Workbook

Sheet 缺货汇总
A1: 数据日期 | B1: 物料号 | C1: 物料名称 | D1: 品牌 | E1: 产品分类 | F1: ABC分类 | G1: 大仓库存箱数 | H1: 大仓供应情况 | I1: RDC缺货总支数 | J1: RDC缺货总金额 | K1: RDC缺货总箱数 | L1: RD在途总箱数 | M1: 涉及RDC数量 | N1: 华北RDC | P1: 西南RDC | R1: 东北RDC | T1: 华中RDC | V1: 华南RDC | X1: 华东RDC | Z1: 西北RDC
N2: 缺货箱数 | O2: 在途箱数 | P2: 缺货箱数 | Q2: 在途箱数 | R2: 缺货箱数 | S2: 在途箱数 | T2: 缺货箱数 | U2: 在途箱数 | V2: 缺货箱数 | W2: 在途箱数 | X2: 缺货箱数 | Y2: 在途箱数 | Z2: 缺货箱数 | AA2: 在途箱数
A3: 46274 | B3: 10302 | C3: 高夫净源控油清爽洁面膏100G | D3: 高夫 | E3: 常规品 | F3: A | G3: 6 | I3: 10800 | J3: 35985.6 | K3: 225 | L3: 625 | M3: 6 | N3: 2 | O3: 65 | P3: 10 | Q3: 45 | R3: 26 | S3: 95 | T3: 110 | U3: 210 | V3: 39 | W3: 45 | X3: 0 | Y3: 0 | Z3: 38 | AA3: 165
A4: 46274 | B4: 89025 | C4: 雅霜80G | D4: 传统 | E4: 常规品 | F4: A | G4: 21308 | I4: 14760 | J4: 29505.24 | K4: 246 | L4: 58 | M4: 2 | N4: 224 | O4: 0 | P4: 0 | Q4: 0 | R4: 0 | S4: 0 | T4: 0 | U4: 0 | V4: 0 | W4: 0 | X4: 0 | Y4: 0 | Z4: 22 | AA4: 58
A5: 46274 | B5: 40262 | C5: 家安薏米高效餐具净1.18KG | D5: 家安 | E5: 常规品 | F5: C | G5: 1 | H5: 整体缺货 | I5: 4136 | J5: 24183.192 | K5: 517 | L5: 235 | M5: 1 | N5: 0 | O5: 0 | P5: 0 | Q5: 0 | R5: 517 | S5: 235 | T5: 0 | U5: 0 | V5: 0 | W5: 0 | X5: 0 | Y5: 0 | Z5: 0 | AA5: 0
A6: 46274 | B6: 10304 | C6: 高夫净源控油磨砂洁面乳100G | D6: 高夫 | E6: 常规品 | F6: A | G6: 0 | H6: 整体缺货 | I6: 5136 | J6: 17960.592 | K6: 107 | L6: 0 | M6: 4 | N6: 1 | O6: 0 | P6: 9 | Q6: 0 | R6: 0 | S6: 0 | T6: 79 | U6: 0 | V6: 18 | W6: 0 | X6: 0 | Y6: 0 | Z6: 0 | AA6: 0
A7: 46274 | B7: 81011 | C7: 40.5G大号友谊护肤脂 | D7: 传统 | E7: 常规品 | F7: A | G7: 3011 | I7: 11400 | J7: 14478 | K7: 57 | L7: 45 | M7: 1 | N7: 0 | O7: 0 | P7: 0 | Q7: 0 | R7: 0 | S7: 0 | T7: 0 | U7: 0 | V7: 57 | W7: 45 | X7: 0 | Y7: 0 | Z7: 0 | AA7: 0
A8: 46274 | B8: 36467 | C8: 启初宝宝洗发沐浴露620ML | D8: 启初 | E8: 常规品 | F8: B | G8: 0 | H8: 整体缺货 | I8: 1104 | J8: 10907.52 | K8: 138 | L8: 0 | M8: 4 | N8: 0 | O8: 0 | P8: 1 | Q8: 0 | R8: 0 | S8: 0 | T8: 65 | U8: 0 | V8: 68 | W8: 0 | X8: 0 | Y8: 0 | Z8: 4 | AA8: 0
A9: 46274 | B9: 72148 | C9: 六神清爽香氛沐浴露（雨后栀子香型）100G | D9: 六神 | E9: 常规品 | F9: A | G9: 975 | I9: 3288 | J9: 8732.928 | K9: 137 | L9: 0 | M9: 1 | N9: 0 | O9: 0 | P9: 0 | Q9: 0 | R9: 0 | S9: 0 | T9: 137 | U9: 0 | V9: 0 | W9: 0 | X9: 0 | Y9: 0 | Z9: 0 | AA9: 0
A10: 46274 | B10: 36299 | C10: 启初婴儿多效倍润面霜40G送启初婴儿水嫩保湿露60ML | D10: 启初 | E10: 促销装 | F10: C | G10: 432 | I10: 768 | J10: 7282.944 | K10: 32 | L10: 26 | M10: 1 | N10: 0 | O10: 0 | P10: 0 | Q10: 0 | R10: 0 | S10: 0 | T10: 32 | U10: 26 | V10: 0 | W10: 0 | X10: 0 | Y10: 0 | Z10: 0 | AA10: 0
A11: 46274 | B11: 72141 | C11: 六神清爽香氛沐浴露（雨后栀子香型）620G | D11: 六神 | E11: 常规品 | F11: A | G11: 0 | H11: 整体缺货 | I11: 590 | J11: 5026.8 | K11: 59 | L11: 20 | M11: 2 | N11: 0 | O11: 0 | P11: 8 | Q11: 0 | R11: 0 | S11: 0 | T11: 51 | U11: 20 | V11: 0 | W11: 0 | X11: 0 | Y11: 0 | Z11: 0 | AA11: 0
A12: 46274 | B12: 10303 | C12: 高夫净源控油舒缓洁面乳100G | D12: 高夫 | E12: 常规品 | F12: A | G12: 1 | H12: 整体缺货 | I12: 1488 | J12: 4874.688 | K12: 31 | L12: 0 | M12: 1 | N12: 0 | O12: 0 | P12: 0 | Q12: 0 | R12: 0 | S12: 0 | T12: 31 | U12: 0 | V12: 0 | W12: 0 | X12: 0 | Y12: 0 | Z12: 0 | AA12: 0
A13: 46274 | B13: 36348 | C13: 启初幼儿洗发沐浴露（好奇宝宝）580ML | D13: 启初 | E13: 常规品 | F13: C | G13: 126 | I13: 300 | J13: 3988.8 | K13: 25 | L13: 49 | M13: 1 | N13: 0 | O13: 0 | P13: 0 | Q13: 0 | R13: 0 | S13: 0 | T13: 25 | U13: 49 | V13: 0 | W13: 0 | X13: 0 | Y13: 0 | Z13: 0 | AA13: 0
A14: 46274 | B14: 36266 | C14: 启初婴儿水润保湿面霜40G | D14: 启初 | E14: 常规品 | F14: A | G14: 1208 | I14: 936 | J14: 3975.192 | K14: 39 | L14: 73 | M14: 1 | N14: 0 | O14: 0 | P14: 0 | Q14: 0 | R14: 0 | S14: 0 | T14: 0 | U14: 0 | V14: 39 | W14: 73 | X14: 0 | Y14: 0 | Z14: 0 | AA14: 0
A15: 46274 | B15: 72139 | C15: 六神清爽香氛沐浴露（深海龙涎香型）620G | D15: 六神 | E15: 常规品 | F15: A | G15: 2 | I15: 360 | J15: 3672.36 | K15: 36 | L15: 42 | M15: 2 | N15: 21 | O15: 12 | P15: 0 | Q15: 0 | R15: 0 | S15: 0 | T15: 15 | U15: 30 | V15: 0 | W15: 0 | X15: 0 | Y15: 0 | Z15: 0 | AA15: 0
A16: 46274 | B16: 20918 | C16: 六神清香爽肤沐浴露700G惊爆价 | D16: 六神 | E16: 常规品 | F16: A | G16: 9939 | I16: 544 | J16: 3207.424 | K16: 68 | L16: 56 | M16: 3 | N16: 0 | O16: 0 | P16: 57 | Q16: 55 | R16: 0 | S16: 0 | T16: 0 | U16: 0 | V16: 10 | W16: 0 | X16: 0 | Y16: 0 | Z16: 1 | AA16: 1
A17: 46274 | B17: 20871 | C17: 六神清凉保湿双支装（清凉+清新）700G*2 | D17: 六神 | E17: 促销装 | F17: C | G17: 6688 | I17: 144 | J17: 2397.888 | K17: 36 | L17: 40 | M17: 2 | N17: 0 | O17: 0 | P17: 0 | Q17: 0 | R17: 0 | S17: 0 | T17: 10 | U17: 40 | V17: 26 | W17: 0 | X17: 0 | Y17: 0 | Z17: 0 | AA17: 0
A18: 46274 | B18: 89008 | C18: 雅霜50G | D18: 传统 | E18: 常规品 | F18: C | G18: 1304 | I18: 4500 | J18: 2313 | K18: 15 | L18: 0 | M18: 1 | N18: 0 | O18: 0 | P18: 0 | Q18: 0 | R18: 0 | S18: 0 | T18: 15 | U18: 0 | V18: 0 | W18: 0 | X18: 0 | Y18: 0 | Z18: 0 | AA18: 0
A19: 46274 | B19: 72092 | C19: 六神20%羟哌酯驱蚊花露水（雨后栀子）中样10ML | D19: 六神 | E19: 非卖品 | F19: A | G19: 316 | I19: 960 | J19: 2233.92 | K19: 10 | L19: 10 | M19: 1 | N19: 0 | O19: 0 | P19: 0 | Q19: 0 | R19: 0 | S19: 0 | T19: 10 | U19: 10 | V19: 0 | W19: 0 | X19: 0 | Y19: 0 | Z19: 0 | AA19: 0
A20: 46274 | B20: 09805 | C20: 美加净滋润修护型护手霜75G | D20: 美加净 | E20: 常规品 | F20: C | G20: 1 | H20: 整体缺货 | I20: 1152 | J20: 2062.08 | K20: 32 | L20: 17 | M20: 1 | N20: 0 | O20: 0 | P20: 0 | Q20: 0 | R20: 0 | S20: 0 | T20: 32 | U20: 17 | V20: 0 | W20: 0 | X20: 0 | Y20: 0 | Z20: 0 | AA20: 0
A21: 46274 | B21: 09711 | C21: 美加净银耳珍珠维生素C菁华莹亮凝露100ML | D21: 美加净 | E21: 常规品 | F21: B | G21: 0 | H21: 整体缺货 | I21: 912 | J21: 2045.616 | K21: 19 | L21: 0 | M21: 3 | N21: 2 | O21: 0 | P21: 8 | Q21: 0 | R21: 0 | S21: 0 | T21: 9 | U21: 0 | V21: 0 | W21: 0 | X21: 0 | Y21: 0 | Z21: 0 | AA21: 0
A22: 46274 | B22: 10134 | C22: 高夫锐智多效尊享护肤三部曲礼盒120G+75ML+75ML+15ML*3+25G | D22: 高夫 | E22: 促销装 | F22: B | G22: 161 | I22: 35 | J22: 1933.155 | K22: 5 | L22: 0 | M22: 1 | N22: 0 | O22: 0 | P22: 0 | Q22: 0 | R22: 0 | S22: 0 | T22: 0 | U22: 0 | V22: 0 | W22: 0 | X22: 0 | Y22: 0 | Z22: 5 | AA22: 0
A23: 46274 | B23: 72140 | C23: 六神清爽香氛沐浴露（山野青柚香型）620G | D23: 六神 | E23: 常规品 | F23: A | G23: 1145 | I23: 170 | J23: 1823.25 | K23: 17 | L23: 11 | M23: 1 | N23: 0 | O23: 0 | P23: 0 | Q23: 0 | R23: 0 | S23: 0 | T23: 17 | U23: 11 | V23: 0 | W23: 0 | X23: 0 | Y23: 0 | Z23: 0 | AA23: 0
A24: 46274 | B24: 20877 | C24: 六神清凉爽肤沐浴露750G | D24: 六神 | E24: 常规品 | F24: A | G24: 3508 | I24: 272 | J24: 1723.664 | K24: 34 | L24: 48 | M24: 1 | N24: 0 | O24: 0 | P24: 0 | Q24: 0 | R24: 0 | S24: 0 | T24: 34 | U24: 48 | V24: 0 | W24: 0 | X24: 0 | Y24: 0 | Z24: 0 | AA24: 0
A25: 46274 | B25: 30155 | C25: 高夫古龙水 | D25: 高夫 | E25: 常规品 | F25: A | G25: 20 | I25: 108 | J25: 1621.836 | K25: 3 | L25: 0 | M25: 1 | N25: 0 | O25: 0 | P25: 0 | Q25: 0 | R25: 0 | S25: 0 | T25: 0 | U25: 0 | V25: 0 | W25: 0 | X25: 0 | Y25: 0 | Z25: 3 | AA25: 0
A26: 46274 | B26: 40324 | C26: 家安酵素净护洗衣液-阳光净菌1KG | D26: 家安 | E26: 常规品 | F26: B | G26: 6993 | I26: 240 | J26: 1496.88 | K26: 30 | L26: 169 | M26: 1 | N26: 0 | O26: 0 | P26: 0 | Q26: 0 | R26: 30 | S26: 169 | T26: 0 | U26: 0 | V26: 0 | W26: 0 | X26: 0 | Y26: 0 | Z26: 0 | AA26: 0
A27: 46274 | B27: 83001 | C27: 春蕾发乳95G | D27: 传统 | E27: 常规品 | F27: C | G27: 387 | I27: 720 | J27: 1404 | K27: 6 | L27: 25 | M27: 1 | N27: 6 | O27: 25 | P27: 0 | Q27: 0 | R27: 0 | S27: 0 | T27: 0 | U27: 0 | V27: 0 | W27: 0 | X27: 0 | Y27: 0 | Z27: 0 | AA27: 0
A28: 46274 | B28: 08472 | C28: 美加净营养发乳(100G) | D28: 美加净 | E28: 常规品 | F28: C | G28: 266 | I28: 640 | J28: 1381.76 | K28: 8 | L28: 0 | M28: 1 | N28: 0 | O28: 0 | P28: 0 | Q28: 0 | R28: 0 | S28: 0 | T28: 8 | U28: 0 | V28: 0 | W28: 0 | X28: 0 | Y28: 0 | Z28: 0 | AA28: 0
A29: 46274 | B29: 19723 | C29: 195ML上海花露水 | D29: 上海 | E29: 常规品 | F29: A | G29: 9645 | I29: 600 | J29: 1356 | K29: 20 | L29: 10 | M29: 1 | N29: 0 | O29: 0 | P29: 0 | Q29: 0 | R29: 20 | S29: 10 | T29: 0 | U29: 0 | V29: 0 | W29: 0 | X29: 0 | Y29: 0 | Z29: 0 | AA29: 0
A30: 46274 | B30: 20869 | C30: 六神菁萃沐浴露双支特惠装（温润+舒缓）700G*2 | D30: 六神 | E30: 促销装 | F30: C | G30: 1222 | I30: 60 | J30: 1343.4 | K30: 15 | L30: 44 | M30: 1 | N30: 0 | O30: 0 | P30: 0 | Q30: 0 | R30: 0 | S30: 0 | T30: 15 | U30: 44 | V30: 0 | W30: 0 | X30: 0 | Y30: 0 | Z30: 0 | AA30: 0
A31: 46274 | B31: 40336 | C31: 家安酵素净护洗衣皂-超凡净透（三块装）202GX3 | D31: 家安 | E31: 常规品 | F31: A | G31: 15149 | I31: 252 | J31: 1212.624 | K31: 21 | L31: 1116 | M31: 1 | N31: 21 | O31: 1116 | P31: 0 | Q31: 0 | R31: 0 | S31: 0 | T31: 0 | U31: 0 | V31: 0 | W31: 0 | X31: 0 | Y31: 0 | Z31: 0 | AA31: 0
A32: 46274 | B32: 72123 | C32: 六神冰凉劲爽沐浴露700G 惊爆价700G | D32: 六神 | E32: 常规品 | F32: B | G32: 5878 | I32: 192 | J32: 1211.328 | K32: 24 | L32: 0 | M32: 2 | N32: 0 | O32: 0 | P32: 2 | Q32: 0 | R32: 0 | S32: 0 | T32: 22 | U32: 0 | V32: 0 | W32: 0 | X32: 0 | Y32: 0 | Z32: 0 | AA32: 0
A33: 46274 | B33: 20812 | C33: 六神舒缓健肤沐浴露（加量装）750ML | D33: 六神 | E33: 促销装 | F33: C | G33: 452 | I33: 120 | J33: 1193.28 | K33: 15 | L33: 15 | M33: 1 | N33: 0 | O33: 0 | P33: 15 | Q33: 15 | R33: 0 | S33: 0 | T33: 0 | U33: 0 | V33: 0 | W33: 0 | X33: 0 | Y33: 0 | Z33: 0 | AA33: 0
... A36: 46274 | B36: 40266 | C36: 家安米精华餐具净（两瓶装）752G*2 | D36: 家安 | E36: 促销装 | F36: C | G36: 104 | I36: 90 | J36: 872.55 | K36: 15 | L36: 15 | M36: 1 | N36: 0 | O36: 0 | P36: 15 | Q36: 15 | R36: 0 | S36: 0 | T36: 0 | U36: 0 | V36: 0 | W36: 0 | X36: 0 | Y36: 0 | Z36: 0 | AA36: 0
A37: 46274 | B37: 09657 | C37: 美加净银耳珍珠维生素E特惠套装100ML+50G | D37: 美加净 | E37: 常规品 | F37: C | G37: 4 | H37: 供应紧张 | I37: 120 | J37: 812.64 | K37: 3 | L37: 0 | M37: 1 | N37: 0 | O37: 0 | P37: 0 | Q37: 0 | R37: 0 | S37: 0 | T37: 3 | U37: 0 | V37: 0 | W37: 0 | X37: 0 | Y37: 0 | Z37: 0 | AA37: 0
A38: 46274 | B38: 72186 | C38: 六神清爽香氛洗护旅行装（山野青柚香）45G+45G+45G | D38: 六神 | E38: 促销装 | F38: B | G38: 3443 | I38: 96 | J38: 741.696 | K38: 4 | L38: 4 | M38: 1 | N38: 0 | O38: 0 | P38: 0 | Q38: 0 | R38: 4 | S38: 4 | T38: 0 | U38: 0 | V38: 0 | W38: 0 | X38: 0 | Y38: 0 | Z38: 0 | AA38: 0
A39: 46274 | B39: 08746 | C39: 美加净保湿润肤霜80G | D39: 美加净 | E39: 常规品 | F39: A | G39: 896 | I39: 192 | J39: 705.216 | K39: 4 | L39: 4 | M39: 1 | N39: 0 | O39: 0 | P39: 0 | Q39: 0 | R39: 4 | S39: 4 | T39: 0 | U39: 0 | V39: 0 | W39: 0 | X39: 0 | Y39: 0 | Z39: 0 | AA39: 0
A40: 46274 | B40: 09649 | C40: 美加净酵米焕活保湿护肤套装（150ML+100ML+50G） | D40: 美加净 | E40: 常规品 | F40: B | G40: 576 | I40: 30 | J40: 644.22 | K40: 5 | L40: 0 | M40: 1 | N40: 0 | O40: 0 | P40: 0 | Q40: 0 | R40: 0 | S40: 0 | T40: 0 | U40: 0 | V40: 5 | W40: 0 | X40: 0 | Y40: 0 | Z40: 0 | AA40: 0
A41: 46274 | B41: 36113 | C41: 启初婴儿柔护洗衣液1L | D41: 启初 | E41: 常规品 | F41: Z | G41: 547 | I41: 56 | J41: 598.416 | K41: 7 | L41: 0 | M41: 1 | N41: 0 | O41: 0 | P41: 0 | Q41: 0 | R41: 0 | S41: 0 | T41: 0 | U41: 0 | V41: 7 | W41: 0 | X41: 0 | Y41: 0 | Z41: 0 | AA41: 0
A42: 46274 | B42: 20955 | C42: 六神清透盈润沐浴露750G | D42: 六神 | E42: 常规品 | F42: C | G42: 1363 | I42: 80 | J42: 551.28 | K42: 10 | L42: 0 | M42: 1 | N42: 0 | O42: 0 | P42: 0 | Q42: 0 | R42: 0 | S42: 0 | T42: 10 | U42: 0 | V42: 0 | W42: 0 | X42: 0 | Y42: 0 | Z42: 0 | AA42: 0
A43: 46274 | B43: 40328 | C43: 家安酵素净护洗衣液-净透香氛3KG | D43: 家安 | E43: 常规品 | F43: B | G43: 4296 | I43: 28 | J43: 460.88 | K43: 7 | L43: 98 | M43: 1 | N43: 0 | O43: 0 | P43: 0 | Q43: 0 | R43: 0 | S43: 0 | T43: 7 | U43: 98 | V43: 0 | W43: 0 | X43: 0 | Y43: 0 | Z43: 0 | AA43: 0
A44: 46274 | B44: 36596 | C44: 启初婴儿水润保湿面霜60G | D44: 启初 | E44: 常规品 | F44: A | G44: 349 | I44: 72 | J44: 443.952 | K44: 4 | L44: 0 | M44: 1 | N44: 0 | O44: 0 | P44: 0 | Q44: 0 | R44: 0 | S44: 0 | T44: 4 | U44: 0 | V44: 0 | W44: 0 | X44: 0 | Y44: 0 | Z44: 0 | AA44: 0
A45: 46274 | B45: 09653 | C45: 美加净银耳珍珠维生素E特润手霜50G | D45: 美加净 | E45: 常规品 | F45: Z | G45: 506 | I45: 144 | J45: 401.472 | K45: 3 | L45: 0 | M45: 2 | N45: 0 | O45: 0 | P45: 0 | Q45: 0 | R45: 0 | S45: 0 | T45: 2 | U45: 0 | V45: 1 | W45: 0 | X45: 0 | Y45: 0 | Z45: 0 | AA45: 0
A46: 46274 | B46: 20816 | C46: 六神温润健肤沐浴露750ML | D46: 六神 | E46: 常规品 | F46: C | G46: 1045 | I46: 40 | J46: 382.08 | K46: 5 | L46: 4 | M46: 1 | N46: 0 | O46: 0 | P46: 0 | Q46: 0 | R46: 0 | S46: 0 | T46: 5 | U46: 4 | V46: 0 | W46: 0 | X46: 0 | Y46: 0 | Z46: 0 | AA46: 0
A47: 46274 | B47: 36243 | C47: 启初初芽清萃宝宝洗发沐浴露320ML | D47: 启初 | E47: 常规品 | F47: Z | G47: 156 | I47: 48 | J47: 332.448 | K47: 2 | L47: 4 | M47: 1 | N47: 0 | O47: 0 | P47: 0 | Q47: 0 | R47: 0 | S47: 0 | T47: 2 | U47: 4 | V47: 0 | W47: 0 | X47: 0 | Y47: 0 | Z47: 0 | AA47: 0
A48: 46274 | B48: 20472 | C48: 六神清透盈润沐浴露1L | D48: 六神 | E48: 常规品 | F48: Z | G48: 0 | H48: 整体缺货 | I48: 32 | J48: 265.28 | K48: 4 | L48: 0 | M48: 1 | N48: 0 | O48: 0 | P48: 0 | Q48: 0 | R48: 0 | S48: 0 | T48: 0 | U48: 0 | V48: 4 | W48: 0 | X48: 0 | Y48: 0 | Z48: 0 | AA48: 0
A49: 46274 | B49: 36246 | C49: 启初初芽清萃宝宝沁肤露155ML | D49: 启初 | E49: 常规品 | F49: C | G49: 462 | I49: 72 | J49: 263.088 | K49: 3 | L49: 7 | M49: 1 | N49: 0 | O49: 0 | P49: 0 | Q49: 0 | R49: 0 | S49: 0 | T49: 3 | U49: 7 | V49: 0 | W49: 0 | X49: 0 | Y49: 0 | Z49: 0 | AA49: 0
A50: 46274 | B50: 20489 | C50: 六神清莹水润沐浴露1L | D50: 六神 | E50: 常规品 | F50: Z | G50: 0 | H50: 整体缺货 | I50: 32 | J50: 239.584 | K50: 4 | L50: 0 | M50: 1 | N50: 0 | O50: 0 | P50: 0 | Q50: 0 | R50: 0 | S50: 0 | T50: 0 | U50: 0 | V50: 4 | W50: 0 | X50: 0 | Y50: 0 | Z50: 0 | AA50: 0
A51: 46274 | B51: 36541 | C51: 启初婴儿多维舒缓身体乳150G | D51: 启初 | E51: 常规品 | F51: A | G51: 0 | H51: 整体缺货 | I51: 24 | J51: 237.96 | K51: 1 | L51: 0 | M51: 1 | N51: 1 | O51: 0 | P51: 0 | Q51: 0 | R51: 0 | S51: 0 | T51: 0 | U51: 0 | V51: 0 | W51: 0 | X51: 0 | Y51: 0 | Z51: 0 | AA51: 0
A52: 46274 | B52: 36368 | C52: 启初婴儿水润保湿面霜60G+20G | D52: 启初 | E52: 常规品 | F52: A | G52: 819 | I52: 36 | J52: 230.652 | K52: 2 | L52: 0 | M52: 1 | N52: 0 | O52: 0 | P52: 0 | Q52: 0 | R52: 0 | S52: 0 | T52: 2 | U52: 0 | V52: 0 | W52: 0 | X52: 0 | Y52: 0 | Z52: 0 | AA52: 0
A53: 46274 | B53: 09859 | C53: 美加净银耳珍珠维生素E修护滋养霜80G | D53: 美加净 | E53: 常规品 | F53: A | G53: 8286 | I53: 72 | J53: 215.352 | K53: 3 | L53: 22 | M53: 1 | N53: 0 | O53: 0 | P53: 0 | Q53: 0 | R53: 0 | S53: 0 | T53: 0 | U53: 0 | V53: 0 | W53: 0 | X53: 0 | Y53: 0 | Z53: 3 | AA53: 22
A54: 46274 | B54: 40247 | C54: 家安酵素净护洗衣皂-净柔亮丽（单块装）205G | D54: 家安 | E54: 常规品 | F54: Z | G54: 27 | I54: 108 | J54: 186.732 | K54: 3 | L54: 0 | M54: 1 | N54: 0 | O54: 0 | P54: 3 | Q54: 0 | R54: 0 | S54: 0 | T54: 0 | U54: 0 | V54: 0 | W54: 0 | X54: 0 | Y54: 0 | Z54: 0 | AA54: 0
A55: 46274 | B55: 36217 | C55: 启初婴儿舒缓云朵霜30G | D55: 启初 | E55: 常规品 | F55: B | G55: 15 | I55: 16 | J55: 168.784 | K55: 1 | L55: 0 | M55: 1 | N55: 0 | O55: 0 | P55: 0 | Q55: 0 | R55: 0 | S55: 0 | T55: 1 | U55: 0 | V55: 0 | W55: 0 | X55: 0 | Y55: 0 | Z55: 0 | AA55: 0
A56: 46274 | B56: 40329 | C56: 家安酵素净护洗衣液-净透香氛2KG | D56: 家安 | E56: 常规品 | F56: B | G56: 2056 | I56: 12 | J56: 151.164 | K56: 2 | L56: 15 | M56: 1 | N56: 2 | O56: 15 | P56: 0 | Q56: 0 | R56: 0 | S56: 0 | T56: 0 | U56: 0 | V56: 0 | W56: 0 | X56: 0 | Y56: 0 | Z56: 0 | AA56: 0
A57: 46274 | B57: 89026 | C57: 雅霜40G | D57: 传统 | E57: 常规品 | F57: C | G57: 73 | I57: 90 | J57: 139.5 | K57: 1 | L57: 5 | M57: 1 | N57: 1 | O57: 5 | P57: 0 | Q57: 0 | R57: 0 | S57: 0 | T57: 0 | U57: 0 | V57: 0 | W57: 0 | X57: 0 | Y57: 0 | Z57: 0 | AA57: 0
A58: 46274 | B58: 10106 | C58: 高夫净源控油去黑头洁面膏80G | D58: 高夫 | E58: 常规品 | F58: C | G58: 300 | I58: 24 | J58: 92.736 | K58: 1 | L58: 1 | M58: 1 | N58: 1 | O58: 1 | P58: 0 | Q58: 0 | R58: 0 | S58: 0 | T58: 0 | U58: 0 | V58: 0 | W58: 0 | X58: 0 | Y58: 0 | Z58: 0 | AA58: 0
A59: 46274 | B59: 36057 | C59: 启初婴儿抑菌洗衣皂155G | D59: 启初 | E59: 常规品 | F59: Z | G59: 0 | H59: 整体缺货 | I59: 48 | J59: 90.864 | K59: 1 | L59: 0 | M59: 1 | N59: 0 | O59: 0 | P59: 1 | Q59: 0 | R59: 0 | S59: 0 | T59: 0 | U59: 0 | V59: 0 | W59: 0 | X59: 0 | Y59: 0 | Z59: 0 | AA59: 0
A60: 46273 | B60: 40262 | C60: 家安薏米高效餐具净1.18KG | D60: 家安 | E60: 常规品 | F60: C | G60: 7 | H60: 整体缺货 | I60: 16032 | J60: 93739.104 | K60: 2004 | L60: 1740 | M60: 1 | N60: 0 | O60: 0 | P60: 0 | Q60: 0 | R60: 2004 | S60: 1740 | T60: 0 | U60: 0 | V60: 0 | W60: 0 | X60: 0 | Y60: 0 | Z60: 0 | AA60: 0
A61: 46273 | B61: 10302 | C61: 高夫净源控油清爽洁面膏100G | D61: 高夫 | E61: 常规品 | F61: A | G61: 3756 | I61: 10368 | J61: 34546.176 | K61: 216 | L61: 0 | M61: 6 | N61: 2 | O61: 0 | P61: 6 | Q61: 0 | R61: 26 | S61: 0 | T61: 109 | U61: 0 | V61: 39 | W61: 0 | X61: 0 | Y61: 0 | Z61: 34 | AA61: 0
A62: 46273 | B62: 89025 | C62: 雅霜80G | D62: 传统 | E62: 常规品 | F62: A | G62: 19006 | I62: 14760 | J62: 29505.24 | K62: 246 | L62: 58 | M62: 2 | N62: 224 | O62: 0 | P62: 0 | Q62: 0 | R62: 0 | S62: 0 | T62: 0 | U62: 0 | V62: 0 | W62: 0 | X62: 0 | Y62: 0 | Z62: 22 | AA62: 58
A63: 46273 | B63: 40321 | C63: 家安酵素净护洗衣液-阳光净菌3KG | D63: 家安 | E63: 常规品 | F63: A | G63: 24759 | I63: 1252 | J63: 20262.368 | K63: 313 | L63: 25 | M63: 1 | N63: 0 | O63: 0 | P63: 0 | Q63: 0 | R63: 0 | S63: 0 | T63: 313 | U63: 25 | V63: 0 | W63: 0 | X63: 0 | Y63: 0 | Z63: 0 | AA63: 0
A64: 46273 | B64: 10304 | C64: 高夫净源控油磨砂洁面乳100G | D64: 高夫 | E64: 常规品 | F64: A | G64: 0 | H64: 整体缺货 | I64: 5088 | J64: 17792.736 | K64: 106 | L64: 0 | M64: 4 | N64: 1 | O64: 0 | P64: 9 | Q64: 0 | R64: 0 | S64: 0 | T64: 79 | U64: 0 | V64: 17 | W64: 0 | X64: 0 | Y64: 0 | Z64: 0 | AA64: 0
A65: 46273 | B65: 72141 | C65: 六神清爽香氛沐浴露（雨后栀子香型）620G | D65: 六神 | E65: 常规品 | F65: A | G65: 0 | H65: 整体缺货 | I65: 1370 | J65: 11672.4 | K65: 137 | L65: 60 | M65: 2 | N65: 0 | O65: 0 | P65: 86 | Q65: 40 | R65: 0 | S65: 0 | T65: 51 | U65: 20 | V65: 0 | W65: 0 | X65: 0 | Y65: 0 | Z65: 0 | AA65: 0
A66: 46273 | B66: 72112 | C66: 六神清凉爽肤沐浴露650G | D66: 六神 | E66: 常规品 | F66: A | G66: 7128 | I66: 1760 | J66: 10090.08 | K66: 220 | L66: 350 | M66: 1 | N66: 0 | O66: 0 | P66: 220 | Q66: 350 | R66: 0 | S66: 0 | T66: 0 | U66: 0 | V66: 0 | W66: 0 | X66: 0 | Y66: 0 | Z66: 0 | AA66: 0
A67: 46273 | B67: 81011 | C67: 40.5G大号友谊护肤脂 | D67: 传统 | E67: 常规品 | F67: A | G67: 1501 | I67: 7400 | J67: 9398 | K67: 37 | L67: 45 | M67: 1 | N67: 0 | O67: 0 | P67: 0 | Q67: 0 | R67: 0 | S67: 0 | T67: 0 | U67: 0 | V67: 37 | W67: 45 | X67: 0 | Y67: 0 | Z67: 0 | AA67: 0
A68: 46273 | B68: 72148 | C68: 六神清爽香氛沐浴露（雨后栀子香型）100G | D68: 六神 | E68: 常规品 | F68: A | G68: 980 | I68: 3288 | J68: 8732.928 | K68: 137 | L68: 0 | M68: 1 | N68: 0 | O68: 0 | P68: 0 | Q68: 0 | R68: 0 | S68: 0 | T68: 137 | U68: 0 | V68: 0 | W68: 0 | X68: 0 | Y68: 0 | Z68: 0 | AA68: 0
A69: 46273 | B69: 83001 | C69: 春蕾发乳95G | D69: 传统 | E69: 常规品 | F69: C | G69: 782 | I69: 4200 | J69: 8190 | K69: 35 | L69: 72 | M69: 2 | N69: 6 | O69: 25 | P69: 0 | Q69: 0 | R69: 29 | S69: 47 | T69: 0 | U69: 0 | V69: 0 | W69: 0 | X69: 0 | Y69: 0 | Z69: 0 | AA69: 0
A70: 46273 | B70: 36467 | C70: 启初宝宝洗发沐浴露620ML | D70: 启初 | E70: 常规品 | F70: B | G70: 0 | H70: 整体缺货 | I70: 792 | J70: 7824.96 | K70: 99 | L70: 0 | M70: 4 | N70: 0 | O70: 0 | P70: 1 | Q70: 0 | R70: 0 | S70: 0 | T70: 63 | U70: 0 | V70: 33 | W70: 0 | X70: 0 | Y70: 0 | Z70: 2 | AA70: 0
A71: 46273 | B71: 72048 | C71: 六神滋润香皂( 芦荟+麦冬)100G | D71: 六神 | E71: 常规品 | F71: B | G71: 2792 | I71: 5400 | J71: 7538.4 | K71: 75 | L71: 611 | M71: 2 | N71: 0 | O71: 0 | P71: 49 | Q71: 289 | R71: 26 | S71: 322 | T71: 0 | U71: 0 | V71: 0 | W71: 0 | X71: 0 | Y71: 0 | Z71: 0 | AA71: 0
A72: 46273 | B72: 36299 | C72: 启初婴儿多效倍润面霜40G送启初婴儿水嫩保湿露60ML | D72: 启初 | E72: 促销装 | F72: C | G72: 433 | I72: 648 | J72: 6144.984 | K72: 27 | L72: 26 | M72: 1 | N72: 0 | O72: 0 | P72: 0 | Q72: 0 | R72: 0 | S72: 0 | T72: 27 | U72: 26 | V72: 0 | W72: 0 | X72: 0 | Y72: 0 | Z72: 0 | AA72: 0
A73: 46273 | B73: 10303 | C73: 高夫净源控油舒缓洁面乳100G | D73: 高夫 | E73: 常规品 | F73: A | G73: 1 | H73: 整体缺货 | I73: 1440 | J73: 4717.44 | K73: 30 | L73: 0 | M73: 1 | N73: 0 | O73: 0 | P73: 0 | Q73: 0 | R73: 0 | S73: 0 | T73: 30 | U73: 0 | V73: 0 | W73: 0 | X73: 0 | Y73: 0 | Z73: 0 | AA73: 0
A74: 46273 | B74: 72114 | C74: 六神清新滋润沐浴露650G | D74: 六神 | E74: 常规品 | F74: B | G74: 438 | I74: 800 | J74: 4713.6 | K74: 100 | L74: 300 | M74: 1 | N74: 0 | O74: 0 | P74: 100 | Q74: 300 | R74: 0 | S74: 0 | T74: 0 | U74: 0 | V74: 0 | W74: 0 | X74: 0 | Y74: 0 | Z74: 0 | AA74: 0
A75: 46273 | B75: 72139 | C75: 六神清爽香氛沐浴露（深海龙涎香型）620G | D75: 六神 | E75: 常规品 | F75: A | G75: 3 | I75: 440 | J75: 4488.44 | K75: 44 | L75: 97 | M75: 3 | N75: 21 | O75: 12 | P75: 18 | Q75: 55 | R75: 0 | S75: 0 | T75: 5 | U75: 30 | V75: 0 | W75: 0 | X75: 0 | Y75: 0 | Z75: 0 | AA75: 0
A76: 46273 | B76: 36348 | C76: 启初幼儿洗发沐浴露（好奇宝宝）580ML | D76: 启初 | E76: 常规品 | F76: C | G76: 127 | I76: 300 | J76: 3988.8 | K76: 25 | L76: 49 | M76: 1 | N76: 0 | O76: 0 | P76: 0 | Q76: 0 | R76: 0 | S76: 0 | T76: 25 | U76: 49 | V76: 0 | W76: 0 | X76: 0 | Y76: 0 | Z76: 0 | AA76: 0
A77: 46273 | B77: 36266 | C77: 启初婴儿水润保湿面霜40G | D77: 启初 | E77: 常规品 | F77: A | G77: 1214 | I77: 912 | J77: 3873.264 | K77: 38 | L77: 73 | M77: 1 | N77: 0 | O77: 0 | P77: 0 | Q77: 0 | R77: 0 | S77: 0 | T77: 0 | U77: 0 | V77: 38 | W77: 73 | X77: 0 | Y77: 0 | Z77: 0 | AA77: 0
A78: 46273 | B78: 20918 | C78: 六神清香爽肤沐浴露700G惊爆价 | D78: 六神 | E78: 常规品 | F78: A | G78: 9954 | I78: 528 | J78: 3113.088 | K78: 66 | L78: 56 | M78: 3 | N78: 0 | O78: 0 | P78: 55 | Q78: 55 | R78: 0 | S78: 0 | T78: 0 | U78: 0 | V78: 10 | W78: 0 | X78: 0 | Y78: 0 | Z78: 1 | AA78: 1
A79: 46273 | B79: 72092 | C79: 六神20%羟哌酯驱蚊花露水（雨后栀子）中样10ML | D79: 六神 | E79: 非卖品 | F79: A | G79: 317 | I79: 960 | J79: 2233.92 | K79: 10 | L79: 10 | M79: 1 | N79: 0 | O79: 0 | P79: 0 | Q79: 0 | R79: 0 | S79: 0 | T79: 10 | U79: 10 | V79: 0 | W79: 0 | X79: 0 | Y79: 0 | Z79: 0 | AA79: 0
A80: 46273 | B80: 09805 | C80: 美加净滋润修护型护手霜75G | D80: 美加净 | E80: 常规品 | F80: C | G80: 1 | H80: 整体缺货 | I80: 1152 | J80: 2062.08 | K80: 32 | L80: 17 | M80: 1 | N80: 0 | O80: 0 | P80: 0 | Q80: 0 | R80: 0 | S80: 0 | T80: 32 | U80: 17 | V80: 0 | W80: 0 | X80: 0 | Y80: 0 | Z80: 0 | AA80: 0
A81: 46273 | B81: 09711 | C81: 美加净银耳珍珠维生素C菁华莹亮凝露100ML | D81: 美加净 | E81: 常规品 | F81: B | G81: 0 | H81: 整体缺货 | I81: 864 | J81: 1937.952 | K81: 18 | L81: 0 | M81: 3 | N81: 2 | O81: 0 | P81: 8 | Q81: 0 | R81: 0 | S81: 0 | T81: 8 | U81: 0 | V81: 0 | W81: 0 | X81: 0 | Y81: 0 | Z81: 0 | AA81: 0
A82: 46273 | B82: 10134 | C82: 高夫锐智多效尊享护肤三部曲礼盒120G+75ML+75ML+15ML*3+25G | D82: 高夫 | E82: 促销装 | F82: B | G82: 161 | I82: 35 | J82: 1933.155 | K82: 5 | L82: 0 | M82: 1 | N82: 0 | O82: 0 | P82: 0 | Q82: 0 | R82: 0 | S82: 0 | T82: 0 | U82: 0 | V82: 0 | W82: 0 | X82: 0 | Y82: 0 | Z82: 5 | AA82: 0
A83: 46273 | B83: 20871 | C83: 六神清凉保湿双支装（清凉+清新）700G*2 | D83: 六神 | E83: 促销装 | F83: C | G83: 3468 | I83: 104 | J83: 1731.808 | K83: 26 | L83: 0 | M83: 1 | N83: 0 | O83: 0 | P83: 0 | Q83: 0 | R83: 0 | S83: 0 | T83: 0 | U83: 0 | V83: 26 | W83: 0 | X83: 0 | Y83: 0 | Z83: 0 | AA83: 0
A84: 46273 | B84: 56000 | C84: 海鸥洗发膏340G | D84: 传统 | E84: 常规品 | F84: B | G84: 3592 | I84: 456 | J84: 1614.24 | K84: 19 | L84: 44 | M84: 1 | N84: 0 | O84: 0 | P84: 0 | Q84: 0 | R84: 19 | S84: 44 | T84: 0 | U84: 0 | V84: 0 | W84: 0 | X84: 0 | Y84: 0 | Z84: 0 | AA84: 0
A85: 46273 | B85: 72046 | C85: 六神清凉香皂(冰片+桑叶)100G | D85: 六神 | E85: 常规品 | F85: B | G85: 1680 | I85: 1152 | J85: 1453.824 | K85: 16 | L85: 431 | M85: 2 | N85: 0 | O85: 0 | P85: 1 | Q85: 190 | R85: 15 | S85: 241 | T85: 0 | U85: 0 | V85: 0 | W85: 0 | X85: 0 | Y85: 0 | Z85: 0 | AA85: 0
A86: 46273 | B86: 08472 | C86: 美加净营养发乳(100G) | D86: 美加净 | E86: 常规品 | F86: C | G86: 281 | I86: 640 | J86: 1381.76 | K86: 8 | L86: 0 | M86: 1 | N86: 0 | O86: 0 | P86: 0 | Q86: 0 | R86: 0 | S86: 0 | T86: 8 | U86: 0 | V86: 0 | W86: 0 | X86: 0 | Y86: 0 | Z86: 0 | AA86: 0
A87: 46273 | B87: 19723 | C87: 195ML上海花露水 | D87: 上海 | E87: 常规品 | F87: A | G87: 9645 | I87: 600 | J87: 1356 | K87: 20 | L87: 10 | M87: 1 | N87: 0 | O87: 0 | P87: 0 | Q87: 0 | R87: 20 | S87: 10 | T87: 0 | U87: 0 | V87: 0 | W87: 0 | X87: 0 | Y87: 0 | Z87: 0 | AA87: 0
A88: 46273 | B88: 20869 | C88: 六神菁萃沐浴露双支特惠装（温润+舒缓）700G*2 | D88: 六神 | E88: 促销装 | F88: C | G88: 1222 | I88: 60 | J88: 1343.4 | K88: 15 | L88: 44 | M88: 1 | N88: 0 | O88: 0 | P88: 0 | Q88: 0 | R88: 0 | S88: 0 | T88: 15 | U88: 44 | V88: 0 | W88: 0 | X88: 0 | Y88: 0 | Z88: 0 | AA88: 0
A89: 46273 | B89: 08746 | C89: 美加净保湿润肤霜80G | D89: 美加净 | E89: 常规品 | F89: A | G89: 943 | I89: 336 | J89: 1234.128 | K89: 7 | L89: 7 | M89: 1 | N89: 0 | O89: 0 | P89: 0 | Q89: 0 | R89: 7 | S89: 7 | T89: 0 | U89: 0 | V89: 0 | W89: 0 | X89: 0 | Y89: 0 | Z89: 0 | AA89: 0
A90: 46273 | B90: 40336 | C90: 家安酵素净护洗衣皂-超凡净透（三块装）202GX3 | D90: 家安 | E90: 常规品 | F90: A | G90: 15171 | I90: 252 | J90: 1212.624 | K90: 21 | L90: 1116 | M90: 1 | N90: 21 | O90: 1116 | P90: 0 | Q90: 0 | R90: 0 | S90: 0 | T90: 0 | U90: 0 | V90: 0 | W90: 0 | X90: 0 | Y90: 0 | Z90: 0 | AA90: 0
A91: 46273 | B91: 20812 | C91: 六神舒缓健肤沐浴露（加量装）750ML | D91: 六神 | E91: 促销装 | F91: C | G91: 452 | I91: 120 | J91: 1193.28 | K91: 15 | L91: 15 | M91: 1 | N91: 0 | O91: 0 | P91: 15 | Q91: 15 | R91: 0 | S91: 0 | T91: 0 | U91: 0 | V91: 0 | W91: 0 | X91: 0 | Y91: 0 | Z91: 0 | AA91: 0
A92: 46273 | B92: 72123 | C92: 六神冰凉劲爽沐浴露700G 惊爆价700G | D92: 六神 | E92: 常规品 | F92: B | G92: 2939 | I92: 176 | J92: 1110.384 | K92: 22 | L92: 0 | M92: 1 | N92: 0 | O92: 0 | P92: 0 | Q92: 0 | R92: 0 | S92: 0 | T92: 22 | U92: 0 | V92: 0 | W92: 0 | X92: 0 | Y92: 0 | Z92: 0 | AA92: 0
A93: 46273 | B93: 20870 | C93: 六神清凉舒爽双支超值装（清凉爽肤）700G*2 | D93: 六神 | E93: 促销装 | F93: B | G93: 6420 | I93: 68 | J93: 1093.916 | K93: 17 | L93: 0 | M93: 2 | N93: 0 | O93: 0 | P93: 1 | Q93: 0 | R93: 0 | S93: 0 | T93: 0 | U93: 0 | V93: 16 | W93: 0 | X93: 0 | Y93: 0 | Z93: 0 | AA93: 0
... A95: 46273 | B95: 40266 | C95: 家安米精华餐具净（两瓶装）752G*2 | D95: 家安 | E95: 促销装 | F95: C | G95: 104 | I95: 90 | J95: 872.55 | K95: 15 | L95: 15 | M95: 1 | N95: 0 | O95: 0 | P95: 15 | Q95: 15 | R95: 0 | S95: 0 | T95: 0 | U95: 0 | V95: 0 | W95: 0 | X95: 0 | Y95: 0 | Z95: 0 | AA95: 0
A96: 46273 | B96: 09657 | C96: 美加净银耳珍珠维生素E特惠套装100ML+50G | D96: 美加净 | E96: 常规品 | F96: C | G96: 4 | H96: 供应紧张 | I96: 120 | J96: 812.64 | K96: 3 | L96: 0 | M96: 1 | N96: 0 | O96: 0 | P96: 0 | Q96: 0 | R96: 0 | S96: 0 | T96: 3 | U96: 0 | V96: 0 | W96: 0 | X96: 0 | Y96: 0 | Z96: 0 | AA96: 0
A97: 46273 | B97: 72140 | C97: 六神清爽香氛沐浴露（山野青柚香型）620G | D97: 六神 | E97: 常规品 | F97: A | G97: 1165 | I97: 70 | J97: 750.75 | K97: 7 | L97: 11 | M97: 1 | N97: 0 | O97: 0 | P97: 0 | Q97: 0 | R97: 0 | S97: 0 | T97: 7 | U97: 11 | V97: 0 | W97: 0 | X97: 0 | Y97: 0 | Z97: 0 | AA97: 0
A98: 46273 | B98: 40324 | C98: 家安酵素净护洗衣液-阳光净菌1KG | D98: 家安 | E98: 常规品 | F98: B | G98: 2313 | I98: 120 | J98: 748.44 | K98: 15 | L98: 169 | M98: 1 | N98: 0 | O98: 0 | P98: 0 | Q98: 0 | R98: 15 | S98: 169 | T98: 0 | U98: 0 | V98: 0 | W98: 0 | X98: 0 | Y98: 0 | Z98: 0 | AA98: 0
A99: 46273 | B99: 72186 | C99: 六神清爽香氛洗护旅行装（山野青柚香）45G+45G+45G | D99: 六神 | E99: 促销装 | F99: B | G99: 3448 | I99: 96 | J99: 741.696 | K99: 4 | L99: 4 | M99: 1 | N99: 0 | O99: 0 | P99: 0 | Q99: 0 | R99: 4 | S99: 4 | T99: 0 | U99: 0 | V99: 0 | W99: 0 | X99: 0 | Y99: 0 | Z99: 0 | AA99: 0
A100: 46273 | B100: 72147 | C100: 六神清爽香氛沐浴露（山野青柚香型）100G | D100: 六神 | E100: 常规品 | F100: A | G100: 1123 | I100: 240 | J100: 736.8 | K100: 10 | L100: 10 | M100: 1 | N100: 0 | O100: 0 | P100: 10 | Q100: 10 | R100: 0 | S100: 0 | T100: 0 | U100: 0 | V100: 0 | W100: 0 | X100: 0 | Y100: 0 | Z100: 0 | AA100: 0
A101: 46273 | B101: 09649 | C101: 美加净酵米焕活保湿护肤套装（150ML+100ML+50G） | D101: 美加净 | E101: 常规品 | F101: B | G101: 593 | I101: 30 | J101: 644.22 | K101: 5 | L101: 0 | M101: 1 | N101: 0 | O101: 0 | P101: 0 | Q101: 0 | R101: 0 | S101: 0 | T101: 0 | U101: 0 | V101: 5 | W101: 0 | X101: 0 | Y101: 0 | Z101: 0 | AA101: 0
A102: 46273 | B102: 20955 | C102: 六神清透盈润沐浴露750G | D102: 六神 | E102: 常规品 | F102: C | G102: 1363 | I102: 80 | J102: 551.28 | K102: 10 | L102: 0 | M102: 1 | N102: 0 | O102: 0 | P102: 0 | Q102: 0 | R102: 0 | S102: 0 | T102: 10 | U102: 0 | V102: 0 | W102: 0 | X102: 0 | Y102: 0 | Z102: 0 | AA102: 0
A103: 46273 | B103: 40328 | C103: 家安酵素净护洗衣液-净透香氛3KG | D103: 家安 | E103: 常规品 | F103: B | G103: 4315 | I103: 28 | J103: 460.88 | K103: 7 | L103: 98 | M103: 1 | N103: 0 | O103: 0 | P103: 0 | Q103: 0 | R103: 0 | S103: 0 | T103: 7 | U103: 98 | V103: 0 | W103: 0 | X103: 0 | Y103: 0 | Z103: 0 | AA103: 0
...

Sheet 总体订单满足情况
A1: 月度订单满足率 | H1: RDC日订单满足率 | P1: 品牌月度订单满足率
A2: RDC | B2: 订单支数 | C2: 总履约排单数 | D2: 首日订单排单数 | E2: 月订单满足率 | F2: 日订单满足率 | H2: 日期\RDC | I2: 华南RDC | J2: 华北RDC | K2: 东北RDC | L2: 西北RDC | M2: 华中RDC | N2: 西南RDC | P2: 品牌\RDC | Q2: 华南RDC | R2: 华北RDC | S2: 东北RDC | T2: 西北RDC | U2: 华中RDC | V2: 西南RDC
A3: 华南RDC | B3: =SUMIF(订单明细!I:I,总体订单满足情况!A:A,订单明细!J:J) -> 251127 | C3: =SUMIF(订单明细!I:I,总体订单满足情况!A:A,订单明细!L:L) -> 249385 | D3: =SUMIF(订单明细!I:I,总体订单满足情况!A3:A9,订单明细!K:K) -> 234677 | E3: =C3/B3 -> 0.99306327 | F3: =D3/B3 -> 0.9344953 | H3: 46266 | I3: =IFERROR(SUMIFS(订单明细!$K:$K,订单明细!$A:$A,总体订单满足情况!$H:$H,订单明细!$I:$I,总体订单满足情况!I$2)/SUMIFS(订单明细!$J:$J,订单明细!$A:$A,总体订单满足情况!$H:$H,订单明细!$I:$I,总体订单满足情况!I$2),"") -> 0.84425278 | J3: =IFERROR(SUMIFS(订单明细!$K:$K,订单明细!$A:$A,总体订单满足情况!$H:$H,订单明细!$I:$I,总体订单满足情况!J$2)/SUMIFS(订单明细!$J:$J,订单明细!$A:$A,总体订单满足情况!$H:$H,订单明细!$I:$I,总体订单满足情况!J$2),"") -> 0.79129547 | K3: =IFERROR(SUMIFS(订单明细!$K:$K,订单明细!$A:$A,总体订单满足情况!$H:$H,订单明细!$I:$I,总体订单满足情况!K$2)/SUMIFS(订单明细!$J:$J,订单明细!$A:$A,总体订单满足情况!$H:$H,订单明细!$I:$I,总体订单满足情况!K$2),"") -> 0.74239291 | L3: =IFERROR(SUMIFS(订单明细!$K:$K,订单明细!$A:$A,总体订单满足情况!$H:$H,订单明细!$I:$I,总体订单满足情况!L$2)/SUMIFS(订单明细!$J:$J,订单明细!$A:$A,总体订单满足情况!$H:$H,订单明细!$I:$I,总体订单满足情况!L$2),"") -> 0.9033267 | M3: =IFERROR(SUMIFS(订单明细!$K:$K,订单明细!$A:$A,总体订单满足情况!$H:$H,订单明细!$I:$I,总体订单满足情况!M$2)/SUMIFS(订单明细!$J:$J,订单明细!$A:$A,总体订单满足情况!$H:$H,订单明细!$I:$I,总体订单满足情况!M$2),"") -> 0.94086516 | N3: =IFERROR(SUMIFS(订单明细!$K:$K,订单明细!$A:$A,总体订单满足情况!$H:$H,订单明细!$I:$I,总体订单满足情况!N$2)/SUMIFS(订单明细!$J:$J,订单明细!$A:$A,总体订单满足情况!$H:$H,订单明细!$I:$I,总体订单满足情况!N$2),"") -> 0.83039494 | P3: 六神 | Q3: =IFERROR(SUMIFS(订单明细!$L:$L,订单明细!$D:$D,总体订单满足情况!$P:$P,订单明细!$I:$I,总体订单满足情况!Q$2)/SUMIFS(订单明细!$J:$J,订单明细!$D:$D,总体订单满足情况!$P:$P,订单明细!$I:$I,总体订单满足情况!Q$2),"") -> 0.99847714 | R3: =IFERROR(SUMIFS(订单明细!$L:$L,订单明细!$D:$D,总体订单满足情况!$P:$P,订单明细!$I:$I,总体订单满足情况!R$2)/SUMIFS(订单明细!$J:$J,订单明细!$D:$D,总体订单满足情况!$P:$P,订单明细!$I:$I,总体订单满足情况!R$2),"") -> 0.99227414 | S3: =IFERROR(SUMIFS(订单明细!$L:$L,订单明细!$D:$D,总体订单满足情况!$P:$P,订单明细!$I:$I,总体订单满足情况!S$2)/SUMIFS(订单明细!$J:$J,订单明细!$D:$D,总体订单满足情况!$P:$P,订单明细!$I:$I,总体订单满足情况!S$2),"") -> 0.99332192 | T3: =IFERROR(SUMIFS(订单明细!$L:$L,订单明细!$D:$D,总体订单满足情况!$P:$P,订单明细!$I:$I,总体订单满足情况!T$2)/SUMIFS(订单明细!$J:$J,订单明细!$D:$D,总体订单满足情况!$P:$P,订单明细!$I:$I,总体订单满足情况!T$2),"") -> 0.99915086 | U3: =IFERROR(SUMIFS(订单明细!$L:$L,订单明细!$D:$D,总体订单满足情况!$P:$P,订单明细!$I:$I,总体订单满足情况!U$2)/SUMIFS(订单明细!$J:$J,订单明细!$D:$D,总体订单满足情况!$P:$P,订单明细!$I:$I,总体订单满足情况!U$2),"") -> 0.96684171 | V3: =IFERROR(SUMIFS(订单明细!$L:$L,订单明细!$D:$D,总体订单满足情况!$P:$P,订单明细!$I:$I,总体订单满足情况!V$2)/SUMIFS(订单明细!$J:$J,订单明细!$D:$D,总体订单满足情况!$P:$P,订单明细!$I:$I,总体订单满足情况!V$2),"") -> 0.98825911
A4: 华北RDC | B4: =SUMIF(订单明细!I:I,总体订单满足情况!A:A,订单明细!J:J) -> 132329 | C4: =SUMIF(订单明细!I:I,总体订单满足情况!A:A,订单明细!L:L) -> 130657 | D4: =SUMIF(订单明细!I:I,总体订单满足情况!A4:A10,订单明细!K:K) -> 98915 | E4: =C4/B4 -> 0.98736483 | F4: =D4/B4 -> 0.74749299 | H4: 46267 | I4: =IFERROR(SUMIFS(订单明细!$K:$K,订单明细!$A:$A,总体订单满足情况!$H:$H,订单明细!$I:$I,总体订单满足情况!I$2)/SUMIFS(订单明细!$J:$J,订单明细!$A:$A,总体订单满足情况!$H:$H,订单明细!$I:$I,总体订单满足情况!I$2),"") -> 0.95888285 | J4: =IFERROR(SUMIFS(订单明细!$K:$K,订单明细!$A:$A,总体订单满足情况!$H:$H,订单明细!$I:$I,总体订单满足情况!J$2)/SUMIFS(订单明细!$J:$J,订单明细!$A:$A,总体订单满足情况!$H:$H,订单明细!$I:$I,总体订单满足情况!J$2),"") -> 0.24358974 | K4: =IFERROR(SUMIFS(订单明细!$K:$K,订单明细!$A:$A,总体订单满足情况!$H:$H,订单明细!$I:$I,总体订单满足情况!K$2)/SUMIFS(订单明细!$J:$J,订单明细!$A:$A,总体订单满足情况!$H:$H,订单明细!$I:$I,总体订单满足情况!K$2),"") -> 0.92605634 | L4: =IFERROR(SUMIFS(订单明细!$K:$K,订单明细!$A:$A,总体订单满足情况!$H:$H,订单明细!$I:$I,总体订单满足情况!L$2)/SUMIFS(订单明细!$J:$J,订单明细!$A:$A,总体订单满足情况!$H:$H,订单明细!$I:$I,总体订单满足情况!L$2),"") -> 0.95879378 | M4: =IFERROR(SUMIFS(订单明细!$K:$K,订单明细!$A:$A,总体订单满足情况!$H:$H,订单明细!$I:$I,总体订单满足情况!M$2)/SUMIFS(订单明细!$J:$J,订单明细!$A:$A,总体订单满足情况!$H:$H,订单明细!$I:$I,总体订单满足情况!M$2),"") -> 0.73020341 | N4: =IFERROR(SUMIFS(订单明细!$K:$K,订单明细!$A:$A,总体订单满足情况!$H:$H,订单明细!$I:$I,总体订单满足情况!N$2)/SUMIFS(订单明细!$J:$J,订单明细!$A:$A,总体订单满足情况!$H:$H,订单明细!$I:$I,总体订单满足情况!N$2),"") -> 0.7969176 | P4: 美加净 | Q4: =IFERROR(SUMIFS(订单明细!$L:$L,订单明细!$D:$D,总体订单满足情况!$P:$P,订单明细!$I:$I,总体订单满足情况!Q$2)/SUMIFS(订单明细!$J:$J,订单明细!$D:$D,总体订单满足情况!$P:$P,订单明细!$I:$I,总体订单满足情况!Q$2),"") -> 0.99946579 | R4: =IFERROR(SUMIFS(订单明细!$L:$L,订单明细!$D:$D,总体订单满足情况!$P:$P,订单明细!$I:$I,总体订单满足情况!R$2)/SUMIFS(订单明细!$J:$J,订单明细!$D:$D,总体订单满足情况!$P:$P,订单明细!$I:$I,总体订单满足情况!R$2),"") -> 0.9986263 | S4: =IFERROR(SUMIFS(订单明细!$L:$L,订单明细!$D:$D,总体订单满足情况!$P:$P,订单明细!$I:$I,总体订单满足情况!S$2)/SUMIFS(订单明细!$J:$J,订单明细!$D:$D,总体订单满足情况!$P:$P,订单明细!$I:$I,总体订单满足情况!S$2),"") -> 0.99483557 | T4: =IFERROR(SUMIFS(订单明细!$L:$L,订单明细!$D:$D,总体订单满足情况!$P:$P,订单明细!$I:$I,总体订单满足情况!T$2)/SUMIFS(订单明细!$J:$J,订单明细!$D:$D,总体订单满足情况!$P:$P,订单明细!$I:$I,总体订单满足情况!T$2),"") -> 0.99788989 | U4: =IFERROR(SUMIFS(订单明细!$L:$L,订单明细!$D:$D,总体订单满足情况!$P:$P,订单明细!$I:$I,总体订单满足情况!U$2)/SUMIFS(订单明细!$J:$J,订单明细!$D:$D,总体订单满足情况!$P:$P,订单明细!$I:$I,总体订单满足情况!U$2),"") -> 0.98893073 | V4: =IFERROR(SUMIFS(订单明细!$L:$L,订单明细!$D:$D,总体订单满足情况!$P:$P,订单明细!$I:$I,总体订单满足情况!V$2)/SUMIFS(订单明细!$J:$J,订单明细!$D:$D,总体订单满足情况!$P:$P,订单明细!$I:$I,总体订单满足情况!V$2),"") -> 0.99454561
A5: 东北RDC | B5: =SUMIF(订单明细!I:I,总体订单满足情况!A:A,订单明细!J:J) -> 105143 | C5: =SUMIF(订单明细!I:I,总体订单满足情况!A:A,订单明细!L:L) -> 102605 | D5: =SUMIF(订单明细!I:I,总体订单满足情况!A5:A11,订单明细!K:K) -> 84111 | E5: =C5/B5 -> 0.97586145 | F5: =D5/B5 -> 0.79996766 | H5: 46268 | I5: =IFERROR(SUMIFS(订单明细!$K:$K,订单明细!$A:$A,总体订单满足情况!$H:$H,订单明细!$I:$I,总体订单满足情况!I$2)/SUMIFS(订单明细!$J:$J,订单明细!$A:$A,总体订单满足情况!$H:$H,订单明细!$I:$I,总体订单满足情况!I$2),"") -> 0.86676681 | J5: =IFERROR(SUMIFS(订单明细!$K:$K,订单明细!$A:$A,总体订单满足情况!$H:$H,订单明细!$I:$I,总体订单满足情况!J$2)/SUMIFS(订单明细!$J:$J,订单明细!$A:$A,总体订单满足情况!$H:$H,订单明细!$I:$I,总体订单满足情况!J$2),"") -> 0.82517137 | K5: =IFERROR(SUMIFS(订单明细!$K:$K,订单明细!$A:$A,总体订单满足情况!$H:$H,订单明细!$I:$I,总体订单满足情况!K$2)/SUMIFS(订单明细!$J:$J,订单明细!$A:$A,总体订单满足情况!$H:$H,订单明细!$I:$I,总体订单满足情况!K$2),"") -> 0.88424922 | L5: =IFERROR(SUMIFS(订单明细!$K:$K,订单明细!$A:$A,总体订单满足情况!$H:$H,订单明细!$I:$I,总体订单满足情况!L$2)/SUMIFS(订单明细!$J:$J,订单明细!$A:$A,总体订单满足情况!$H:$H,订单明细!$I:$I,总体订单满足情况!L$2),"") -> 0.95266272 | M5: =IFERROR(SUMIFS(订单明细!$K:$K,订单明细!$A:$A,总体订单满足情况!$H:$H,订单明细!$I:$I,总体订单满足情况!M$2)/SUMIFS(订单明细!$J:$J,订单明细!$A:$A,总体订单满足情况!$H:$H,订单明细!$I:$I,总体订单满足情况!M$2),"") -> 0.83425224 | N5: =IFERROR(SUMIFS(订单明细!$K:$K,订单明细!$A:$A,总体订单满足情况!$H:$H,订单明细!$I:$I,总体订单满足情况!N$2)/SUMIFS(订单明细!$J:$J,订单明细!$A:$A,总体订单满足情况!$H:$H,订单明细!$I:$I,总体订单满足情况!N$2),"") -> 0.97987349 | P5: 启初 | Q5: =IFERROR(SUMIFS(订单明细!$L:$L,订单明细!$D:$D,总体订单满足情况!$P:$P,订单明细!$I:$I,总体订单满足情况!Q$2)/SUMIFS(订单明细!$J:$J,订单明细!$D:$D,总体订单满足情况!$P:$P,订单明细!$I:$I,总体订单满足情况!Q$2),"") -> 0.76054591 | R5: =IFERROR(SUMIFS(订单明细!$L:$L,订单明细!$D:$D,总体订单满足情况!$P:$P,订单明细!$I:$I,总体订单满足情况!R$2)/SUMIFS(订单明细!$J:$J,订单明细!$D:$D,总体订单满足情况!$P:$P,订单明细!$I:$I,总体订单满足情况!R$2),"") -> 0.99204244 | S5: =IFERROR(SUMIFS(订单明细!$L:$L,订单明细!$D:$D,总体订单满足情况!$P:$P,订单明细!$I:$I,总体订单满足情况!S$2)/SUMIFS(订单明细!$J:$J,订单明细!$D:$D,总体订单满足情况!$P:$P,订单明细!$I:$I,总体订单满足情况!S$2),"") -> 1 | T5: =IFERROR(SUMIFS(订单明细!$L:$L,订单明细!$D:$D,总体订单满足情况!$P:$P,订单明细!$I:$I,总体订单满足情况!T$2)/SUMIFS(订单明细!$J:$J,订单明细!$D:$D,总体订单满足情况!$P:$P,订单明细!$I:$I,总体订单满足情况!T$2),"") -> 0.98218263 | U5: =IFERROR(SUMIFS(订单明细!$L:$L,订单明细!$D:$D,总体订单满足情况!$P:$P,订单明细!$I:$I,总体订单满足情况!U$2)/SUMIFS(订单明细!$J:$J,订单明细!$D:$D,总体订单满足情况!$P:$P,订单明细!$I:$I,总体订单满足情况!U$2),"") -> 0.85389116 | V5: =IFERROR(SUMIFS(订单明细!$L:$L,订单明细!$D:$D,总体订单满足情况!$P:$P,订单明细!$I:$I,总体订单满足情况!V$2)/SUMIFS(订单明细!$J:$J,订单明细!$D:$D,总体订单满足情况!$P:$P,订单明细!$I:$I,总体订单满足情况!V$2),"") -> 0.9965812
A6: 西北RDC | B6: =SUMIF(订单明细!I:I,总体订单满足情况!A:A,订单明细!J:J) -> 72607 | C6: =SUMIF(订单明细!I:I,总体订单满足情况!A:A,订单明细!L:L) -> 69498 | D6: =SUMIF(订单明细!I:I,总体订单满足情况!A6:A12,订单明细!K:K) -> 66936 | E6: =C6/B6 -> 0.95718044 | F6: =D6/B6 -> 0.92189458 | H6: 46269 | I6: =IFERROR(SUMIFS(订单明细!$K:$K,订单明细!$A:$A,总体订单满足情况!$H:$H,订单明细!$I:$I,总体订单满足情况!I$2)/SUMIFS(订单明细!$J:$J,订单明细!$A:$A,总体订单满足情况!$H:$H,订单明细!$I:$I,总体订单满足情况!I$2),"") -> 0.96132913 | J6: =IFERROR(SUMIFS(订单明细!$K:$K,订单明细!$A:$A,总体订单满足情况!$H:$H,订单明细!$I:$I,总体订单满足情况!J$2)/SUMIFS(订单明细!$J:$J,订单明细!$A:$A,总体订单满足情况!$H:$H,订单明细!$I:$I,总体订单满足情况!J$2),"") -> 0.72105025 | K6: =IFERROR(SUMIFS(订单明细!$K:$K,订单明细!$A:$A,总体订单满足情况!$H:$H,订单明细!$I:$I,总体订单满足情况!K$2)/SUMIFS(订单明细!$J:$J,订单明细!$A:$A,总体订单满足情况!$H:$H,订单明细!$I:$I,总体订单满足情况!K$2),"") -> 0.64787927 | L6: =IFERROR(SUMIFS(订单明细!$K:$K,订单明细!$A:$A,总体订单满足情况!$H:$H,订单明细!$I:$I,总体订单满足情况!L$2)/SUMIFS(订单明细!$J:$J,订单明细!$A:$A,总体订单满足情况!$H:$H,订单明细!$I:$I,总体订单满足情况!L$2),"") -> 0.67770419 | M6: =IFERROR(SUMIFS(订单明细!$K:$K,订单明细!$A:$A,总体订单满足情况!$H:$H,订单明细!$I:$I,总体订单满足情况!M$2)/SUMIFS(订单明细!$J:$J,订单明细!$A:$A,总体订单满足情况!$H:$H,订单明细!$I:$I,总体订单满足情况!M$2),"") -> 0.92620245 | N6: =IFERROR(SUMIFS(订单明细!$K:$K,订单明细!$A:$A,总体订单满足情况!$H:$H,订单明细!$I:$I,总体订单满足情况!N$2)/SUMIFS(订单明细!$J:$J,订单明细!$A:$A,总体订单满足情况!$H:$H,订单明细!$I:$I,总体订单满足情况!N$2),"") -> 0.97691911 | P6: 家安 | Q6: =IFERROR(SUMIFS(订单明细!$L:$L,订单明细!$D:$D,总体订单满足情况!$P:$P,订单明细!$I:$I,总体订单满足情况!Q$2)/SUMIFS(订单明细!$J:$J,订单明细!$D:$D,总体订单满足情况!$P:$P,订单明细!$I:$I,总体订单满足情况!Q$2),"") -> 1 | R6: =IFERROR(SUMIFS(订单明细!$L:$L,订单明细!$D:$D,总体订单满足情况!$P:$P,订单明细!$I:$I,总体订单满足情况!R$2)/SUMIFS(订单明细!$J:$J,订单明细!$D:$D,总体订单满足情况!$P:$P,订单明细!$I:$I,总体订单满足情况!R$2),"") -> 0.97703549 | S6: =IFERROR(SUMIFS(订单明细!$L:$L,订单明细!$D:$D,总体订单满足情况!$P:$P,订单明细!$I:$I,总体订单满足情况!S$2)/SUMIFS(订单明细!$J:$J,订单明细!$D:$D,总体订单满足情况!$P:$P,订单明细!$I:$I,总体订单满足情况!S$2),"") -> 0.99015029 | T6: =IFERROR(SUMIFS(订单明细!$L:$L,订单明细!$D:$D,总体订单满足情况!$P:$P,订单明细!$I:$I,总体订单满足情况!T$2)/SUMIFS(订单明细!$J:$J,订单明细!$D:$D,总体订单满足情况!$P:$P,订单明细!$I:$I,总体订单满足情况!T$2),"") -> 1 | U6: =IFERROR(SUMIFS(订单明细!$L:$L,订单明细!$D:$D,总体订单满足情况!$P:$P,订单明细!$I:$I,总体订单满足情况!U$2)/SUMIFS(订单明细!$J:$J,订单明细!$D:$D,总体订单满足情况!$P:$P,订单明细!$I:$I,总体订单满足情况!U$2),"") -> 0.99558499 | V6: =IFERROR(SUMIFS(订单明细!$L:$L,订单明细!$D:$D,总体订单满足情况!$P:$P,订单明细!$I:$I,总体订单满足情况!V$2)/SUMIFS(订单明细!$J:$J,订单明细!$D:$D,总体订单满足情况!$P:$P,订单明细!$I:$I,总体订单满足情况!V$2),"") -> 0.99288425
A7: 华中RDC | B7: =SUMIF(订单明细!I:I,总体订单满足情况!A:A,订单明细!J:J) -> 469117 | C7: =SUMIF(订单明细!I:I,总体订单满足情况!A:A,订单明细!L:L) -> 444550 | D7: =SUMIF(订单明细!I:I,总体订单满足情况!A7:A12,订单明细!K:K) -> 416892 | E7: =C7/B7 -> 0.9476314 | F7: =D7/B7 -> 0.88867383 | H7: 46272 | I7: =IFERROR(SUMIFS(订单明细!$K:$K,订单明细!$A:$A,总体订单满足情况!$H:$H,订单明细!$I:$I,总体订单满足情况!I$2)/SUMIFS(订单明细!$J:$J,订单明细!$A:$A,总体订单满足情况!$H:$H,订单明细!$I:$I,总体订单满足情况!I$2),"") -> 0.95800405 | J7: =IFERROR(SUMIFS(订单明细!$K:$K,订单明细!$A:$A,总体订单满足情况!$H:$H,订单明细!$I:$I,总体订单满足情况!J$2)/SUMIFS(订单明细!$J:$J,订单明细!$A:$A,总体订单满足情况!$H:$H,订单明细!$I:$I,总体订单满足情况!J$2),"") -> 0.6950623 | K7: =IFERROR(SUMIFS(订单明细!$K:$K,订单明细!$A:$A,总体订单满足情况!$H:$H,订单明细!$I:$I,总体订单满足情况!K$2)/SUMIFS(订单明细!$J:$J,订单明细!$A:$A,总体订单满足情况!$H:$H,订单明细!$I:$I,总体订单满足情况!K$2),"") -> 0.80790823 | L7: =IFERROR(SUMIFS(订单明细!$K:$K,订单明细!$A:$A,总体订单满足情况!$H:$H,订单明细!$I:$I,总体订单满足情况!L$2)/SUMIFS(订单明细!$J:$J,订单明细!$A:$A,总体订单满足情况!$H:$H,订单明细!$I:$I,总体订单满足情况!L$2),"") -> 0.99469496 | M7: =IFERROR(SUMIFS(订单明细!$K:$K,订单明细!$A:$A,总体订单满足情况!$H:$H,订单明细!$I:$I,总体订单满足情况!M$2)/SUMIFS(订单明细!$J:$J,订单明细!$A:$A,总体订单满足情况!$H:$H,订单明细!$I:$I,总体订单满足情况!M$2),"") -> 0.87147441 | N7: =IFERROR(SUMIFS(订单明细!$K:$K,订单明细!$A:$A,总体订单满足情况!$H:$H,订单明细!$I:$I,总体订单满足情况!N$2)/SUMIFS(订单明细!$J:$J,订单明细!$A:$A,总体订单满足情况!$H:$H,订单明细!$I:$I,总体订单满足情况!N$2),"") -> 0.96466556 | P7: 传统 | Q7: =IFERROR(SUMIFS(订单明细!$L:$L,订单明细!$D:$D,总体订单满足情况!$P:$P,订单明细!$I:$I,总体订单满足情况!Q$2)/SUMIFS(订单明细!$J:$J,订单明细!$D:$D,总体订单满足情况!$P:$P,订单明细!$I:$I,总体订单满足情况!Q$2),"") | R7: =IFERROR(SUMIFS(订单明细!$L:$L,订单明细!$D:$D,总体订单满足情况!$P:$P,订单明细!$I:$I,总体订单满足情况!R$2)/SUMIFS(订单明细!$J:$J,订单明细!$D:$D,总体订单满足情况!$P:$P,订单明细!$I:$I,总体订单满足情况!R$2),"") | S7: =IFERROR(SUMIFS(订单明细!$L:$L,订单明细!$D:$D,总体订单满足情况!$P:$P,订单明细!$I:$I,总体订单满足情况!S$2)/SUMIFS(订单明细!$J:$J,订单明细!$D:$D,总体订单满足情况!$P:$P,订单明细!$I:$I,总体订单满足情况!S$2),"") | T7: =IFERROR(SUMIFS(订单明细!$L:$L,订单明细!$D:$D,总体订单满足情况!$P:$P,订单明细!$I:$I,总体订单满足情况!T$2)/SUMIFS(订单明细!$J:$J,订单明细!$D:$D,总体订单满足情况!$P:$P,订单明细!$I:$I,总体订单满足情况!T$2),"") | U7: =IFERROR(SUMIFS(订单明细!$L:$L,订单明细!$D:$D,总体订单满足情况!$P:$P,订单明细!$I:$I,总体订单满足情况!U$2)/SUMIFS(订单明细!$J:$J,订单明细!$D:$D,总体订单满足情况!$P:$P,订单明细!$I:$I,总体订单满足情况!U$2),"") | V7: =IFERROR(SUMIFS(订单明细!$L:$L,订单明细!$D:$D,总体订单满足情况!$P:$P,订单明细!$I:$I,总体订单满足情况!V$2)/SUMIFS(订单明细!$J:$J,订单明细!$D:$D,总体订单满足情况!$P:$P,订单明细!$I:$I,总体订单满足情况!V$2),"")
A8: 西南RDC | B8: =SUMIF(订单明细!I:I,总体订单满足情况!A:A,订单明细!J:J) -> 189009 | C8: =SUMIF(订单明细!I:I,总体订单满足情况!A:A,订单明细!L:L) -> 186641 | D8: =SUMIF(订单明细!I:I,总体订单满足情况!A8:A12,订单明细!K:K) -> 156893 | E8: =C8/B8 -> 0.9874715 | F8: =D8/B8 -> 0.83008217 | H8: 46273 | I8: =IFERROR(SUMIFS(订单明细!$K:$K,订单明细!$A:$A,总体订单满足情况!$H:$H,订单明细!$I:$I,总体订单满足情况!I$2)/SUMIFS(订单明细!$J:$J,订单明细!$A:$A,总体订单满足情况!$H:$H,订单明细!$I:$I,总体订单满足情况!I$2),"") -> 1 | J8: =IFERROR(SUMIFS(订单明细!$K:$K,订单明细!$A:$A,总体订单满足情况!$H:$H,订单明细!$I:$I,总体订单满足情况!J$2)/SUMIFS(订单明细!$J:$J,订单明细!$A:$A,总体订单满足情况!$H:$H,订单明细!$I:$I,总体订单满足情况!J$2),"") -> 0.98252537 | K8: =IFERROR(SUMIFS(订单明细!$K:$K,订单明细!$A:$A,总体订单满足情况!$H:$H,订单明细!$I:$I,总体订单满足情况!K$2)/SUMIFS(订单明细!$J:$J,订单明细!$A:$A,总体订单满足情况!$H:$H,订单明细!$I:$I,总体订单满足情况!K$2),"") -> 0.56463618 | L8: =IFERROR(SUMIFS(订单明细!$K:$K,订单明细!$A:$A,总体订单满足情况!$H:$H,订单明细!$I:$I,总体订单满足情况!L$2)/SUMIFS(订单明细!$J:$J,订单明细!$A:$A,总体订单满足情况!$H:$H,订单明细!$I:$I,总体订单满足情况!L$2),"") -> 0.92804378 | M8: =IFERROR(SUMIFS(订单明细!$K:$K,订单明细!$A:$A,总体订单满足情况!$H:$H,订单明细!$I:$I,总体订单满足情况!M$2)/SUMIFS(订单明细!$J:$J,订单明细!$A:$A,总体订单满足情况!$H:$H,订单明细!$I:$I,总体订单满足情况!M$2),"") -> 0.91792421 | N8: =IFERROR(SUMIFS(订单明细!$K:$K,订单明细!$A:$A,总体订单满足情况!$H:$H,订单明细!$I:$I,总体订单满足情况!N$2)/SUMIFS(订单明细!$J:$J,订单明细!$A:$A,总体订单满足情况!$H:$H,订单明细!$I:$I,总体订单满足情况!N$2),"") -> 0.91594788 | P8: 片仔癀 | Q8: =IFERROR(SUMIFS(订单明细!$L:$L,订单明细!$D:$D,总体订单满足情况!$P:$P,订单明细!$I:$I,总体订单满足情况!Q$2)/SUMIFS(订单明细!$J:$J,订单明细!$D:$D,总体订单满足情况!$P:$P,订单明细!$I:$I,总体订单满足情况!Q$2),"") | R8: =IFERROR(SUMIFS(订单明细!$L:$L,订单明细!$D:$D,总体订单满足情况!$P:$P,订单明细!$I:$I,总体订单满足情况!R$2)/SUMIFS(订单明细!$J:$J,订单明细!$D:$D,总体订单满足情况!$P:$P,订单明细!$I:$I,总体订单满足情况!R$2),"") | S8: =IFERROR(SUMIFS(订单明细!$L:$L,订单明细!$D:$D,总体订单满足情况!$P:$P,订单明细!$I:$I,总体订单满足情况!S$2)/SUMIFS(订单明细!$J:$J,订单明细!$D:$D,总体订单满足情况!$P:$P,订单明细!$I:$I,总体订单满足情况!S$2),"") | T8: =IFERROR(SUMIFS(订单明细!$L:$L,订单明细!$D:$D,总体订单满足情况!$P:$P,订单明细!$I:$I,总体订单满足情况!T$2)/SUMIFS(订单明细!$J:$J,订单明细!$D:$D,总体订单满足情况!$P:$P,订单明细!$I:$I,总体订单满足情况!T$2),"") | U8: =IFERROR(SUMIFS(订单明细!$L:$L,订单明细!$D:$D,总体订单满足情况!$P:$P,订单明细!$I:$I,总体订单满足情况!U$2)/SUMIFS(订单明细!$J:$J,订单明细!$D:$D,总体订单满足情况!$P:$P,订单明细!$I:$I,总体订单满足情况!U$2),"") | V8: =IFERROR(SUMIFS(订单明细!$L:$L,订单明细!$D:$D,总体订单满足情况!$P:$P,订单明细!$I:$I,总体订单满足情况!V$2)/SUMIFS(订单明细!$J:$J,订单明细!$D:$D,总体订单满足情况!$P:$P,订单明细!$I:$I,总体订单满足情况!V$2),"")
A9: 合计 | B9: =SUM(B3:B8) -> 1219332 | C9: =SUM(C3:C8) -> 1183336 | D9: =SUM(D3:D8) -> 1058424 | E9: =C9/B9 -> 0.97047892 | F9: =D9/B9 -> 0.86803594 | H9: 46274 | I9: =IFERROR(SUMIFS(订单明细!$K:$K,订单明细!$A:$A,总体订单满足情况!$H:$H,订单明细!$I:$I,总体订单满足情况!I$2)/SUMIFS(订单明细!$J:$J,订单明细!$A:$A,总体订单满足情况!$H:$H,订单明细!$I:$I,总体订单满足情况!I$2),"") -> 0.96090928 | J9: =IFERROR(SUMIFS(订单明细!$K:$K,订单明细!$A:$A,总体订单满足情况!$H:$H,订单明细!$I:$I,总体订单满足情况!J$2)/SUMIFS(订单明细!$J:$J,订单明细!$A:$A,总体订单满足情况!$H:$H,订单明细!$I:$I,总体订单满足情况!J$2),"") -> 0.98058252 | K9: =IFERROR(SUMIFS(订单明细!$K:$K,订单明细!$A:$A,总体订单满足情况!$H:$H,订单明细!$I:$I,总体订单满足情况!K$2)/SUMIFS(订单明细!$J:$J,订单明细!$A:$A,总体订单满足情况!$H:$H,订单明细!$I:$I,总体订单满足情况!K$2),"") -> 0.94368463 | L9: =IFERROR(SUMIFS(订单明细!$K:$K,订单明细!$A:$A,总体订单满足情况!$H:$H,订单明细!$I:$I,总体订单满足情况!L$2)/SUMIFS(订单明细!$J:$J,订单明细!$A:$A,总体订单满足情况!$H:$H,订单明细!$I:$I,总体订单满足情况!L$2),"") -> 0.99153322 | M9: =IFERROR(SUMIFS(订单明细!$K:$K,订单明细!$A:$A,总体订单满足情况!$H:$H,订单明细!$I:$I,总体订单满足情况!M$2)/SUMIFS(订单明细!$J:$J,订单明细!$A:$A,总体订单满足情况!$H:$H,订单明细!$I:$I,总体订单满足情况!M$2),"") -> 0.94835529 | N9: =IFERROR(SUMIFS(订单明细!$K:$K,订单明细!$A:$A,总体订单满足情况!$H:$H,订单明细!$I:$I,总体订单满足情况!N$2)/SUMIFS(订单明细!$J:$J,订单明细!$A:$A,总体订单满足情况!$H:$H,订单明细!$I:$I,总体订单满足情况!N$2),"") -> 0.9947518 | P9: 高夫 | Q9: =IFERROR(SUMIFS(订单明细!$L:$L,订单明细!$D:$D,总体订单满足情况!$P:$P,订单明细!$I:$I,总体订单满足情况!Q$2)/SUMIFS(订单明细!$J:$J,订单明细!$D:$D,总体订单满足情况!$P:$P,订单明细!$I:$I,总体订单满足情况!Q$2),"") -> 1 | R9: =IFERROR(SUMIFS(订单明细!$L:$L,订单明细!$D:$D,总体订单满足情况!$P:$P,订单明细!$I:$I,总体订单满足情况!R$2)/SUMIFS(订单明细!$J:$J,订单明细!$D:$D,总体订单满足情况!$P:$P,订单明细!$I:$I,总体订单满足情况!R$2),"") -> 0.78894472 | S9: =IFERROR(SUMIFS(订单明细!$L:$L,订单明细!$D:$D,总体订单满足情况!$P:$P,订单明细!$I:$I,总体订单满足情况!S$2)/SUMIFS(订单明细!$J:$J,订单明细!$D:$D,总体订单满足情况!$P:$P,订单明细!$I:$I,总体订单满足情况!S$2),"") -> 0.56287215 | T9: =IFERROR(SUMIFS(订单明细!$L:$L,订单明细!$D:$D,总体订单满足情况!$P:$P,订单明细!$I:$I,总体订单满足情况!T$2)/SUMIFS(订单明细!$J:$J,订单明细!$D:$D,总体订单满足情况!$P:$P,订单明细!$I:$I,总体订单满足情况!T$2),"") -> 0.70162878 | U9: =IFERROR(SUMIFS(订单明细!$L:$L,订单明细!$D:$D,总体订单满足情况!$P:$P,订单明细!$I:$I,总体订单满足情况!U$2)/SUMIFS(订单明细!$J:$J,订单明细!$D:$D,总体订单满足情况!$P:$P,订单明细!$I:$I,总体订单满足情况!U$2),"") -> 0.44235925 | V9: =IFERROR(SUMIFS(订单明细!$L:$L,订单明细!$D:$D,总体订单满足情况!$P:$P,订单明细!$I:$I,总体订单满足情况!V$2)/SUMIFS(订单明细!$J:$J,订单明细!$D:$D,总体订单满足情况!$P:$P,订单明细!$I:$I,总体订单满足情况!V$2),"") -> 0.51612903
I10: =IFERROR(SUMIFS(订单明细!$K:$K,订单明细!$A:$A,总体订单满足情况!$H:$H,订单明细!$I:$I,总体订单满足情况!I$2)/SUMIFS(订单明细!$J:$J,订单明细!$A:$A,总体订单满足情况!$H:$H,订单明细!$I:$I,总体订单满足情况!I$2),"") | J10: =IFERROR(SUMIFS(订单明细!$K:$K,订单明细!$A:$A,总体订单满足情况!$H:$H,订单明细!$I:$I,总体订单满足情况!J$2)/SUMIFS(订单明细!$J:$J,订单明细!$A:$A,总体订单满足情况!$H:$H,订单明细!$I:$I,总体订单满足情况!J$2),"") | K10: =IFERROR(SUMIFS(订单明细!$K:$K,订单明细!$A:$A,总体订单满足情况!$H:$H,订单明细!$I:$I,总体订单满足情况!K$2)/SUMIFS(订单明细!$J:$J,订单明细!$A:$A,总体订单满足情况!$H:$H,订单明细!$I:$I,总体订单满足情况!K$2),"") | L10: =IFERROR(SUMIFS(订单明细!$K:$K,订单明细!$A:$A,总体订单满足情况!$H:$H,订单明细!$I:$I,总体订单满足情况!L$2)/SUMIFS(订单明细!$J:$J,订单明细!$A:$A,总体订单满足情况!$H:$H,订单明细!$I:$I,总体订单满足情况!L$2),"") | M10: =IFERROR(SUMIFS(订单明细!$K:$K,订单明细!$A:$A,总体订单满足情况!$H:$H,订单明细!$I:$I,总体订单满足情况!M$2)/SUMIFS(订单明细!$J:$J,订单明细!$A:$A,总体订单满足情况!$H:$H,订单明细!$I:$I,总体订单满足情况!M$2),"") | N10: =IFERROR(SUMIFS(订单明细!$K:$K,订单明细!$A:$A,总体订单满足情况!$H:$H,订单明细!$I:$I,总体订单满足情况!N$2)/SUMIFS(订单明细!$J:$J,订单明细!$A:$A,总体订单满足情况!$H:$H,订单明细!$I:$I,总体订单满足情况!N$2),"") | P10: 上海 | Q10: =IFERROR(SUMIFS(订单明细!$L:$L,订单明细!$D:$D,总体订单满足情况!$P:$P,订单明细!$I:$I,总体订单满足情况!Q$2)/SUMIFS(订单明细!$J:$J,订单明细!$D:$D,总体订单满足情况!$P:$P,订单明细!$I:$I,总体订单满足情况!Q$2),"") -> 1 | R10: =IFERROR(SUMIFS(订单明细!$L:$L,订单明细!$D:$D,总体订单满足情况!$P:$P,订单明细!$I:$I,总体订单满足情况!R$2)/SUMIFS(订单明细!$J:$J,订单明细!$D:$D,总体订单满足情况!$P:$P,订单明细!$I:$I,总体订单满足情况!R$2),"") -> 1 | S10: =IFERROR(SUMIFS(订单明细!$L:$L,订单明细!$D:$D,总体订单满足情况!$P:$P,订单明细!$I:$I,总体订单满足情况!S$2)/SUMIFS(订单明细!$J:$J,订单明细!$D:$D,总体订单满足情况!$P:$P,订单明细!$I:$I,总体订单满足情况!S$2),"") -> 0 | T10: =IFERROR(SUMIFS(订单明细!$L:$L,订单明细!$D:$D,总体订单满足情况!$P:$P,订单明细!$I:$I,总体订单满足情况!T$2)/SUMIFS(订单明细!$J:$J,订单明细!$D:$D,总体订单满足情况!$P:$P,订单明细!$I:$I,总体订单满足情况!T$2),"") -> 1 | U10: =IFERROR(SUMIFS(订单明细!$L:$L,订单明细!$D:$D,总体订单满足情况!$P:$P,订单明细!$I:$I,总体订单满足情况!U$2)/SUMIFS(订单明细!$J:$J,订单明细!$D:$D,总体订单满足情况!$P:$P,订单明细!$I:$I,总体订单满足情况!U$2),"") -> 1 | V10: =IFERROR(SUMIFS(订单明细!$L:$L,订单明细!$D:$D,总体订单满足情况!$P:$P,订单明细!$I:$I,总体订单满足情况!V$2)/SUMIFS(订单明细!$J:$J,订单明细!$D:$D,总体订单满足情况!$P:$P,订单明细!$I:$I,总体订单满足情况!V$2),"") -> 1
I11: =IFERROR(SUMIFS(订单明细!$K:$K,订单明细!$A:$A,总体订单满足情况!$H:$H,订单明细!$I:$I,总体订单满足情况!I$2)/SUMIFS(订单明细!$J:$J,订单明细!$A:$A,总体订单满足情况!$H:$H,订单明细!$I:$I,总体订单满足情况!I$2),"") | J11: =IFERROR(SUMIFS(订单明细!$K:$K,订单明细!$A:$A,总体订单满足情况!$H:$H,订单明细!$I:$I,总体订单满足情况!J$2)/SUMIFS(订单明细!$J:$J,订单明细!$A:$A,总体订单满足情况!$H:$H,订单明细!$I:$I,总体订单满足情况!J$2),"") | K11: =IFERROR(SUMIFS(订单明细!$K:$K,订单明细!$A:$A,总体订单满足情况!$H:$H,订单明细!$I:$I,总体订单满足情况!K$2)/SUMIFS(订单明细!$J:$J,订单明细!$A:$A,总体订单满足情况!$H:$H,订单明细!$I:$I,总体订单满足情况!K$2),"") | L11: =IFERROR(SUMIFS(订单明细!$K:$K,订单明细!$A:$A,总体订单满足情况!$H:$H,订单明细!$I:$I,总体订单满足情况!L$2)/SUMIFS(订单明细!$J:$J,订单明细!$A:$A,总体订单满足情况!$H:$H,订单明细!$I:$I,总体订单满足情况!L$2),"") | M11: =IFERROR(SUMIFS(订单明细!$K:$K,订单明细!$A:$A,总体订单满足情况!$H:$H,订单明细!$I:$I,总体订单满足情况!M$2)/SUMIFS(订单明细!$J:$J,订单明细!$A:$A,总体订单满足情况!$H:$H,订单明细!$I:$I,总体订单满足情况!M$2),"") | N11: =IFERROR(SUMIFS(订单明细!$K:$K,订单明细!$A:$A,总体订单满足情况!$H:$H,订单明细!$I:$I,总体订单满足情况!N$2)/SUMIFS(订单明细!$J:$J,订单明细!$A:$A,总体订单满足情况!$H:$H,订单明细!$I:$I,总体订单满足情况!N$2),"")
I12: =IFERROR(SUMIFS(订单明细!$K:$K,订单明细!$A:$A,总体订单满足情况!$H:$H,订单明细!$I:$I,总体订单满足情况!I$2)/SUMIFS(订单明细!$J:$J,订单明细!$A:$A,总体订单满足情况!$H:$H,订单明细!$I:$I,总体订单满足情况!I$2),"") | J12: =IFERROR(SUMIFS(订单明细!$K:$K,订单明细!$A:$A,总体订单满足情况!$H:$H,订单明细!$I:$I,总体订单满足情况!J$2)/SUMIFS(订单明细!$J:$J,订单明细!$A:$A,总体订单满足情况!$H:$H,订单明细!$I:$I,总体订单满足情况!J$2),"") | K12: =IFERROR(SUMIFS(订单明细!$K:$K,订单明细!$A:$A,总体订单满足情况!$H:$H,订单明细!$I:$I,总体订单满足情况!K$2)/SUMIFS(订单明细!$J:$J,订单明细!$A:$A,总体订单满足情况!$H:$H,订单明细!$I:$I,总体订单满足情况!K$2),"") | L12: =IFERROR(SUMIFS(订单明细!$K:$K,订单明细!$A:$A,总体订单满足情况!$H:$H,订单明细!$I:$I,总体订单满足情况!L$2)/SUMIFS(订单明细!$J:$J,订单明细!$A:$A,总体订单满足情况!$H:$H,订单明细!$I:$I,总体订单满足情况!L$2),"") | M12: =IFERROR(SUMIFS(订单明细!$K:$K,订单明细!$A:$A,总体订单满足情况!$H:$H,订单明细!$I:$I,总体订单满足情况!M$2)/SUMIFS(订单明细!$J:$J,订单明细!$A:$A,总体订单满足情况!$H:$H,订单明细!$I:$I,总体订单满足情况!M$2),"") | N12: =IFERROR(SUMIFS(订单明细!$K:$K,订单明细!$A:$A,总体订单满足情况!$H:$H,订单明细!$I:$I,总体订单满足情况!N$2)/SUMIFS(订单明细!$J:$J,订单明细!$A:$A,总体订单满足情况!$H:$H,订单明细!$I:$I,总体订单满足情况!N$2),"")
I13: =IFERROR(SUMIFS(订单明细!$K:$K,订单明细!$A:$A,总体订单满足情况!$H:$H,订单明细!$I:$I,总体订单满足情况!I$2)/SUMIFS(订单明细!$J:$J,订单明细!$A:$A,总体订单满足情况!$H:$H,订单明细!$I:$I,总体订单满足情况!I$2),"") | J13: =IFERROR(SUMIFS(订单明细!$K:$K,订单明细!$A:$A,总体订单满足情况!$H:$H,订单明细!$I:$I,总体订单满足情况!J$2)/SUMIFS(订单明细!$J:$J,订单明细!$A:$A,总体订单满足情况!$H:$H,订单明细!$I:$I,总体订单满足情况!J$2),"") | K13: =IFERROR(SUMIFS(订单明细!$K:$K,订单明细!$A:$A,总体订单满足情况!$H:$H,订单明细!$I:$I,总体订单满足情况!K$2)/SUMIFS(订单明细!$J:$J,订单明细!$A:$A,总体订单满足情况!$H:$H,订单明细!$I:$I,总体订单满足情况!K$2),"") | L13: =IFERROR(SUMIFS(订单明细!$K:$K,订单明细!$A:$A,总体订单满足情况!$H:$H,订单明细!$I:$I,总体订单满足情况!L$2)/SUMIFS(订单明细!$J:$J,订单明细!$A:$A,总体订单满足情况!$H:$H,订单明细!$I:$I,总体订单满足情况!L$2),"") | M13: =IFERROR(SUMIFS(订单明细!$K:$K,订单明细!$A:$A,总体订单满足情况!$H:$H,订单明细!$I:$I,总体订单满足情况!M$2)/SUMIFS(订单明细!$J:$J,订单明细!$A:$A,总体订单满足情况!$H:$H,订单明细!$I:$I,总体订单满足情况!M$2),"") | N13: =IFERROR(SUMIFS(订单明细!$K:$K,订单明细!$A:$A,总体订单满足情况!$H:$H,订单明细!$I:$I,总体订单满足情况!N$2)/SUMIFS(订单明细!$J:$J,订单明细!$A:$A,总体订单满足情况!$H:$H,订单明细!$I:$I,总体订单满足情况!N$2),"")
I14: =IFERROR(SUMIFS(订单明细!$K:$K,订单明细!$A:$A,总体订单满足情况!$H:$H,订单明细!$I:$I,总体订单满足情况!I$2)/SUMIFS(订单明细!$J:$J,订单明细!$A:$A,总体订单满足情况!$H:$H,订单明细!$I:$I,总体订单满足情况!I$2),"") | J14: =IFERROR(SUMIFS(订单明细!$K:$K,订单明细!$A:$A,总体订单满足情况!$H:$H,订单明细!$I:$I,总体订单满足情况!J$2)/SUMIFS(订单明细!$J:$J,订单明细!$A:$A,总体订单满足情况!$H:$H,订单明细!$I:$I,总体订单满足情况!J$2),"") | K14: =IFERROR(SUMIFS(订单明细!$K:$K,订单明细!$A:$A,总体订单满足情况!$H:$H,订单明细!$I:$I,总体订单满足情况!K$2)/SUMIFS(订单明细!$J:$J,订单明细!$A:$A,总体订单满足情况!$H:$H,订单明细!$I:$I,总体订单满足情况!K$2),"") | L14: =IFERROR(SUMIFS(订单明细!$K:$K,订单明细!$A:$A,总体订单满足情况!$H:$H,订单明细!$I:$I,总体订单满足情况!L$2)/SUMIFS(订单明细!$J:$J,订单明细!$A:$A,总体订单满足情况!$H:$H,订单明细!$I:$I,总体订单满足情况!L$2),"") | M14: =IFERROR(SUMIFS(订单明细!$K:$K,订单明细!$A:$A,总体订单满足情况!$H:$H,订单明细!$I:$I,总体订单满足情况!M$2)/SUMIFS(订单明细!$J:$J,订单明细!$A:$A,总体订单满足情况!$H:$H,订单明细!$I:$I,总体订单满足情况!M$2),"") | N14: =IFERROR(SUMIFS(订单明细!$K:$K,订单明细!$A:$A,总体订单满足情况!$H:$H,订单明细!$I:$I,总体订单满足情况!N$2)/SUMIFS(订单明细!$J:$J,订单明细!$A:$A,总体订单满足情况!$H:$H,订单明细!$I:$I,总体订单满足情况!N$2),"")
I15: =IFERROR(SUMIFS(订单明细!$K:$K,订单明细!$A:$A,总体订单满足情况!$H:$H,订单明细!$I:$I,总体订单满足情况!I$2)/SUMIFS(订单明细!$J:$J,订单明细!$A:$A,总体订单满足情况!$H:$H,订单明细!$I:$I,总体订单满足情况!I$2),"") | J15: =IFERROR(SUMIFS(订单明细!$K:$K,订单明细!$A:$A,总体订单满足情况!$H:$H,订单明细!$I:$I,总体订单满足情况!J$2)/SUMIFS(订单明细!$J:$J,订单明细!$A:$A,总体订单满足情况!$H:$H,订单明细!$I:$I,总体订单满足情况!J$2),"") | K15: =IFERROR(SUMIFS(订单明细!$K:$K,订单明细!$A:$A,总体订单满足情况!$H:$H,订单明细!$I:$I,总体订单满足情况!K$2)/SUMIFS(订单明细!$J:$J,订单明细!$A:$A,总体订单满足情况!$H:$H,订单明细!$I:$I,总体订单满足情况!K$2),"") | L15: =IFERROR(SUMIFS(订单明细!$K:$K,订单明细!$A:$A,总体订单满足情况!$H:$H,订单明细!$I:$I,总体订单满足情况!L$2)/SUMIFS(订单明细!$J:$J,订单明细!$A:$A,总体订单满足情况!$H:$H,订单明细!$I:$I,总体订单满足情况!L$2),"") | M15: =IFERROR(SUMIFS(订单明细!$K:$K,订单明细!$A:$A,总体订单满足情况!$H:$H,订单明细!$I:$I,总体订单满足情况!M$2)/SUMIFS(订单明细!$J:$J,订单明细!$A:$A,总体订单满足情况!$H:$H,订单明细!$I:$I,总体订单满足情况!M$2),"") | N15: =IFERROR(SUMIFS(订单明细!$K:$K,订单明细!$A:$A,总体订单满足情况!$H:$H,订单明细!$I:$I,总体订单满足情况!N$2)/SUMIFS(订单明细!$J:$J,订单明细!$A:$A,总体订单满足情况!$H:$H,订单明细!$I:$I,总体订单满足情况!N$2),"")
I16: =IFERROR(SUMIFS(订单明细!$K:$K,订单明细!$A:$A,总体订单满足情况!$H:$H,订单明细!$I:$I,总体订单满足情况!I$2)/SUMIFS(订单明细!$J:$J,订单明细!$A:$A,总体订单满足情况!$H:$H,订单明细!$I:$I,总体订单满足情况!I$2),"") | J16: =IFERROR(SUMIFS(订单明细!$K:$K,订单明细!$A:$A,总体订单满足情况!$H:$H,订单明细!$I:$I,总体订单满足情况!J$2)/SUMIFS(订单明细!$J:$J,订单明细!$A:$A,总体订单满足情况!$H:$H,订单明细!$I:$I,总体订单满足情况!J$2),"") | K16: =IFERROR(SUMIFS(订单明细!$K:$K,订单明细!$A:$A,总体订单满足情况!$H:$H,订单明细!$I:$I,总体订单满足情况!K$2)/SUMIFS(订单明细!$J:$J,订单明细!$A:$A,总体订单满足情况!$H:$H,订单明细!$I:$I,总体订单满足情况!K$2),"") | L16: =IFERROR(SUMIFS(订单明细!$K:$K,订单明细!$A:$A,总体订单满足情况!$H:$H,订单明细!$I:$I,总体订单满足情况!L$2)/SUMIFS(订单明细!$J:$J,订单明细!$A:$A,总体订单满足情况!$H:$H,订单明细!$I:$I,总体订单满足情况!L$2),"") | M16: =IFERROR(SUMIFS(订单明细!$K:$K,订单明细!$A:$A,总体订单满足情况!$H:$H,订单明细!$I:$I,总体订单满足情况!M$2)/SUMIFS(订单明细!$J:$J,订单明细!$A:$A,总体订单满足情况!$H:$H,订单明细!$I:$I,总体订单满足情况!M$2),"") | N16: =IFERROR(SUMIFS(订单明细!$K:$K,订单明细!$A:$A,总体订单满足情况!$H:$H,订单明细!$I:$I,总体订单满足情况!N$2)/SUMIFS(订单明细!$J:$J,订单明细!$A:$A,总体订单满足情况!$H:$H,订单明细!$I:$I,总体订单满足情况!N$2),"")
I17: =IFERROR(SUMIFS(订单明细!$K:$K,订单明细!$A:$A,总体订单满足情况!$H:$H,订单明细!$I:$I,总体订单满足情况!I$2)/SUMIFS(订单明细!$J:$J,订单明细!$A:$A,总体订单满足情况!$H:$H,订单明细!$I:$I,总体订单满足情况!I$2),"") | J17: =IFERROR(SUMIFS(订单明细!$K:$K,订单明细!$A:$A,总体订单满足情况!$H:$H,订单明细!$I:$I,总体订单满足情况!J$2)/SUMIFS(订单明细!$J:$J,订单明细!$A:$A,总体订单满足情况!$H:$H,订单明细!$I:$I,总体订单满足情况!J$2),"") | K17: =IFERROR(SUMIFS(订单明细!$K:$K,订单明细!$A:$A,总体订单满足情况!$H:$H,订单明细!$I:$I,总体订单满足情况!K$2)/SUMIFS(订单明细!$J:$J,订单明细!$A:$A,总体订单满足情况!$H:$H,订单明细!$I:$I,总体订单满足情况!K$2),"") | L17: =IFERROR(SUMIFS(订单明细!$K:$K,订单明细!$A:$A,总体订单满足情况!$H:$H,订单明细!$I:$I,总体订单满足情况!L$2)/SUMIFS(订单明细!$J:$J,订单明细!$A:$A,总体订单满足情况!$H:$H,订单明细!$I:$I,总体订单满足情况!L$2),"") | M17: =IFERROR(SUMIFS(订单明细!$K:$K,订单明细!$A:$A,总体订单满足情况!$H:$H,订单明细!$I:$I,总体订单满足情况!M$2)/SUMIFS(订单明细!$J:$J,订单明细!$A:$A,总体订单满足情况!$H:$H,订单明细!$I:$I,总体订单满足情况!M$2),"") | N17: =IFERROR(SUMIFS(订单明细!$K:$K,订单明细!$A:$A,总体订单满足情况!$H:$H,订单明细!$I:$I,总体订单满足情况!N$2)/SUMIFS(订单明细!$J:$J,订单明细!$A:$A,总体订单满足情况!$H:$H,订单明细!$I:$I,总体订单满足情况!N$2),"")
I18: =IFERROR(SUMIFS(订单明细!$K:$K,订单明细!$A:$A,总体订单满足情况!$H:$H,订单明细!$I:$I,总体订单满足情况!I$2)/SUMIFS(订单明细!$J:$J,订单明细!$A:$A,总体订单满足情况!$H:$H,订单明细!$I:$I,总体订单满足情况!I$2),"") | J18: =IFERROR(SUMIFS(订单明细!$K:$K,订单明细!$A:$A,总体订单满足情况!$H:$H,订单明细!$I:$I,总体订单满足情况!J$2)/SUMIFS(订单明细!$J:$J,订单明细!$A:$A,总体订单满足情况!$H:$H,订单明细!$I:$I,总体订单满足情况!J$2),"") | K18: =IFERROR(SUMIFS(订单明细!$K:$K,订单明细!$A:$A,总体订单满足情况!$H:$H,订单明细!$I:$I,总体订单满足情况!K$2)/SUMIFS(订单明细!$J:$J,订单明细!$A:$A,总体订单满足情况!$H:$H,订单明细!$I:$I,总体订单满足情况!K$2),"") | L18: =IFERROR(SUMIFS(订单明细!$K:$K,订单明细!$A:$A,总体订单满足情况!$H:$H,订单明细!$I:$I,总体订单满足情况!L$2)/SUMIFS(订单明细!$J:$J,订单明细!$A:$A,总体订单满足情况!$H:$H,订单明细!$I:$I,总体订单满足情况!L$2),"") | M18: =IFERROR(SUMIFS(订单明细!$K:$K,订单明细!$A:$A,总体订单满足情况!$H:$H,订单明细!$I:$I,总体订单满足情况!M$2)/SUMIFS(订单明细!$J:$J,订单明细!$A:$A,总体订单满足情况!$H:$H,订单明细!$I:$I,总体订单满足情况!M$2),"") | N18: =IFERROR(SUMIFS(订单明细!$K:$K,订单明细!$A:$A,总体订单满足情况!$H:$H,订单明细!$I:$I,总体订单满足情况!N$2)/SUMIFS(订单明细!$J:$J,订单明细!$A:$A,总体订单满足情况!$H:$H,订单明细!$I:$I,总体订单满足情况!N$2),"")
I19: =IFERROR(SUMIFS(订单明细!$K:$K,订单明细!$A:$A,总体订单满足情况!$H:$H,订单明细!$I:$I,总体订单满足情况!I$2)/SUMIFS(订单明细!$J:$J,订单明细!$A:$A,总体订单满足情况!$H:$H,订单明细!$I:$I,总体订单满足情况!I$2),"") | J19: =IFERROR(SUMIFS(订单明细!$K:$K,订单明细!$A:$A,总体订单满足情况!$H:$H,订单明细!$I:$I,总体订单满足情况!J$2)/SUMIFS(订单明细!$J:$J,订单明细!$A:$A,总体订单满足情况!$H:$H,订单明细!$I:$I,总体订单满足情况!J$2),"") | K19: =IFERROR(SUMIFS(订单明细!$K:$K,订单明细!$A:$A,总体订单满足情况!$H:$H,订单明细!$I:$I,总体订单满足情况!K$2)/SUMIFS(订单明细!$J:$J,订单明细!$A:$A,总体订单满足情况!$H:$H,订单明细!$I:$I,总体订单满足情况!K$2),"") | L19: =IFERROR(SUMIFS(订单明细!$K:$K,订单明细!$A:$A,总体订单满足情况!$H:$H,订单明细!$I:$I,总体订单满足情况!L$2)/SUMIFS(订单明细!$J:$J,订单明细!$A:$A,总体订单满足情况!$H:$H,订单明细!$I:$I,总体订单满足情况!L$2),"") | M19: =IFERROR(SUMIFS(订单明细!$K:$K,订单明细!$A:$A,总体订单满足情况!$H:$H,订单明细!$I:$I,总体订单满足情况!M$2)/SUMIFS(订单明细!$J:$J,订单明细!$A:$A,总体订单满足情况!$H:$H,订单明细!$I:$I,总体订单满足情况!M$2),"") | N19: =IFERROR(SUMIFS(订单明细!$K:$K,订单明细!$A:$A,总体订单满足情况!$H:$H,订单明细!$I:$I,总体订单满足情况!N$2)/SUMIFS(订单明细!$J:$J,订单明细!$A:$A,总体订单满足情况!$H:$H,订单明细!$I:$I,总体订单满足情况!N$2),"")
I20: =IFERROR(SUMIFS(订单明细!$K:$K,订单明细!$A:$A,总体订单满足情况!$H:$H,订单明细!$I:$I,总体订单满足情况!I$2)/SUMIFS(订单明细!$J:$J,订单明细!$A:$A,总体订单满足情况!$H:$H,订单明细!$I:$I,总体订单满足情况!I$2),"") | J20: =IFERROR(SUMIFS(订单明细!$K:$K,订单明细!$A:$A,总体订单满足情况!$H:$H,订单明细!$I:$I,总体订单满足情况!J$2)/SUMIFS(订单明细!$J:$J,订单明细!$A:$A,总体订单满足情况!$H:$H,订单明细!$I:$I,总体订单满足情况!J$2),"") | K20: =IFERROR(SUMIFS(订单明细!$K:$K,订单明细!$A:$A,总体订单满足情况!$H:$H,订单明细!$I:$I,总体订单满足情况!K$2)/SUMIFS(订单明细!$J:$J,订单明细!$A:$A,总体订单满足情况!$H:$H,订单明细!$I:$I,总体订单满足情况!K$2),"") | L20: =IFERROR(SUMIFS(订单明细!$K:$K,订单明细!$A:$A,总体订单满足情况!$H:$H,订单明细!$I:$I,总体订单满足情况!L$2)/SUMIFS(订单明细!$J:$J,订单明细!$A:$A,总体订单满足情况!$H:$H,订单明细!$I:$I,总体订单满足情况!L$2),"") | M20: =IFERROR(SUMIFS(订单明细!$K:$K,订单明细!$A:$A,总体订单满足情况!$H:$H,订单明细!$I:$I,总体订单满足情况!M$2)/SUMIFS(订单明细!$J:$J,订单明细!$A:$A,总体订单满足情况!$H:$H,订单明细!$I:$I,总体订单满足情况!M$2),"") | N20: =IFERROR(SUMIFS(订单明细!$K:$K,订单明细!$A:$A,总体订单满足情况!$H:$H,订单明细!$I:$I,总体订单满足情况!N$2)/SUMIFS(订单明细!$J:$J,订单明细!$A:$A,总体订单满足情况!$H:$H,订单明细!$I:$I,总体订单满足情况!N$2),"")
I21: =IFERROR(SUMIFS(订单明细!$K:$K,订单明细!$A:$A,总体订单满足情况!$H:$H,订单明细!$I:$I,总体订单满足情况!I$2)/SUMIFS(订单明细!$J:$J,订单明细!$A:$A,总体订单满足情况!$H:$H,订单明细!$I:$I,总体订单满足情况!I$2),"") | J21: =IFERROR(SUMIFS(订单明细!$K:$K,订单明细!$A:$A,总体订单满足情况!$H:$H,订单明细!$I:$I,总体订单满足情况!J$2)/SUMIFS(订单明细!$J:$J,订单明细!$A:$A,总体订单满足情况!$H:$H,订单明细!$I:$I,总体订单满足情况!J$2),"") | K21: =IFERROR(SUMIFS(订单明细!$K:$K,订单明细!$A:$A,总体订单满足情况!$H:$H,订单明细!$I:$I,总体订单满足情况!K$2)/SUMIFS(订单明细!$J:$J,订单明细!$A:$A,总体订单满足情况!$H:$H,订单明细!$I:$I,总体订单满足情况!K$2),"") | L21: =IFERROR(SUMIFS(订单明细!$K:$K,订单明细!$A:$A,总体订单满足情况!$H:$H,订单明细!$I:$I,总体订单满足情况!L$2)/SUMIFS(订单明细!$J:$J,订单明细!$A:$A,总体订单满足情况!$H:$H,订单明细!$I:$I,总体订单满足情况!L$2),"") | M21: =IFERROR(SUMIFS(订单明细!$K:$K,订单明细!$A:$A,总体订单满足情况!$H:$H,订单明细!$I:$I,总体订单满足情况!M$2)/SUMIFS(订单明细!$J:$J,订单明细!$A:$A,总体订单满足情况!$H:$H,订单明细!$I:$I,总体订单满足情况!M$2),"") | N21: =IFERROR(SUMIFS(订单明细!$K:$K,订单明细!$A:$A,总体订单满足情况!$H:$H,订单明细!$I:$I,总体订单满足情况!N$2)/SUMIFS(订单明细!$J:$J,订单明细!$A:$A,总体订单满足情况!$H:$H,订单明细!$I:$I,总体订单满足情况!N$2),"")
I22: =IFERROR(SUMIFS(订单明细!$K:$K,订单明细!$A:$A,总体订单满足情况!$H:$H,订单明细!$I:$I,总体订单满足情况!I$2)/SUMIFS(订单明细!$J:$J,订单明细!$A:$A,总体订单满足情况!$H:$H,订单明细!$I:$I,总体订单满足情况!I$2),"") | J22: =IFERROR(SUMIFS(订单明细!$K:$K,订单明细!$A:$A,总体订单满足情况!$H:$H,订单明细!$I:$I,总体订单满足情况!J$2)/SUMIFS(订单明细!$J:$J,订单明细!$A:$A,总体订单满足情况!$H:$H,订单明细!$I:$I,总体订单满足情况!J$2),"") | K22: =IFERROR(SUMIFS(订单明细!$K:$K,订单明细!$A:$A,总体订单满足情况!$H:$H,订单明细!$I:$I,总体订单满足情况!K$2)/SUMIFS(订单明细!$J:$J,订单明细!$A:$A,总体订单满足情况!$H:$H,订单明细!$I:$I,总体订单满足情况!K$2),"") | L22: =IFERROR(SUMIFS(订单明细!$K:$K,订单明细!$A:$A,总体订单满足情况!$H:$H,订单明细!$I:$I,总体订单满足情况!L$2)/SUMIFS(订单明细!$J:$J,订单明细!$A:$A,总体订单满足情况!$H:$H,订单明细!$I:$I,总体订单满足情况!L$2),"") | M22: =IFERROR(SUMIFS(订单明细!$K:$K,订单明细!$A:$A,总体订单满足情况!$H:$H,订单明细!$I:$I,总体订单满足情况!M$2)/SUMIFS(订单明细!$J:$J,订单明细!$A:$A,总体订单满足情况!$H:$H,订单明细!$I:$I,总体订单满足情况!M$2),"") | N22: =IFERROR(SUMIFS(订单明细!$K:$K,订单明细!$A:$A,总体订单满足情况!$H:$H,订单明细!$I:$I,总体订单满足情况!N$2)/SUMIFS(订单明细!$J:$J,订单明细!$A:$A,总体订单满足情况!$H:$H,订单明细!$I:$I,总体订单满足情况!N$2),"")

Sheet 日订单满足明细
A1: 华南RDC | M1: 西北RDC
A2: 日期 | B2: 渠道 | D2: 品牌 | M2: 日期 | N2: 渠道 | P2: 品牌
B3: 经销商 | C3: KA | D3: 六神 | E3: 美加净 | F3: 家安 | G3: 启初 | H3: 传统 | I3: 高夫 | J3: 片仔癀 | K3: 上海 | N3: 经销商 | O3: KA | P3: 六神 | Q3: 美加净 | R3: 家安 | S3: 启初 | T3: 传统 | U3: 高夫 | V3: 片仔癀 | W3: 上海
A4: 46266 | B4: =IFERROR(SUMIFS(订单明细!$K:$K,订单明细!$I:$I,日订单满足明细!$A$1,订单明细!$C:$C,日订单满足明细!$B$3,订单明细!$A:$A,日订单满足明细!$A4)/SUMIFS(订单明细!$J:$J,订单明细!$I:$I,日订单满足明细!$A$1,订单明细!$C:$C,日订单满足明细!$B$3,订单明细!$A:$A,日订单满足明细!$A4),"") -> 0.78790336 | C4: =IFERROR(SUMIFS(订单明细!$K:$K,订单明细!$I:$I,日订单满足明细!$A$1,订单明细!$C:$C,日订单满足明细!$C$3,订单明细!$A:$A,日订单满足明细!$A4)/SUMIFS(订单明细!$J:$J,订单明细!$I:$I,日订单满足明细!$A$1,订单明细!$C:$C,日订单满足明细!$C$3,订单明细!$A:$A,日订单满足明细!$A4),"") -> 0.90324223 | D4: =IFERROR(SUMIFS(订单明细!$K:$K,订单明细!$I:$I,$A$1,订单明细!$D:$D,日订单满足明细!D$3,订单明细!$A:$A,日订单满足明细!$A4)/SUMIFS(订单明细!$J:$J,订单明细!$I:$I,$A$1,订单明细!$D:$D,日订单满足明细!D$3,订单明细!$A:$A,日订单满足明细!$A4),"") -> 0.82890691 | E4: =IFERROR(SUMIFS(订单明细!$K:$K,订单明细!$I:$I,$A$1,订单明细!$D:$D,日订单满足明细!E$3,订单明细!$A:$A,日订单满足明细!$A4)/SUMIFS(订单明细!$J:$J,订单明细!$I:$I,$A$1,订单明细!$D:$D,日订单满足明细!E$3,订单明细!$A:$A,日订单满足明细!$A4),"") -> 1 | F4: =IFERROR(SUMIFS(订单明细!$K:$K,订单明细!$I:$I,$A$1,订单明细!$D:$D,日订单满足明细!F$3,订单明细!$A:$A,日订单满足明细!$A4)/SUMIFS(订单明细!$J:$J,订单明细!$I:$I,$A$1,订单明细!$D:$D,日订单满足明细!F$3,订单明细!$A:$A,日订单满足明细!$A4),"") -> 1 | G4: =IFERROR(SUMIFS(订单明细!$K:$K,订单明细!$I:$I,$A$1,订单明细!$D:$D,日订单满足明细!G$3,订单明细!$A:$A,日订单满足明细!$A4)/SUMIFS(订单明细!$J:$J,订单明细!$I:$I,$A$1,订单明细!$D:$D,日订单满足明细!G$3,订单明细!$A:$A,日订单满足明细!$A4),"") -> 0.91428571 | H4: =IFERROR(SUMIFS(订单明细!$K:$K,订单明细!$I:$I,$A$1,订单明细!$D:$D,日订单满足明细!H$3,订单明细!$A:$A,日订单满足明细!$A4)/SUMIFS(订单明细!$J:$J,订单明细!$I:$I,$A$1,订单明细!$D:$D,日订单满足明细!H$3,订单明细!$A:$A,日订单满足明细!$A4),"") | I4: =IFERROR(SUMIFS(订单明细!$K:$K,订单明细!$I:$I,$A$1,订单明细!$D:$D,日订单满足明细!I$3,订单明细!$A:$A,日订单满足明细!$A4)/SUMIFS(订单明细!$J:$J,订单明细!$I:$I,$A$1,订单明细!$D:$D,日订单满足明细!I$3,订单明细!$A:$A,日订单满足明细!$A4),"") | J4: =IFERROR(SUMIFS(订单明细!$K:$K,订单明细!$I:$I,$A$1,订单明细!$D:$D,日订单满足明细!J$3,订单明细!$A:$A,日订单满足明细!$A4)/SUMIFS(订单明细!$J:$J,订单明细!$I:$I,$A$1,订单明细!$D:$D,日订单满足明细!J$3,订单明细!$A:$A,日订单满足明细!$A4),"") | K4: =IFERROR(SUMIFS(订单明细!$K:$K,订单明细!$I:$I,$A$1,订单明细!$D:$D,日订单满足明细!K$3,订单明细!$A:$A,日订单满足明细!$A4)/SUMIFS(订单明细!$J:$J,订单明细!$I:$I,$A$1,订单明细!$D:$D,日订单满足明细!K$3,订单明细!$A:$A,日订单满足明细!$A4),"") -> 1 | M4: 46266 | N4: =IFERROR(SUMIFS(订单明细!$K:$K,订单明细!$I:$I,$M$1,订单明细!$C:$C,日订单满足明细!$N$3,订单明细!$A:$A,日订单满足明细!$A4)/SUMIFS(订单明细!$J:$J,订单明细!$I:$I,$M$1,订单明细!$C:$C,日订单满足明细!$N$3,订单明细!$A:$A,日订单满足明细!$A4),"") -> 0.89417323 | O4: =IFERROR(SUMIFS(订单明细!$K:$K,订单明细!$I:$I,$M$1,订单明细!$C:$C,日订单满足明细!$O$3,订单明细!$A:$A,日订单满足明细!$A4)/SUMIFS(订单明细!$J:$J,订单明细!$I:$I,$M$1,订单明细!$C:$C,日订单满足明细!$O$3,订单明细!$A:$A,日订单满足明细!$A4),"") -> 0.98830409 | P4: =IFERROR(SUMIFS(订单明细!$K:$K,订单明细!$I:$I,$M$1,订单明细!$D:$D,日订单满足明细!P$3,订单明细!$A:$A,日订单满足明细!$A4)/SUMIFS(订单明细!$J:$J,订单明细!$I:$I,$M$1,订单明细!$D:$D,日订单满足明细!P$3,订单明细!$A:$A,日订单满足明细!$A4),"") -> 0.99583767 | Q4: =IFERROR(SUMIFS(订单明细!$K:$K,订单明细!$I:$I,$M$1,订单明细!$D:$D,日订单满足明细!Q$3,订单明细!$A:$A,日订单满足明细!$A4)/SUMIFS(订单明细!$J:$J,订单明细!$I:$I,$M$1,订单明细!$D:$D,日订单满足明细!Q$3,订单明细!$A:$A,日订单满足明细!$A4),"") -> 1 | R4: =IFERROR(SUMIFS(订单明细!$K:$K,订单明细!$I:$I,$M$1,订单明细!$D:$D,日订单满足明细!R$3,订单明细!$A:$A,日订单满足明细!$A4)/SUMIFS(订单明细!$J:$J,订单明细!$I:$I,$M$1,订单明细!$D:$D,日订单满足明细!R$3,订单明细!$A:$A,日订单满足明细!$A4),"") -> 1 | S4: =IFERROR(SUMIFS(订单明细!$K:$K,订单明细!$I:$I,$M$1,订单明细!$D:$D,日订单满足明细!S$3,订单明细!$A:$A,日订单满足明细!$A4)/SUMIFS(订单明细!$J:$J,订单明细!$I:$I,$M$1,订单明细!$D:$D,日订单满足明细!S$3,订单明细!$A:$A,日订单满足明细!$A4),"") -> 1 | T4: =IFERROR(SUMIFS(订单明细!$K:$K,订单明细!$I:$I,$M$1,订单明细!$D:$D,日订单满足明细!T$3,订单明细!$A:$A,日订单满足明细!$A4)/SUMIFS(订单明细!$J:$J,订单明细!$I:$I,$M$1,订单明细!$D:$D,日订单满足明细!T$3,订单明细!$A:$A,日订单满足明细!$A4),"") | U4: =IFERROR(SUMIFS(订单明细!$K:$K,订单明细!$I:$I,$M$1,订单明细!$D:$D,日订单满足明细!U$3,订单明细!$A:$A,日订单满足明细!$A4)/SUMIFS(订单明细!$J:$J,订单明细!$I:$I,$M$1,订单明细!$D:$D,日订单满足明细!U$3,订单明细!$A:$A,日订单满足明细!$A4),"") -> 0.52742616 | V4: =IFERROR(SUMIFS(订单明细!$K:$K,订单明细!$I:$I,$M$1,订单明细!$D:$D,日订单满足明细!V$3,订单明细!$A:$A,日订单满足明细!$A4)/SUMIFS(订单明细!$J:$J,订单明细!$I:$I,$M$1,订单明细!$D:$D,日订单满足明细!V$3,订单明细!$A:$A,日订单满足明细!$A4),"") | W4: =IFERROR(SUMIFS(订单明细!$K:$K,订单明细!$I:$I,$M$1,订单明细!$D:$D,日订单满足明细!W$3,订单明细!$A:$A,日订单满足明细!$A4)/SUMIFS(订单明细!$J:$J,订单明细!$I:$I,$M$1,订单明细!$D:$D,日订单满足明细!W$3,订单明细!$A:$A,日订单满足明细!$A4),"") -> 1
A5: 46267 | B5: =IFERROR(SUMIFS(订单明细!$K:$K,订单明细!$I:$I,日订单满足明细!$A$1,订单明细!$C:$C,日订单满足明细!$B$3,订单明细!$A:$A,日订单满足明细!$A5)/SUMIFS(订单明细!$J:$J,订单明细!$I:$I,日订单满足明细!$A$1,订单明细!$C:$C,日订单满足明细!$B$3,订单明细!$A:$A,日订单满足明细!$A5),"") -> 0.96559414 | C5: =IFERROR(SUMIFS(订单明细!$K:$K,订单明细!$I:$I,日订单满足明细!$A$1,订单明细!$C:$C,日订单满足明细!$C$3,订单明细!$A:$A,日订单满足明细!$A5)/SUMIFS(订单明细!$J:$J,订单明细!$I:$I,日订单满足明细!$A$1,订单明细!$C:$C,日订单满足明细!$C$3,订单明细!$A:$A,日订单满足明细!$A5),"") -> 0.70658683 | D5: =IFERROR(SUMIFS(订单明细!$K:$K,订单明细!$I:$I,$A$1,订单明细!$D:$D,日订单满足明细!D$3,订单明细!$A:$A,日订单满足明细!$A5)/SUMIFS(订单明细!$J:$J,订单明细!$I:$I,$A$1,订单明细!$D:$D,日订单满足明细!D$3,订单明细!$A:$A,日订单满足明细!$A5),"") -> 0.9622194 | E5: =IFERROR(SUMIFS(订单明细!$K:$K,订单明细!$I:$I,$A$1,订单明细!$D:$D,日订单满足明细!E$3,订单明细!$A:$A,日订单满足明细!$A5)/SUMIFS(订单明细!$J:$J,订单明细!$I:$I,$A$1,订单明细!$D:$D,日订单满足明细!E$3,订单明细!$A:$A,日订单满足明细!$A5),"") -> 1 | F5: =IFERROR(SUMIFS(订单明细!$K:$K,订单明细!$I:$I,$A$1,订单明细!$D:$D,日订单满足明细!F$3,订单明细!$A:$A,日订单满足明细!$A5)/SUMIFS(订单明细!$J:$J,订单明细!$I:$I,$A$1,订单明细!$D:$D,日订单满足明细!F$3,订单明细!$A:$A,日订单满足明细!$A5),"") -> 1 | G5: =IFERROR(SUMIFS(订单明细!$K:$K,订单明细!$I:$I,$A$1,订单明细!$D:$D,日订单满足明细!G$3,订单明细!$A:$A,日订单满足明细!$A5)/SUMIFS(订单明细!$J:$J,订单明细!$I:$I,$A$1,订单明细!$D:$D,日订单满足明细!G$3,订单明细!$A:$A,日订单满足明细!$A5),"") -> 0.56701031 | H5: =IFERROR(SUMIFS(订单明细!$K:$K,订单明细!$I:$I,$A$1,订单明细!$D:$D,日订单满足明细!H$3,订单明细!$A:$A,日订单满足明细!$A5)/SUMIFS(订单明细!$J:$J,订单明细!$I:$I,$A$1,订单明细!$D:$D,日订单满足明细!H$3,订单明细!$A:$A,日订单满足明细!$A5),"") | I5: =IFERROR(SUMIFS(订单明细!$K:$K,订单明细!$I:$I,$A$1,订单明细!$D:$D,日订单满足明细!I$3,订单明细!$A:$A,日订单满足明细!$A5)/SUMIFS(订单明细!$J:$J,订单明细!$I:$I,$A$1,订单明细!$D:$D,日订单满足明细!I$3,订单明细!$A:$A,日订单满足明细!$A5),"") | J5: =IFERROR(SUMIFS(订单明细!$K:$K,订单明细!$I:$I,$A$1,订单明细!$D:$D,日订单满足明细!J$3,订单明细!$A:$A,日订单满足明细!$A5)/SUMIFS(订单明细!$J:$J,订单明细!$I:$I,$A$1,订单明细!$D:$D,日订单满足明细!J$3,订单明细!$A:$A,日订单满足明细!$A5),"") | K5: =IFERROR(SUMIFS(订单明细!$K:$K,订单明细!$I:$I,$A$1,订单明细!$D:$D,日订单满足明细!K$3,订单明细!$A:$A,日订单满足明细!$A5)/SUMIFS(订单明细!$J:$J,订单明细!$I:$I,$A$1,订单明细!$D:$D,日订单满足明细!K$3,订单明细!$A:$A,日订单满足明细!$A5),"") -> 1 | M5: 46267 | N5: =IFERROR(SUMIFS(订单明细!$K:$K,订单明细!$I:$I,$M$1,订单明细!$C:$C,日订单满足明细!$N$3,订单明细!$A:$A,日订单满足明细!$A5)/SUMIFS(订单明细!$J:$J,订单明细!$I:$I,$M$1,订单明细!$C:$C,日订单满足明细!$N$3,订单明细!$A:$A,日订单满足明细!$A5),"") -> 0.96316832 | O5: =IFERROR(SUMIFS(订单明细!$K:$K,订单明细!$I:$I,$M$1,订单明细!$C:$C,日订单满足明细!$O$3,订单明细!$A:$A,日订单满足明细!$A5)/SUMIFS(订单明细!$J:$J,订单明细!$I:$I,$M$1,订单明细!$C:$C,日订单满足明细!$O$3,订单明细!$A:$A,日订单满足明细!$A5),"") -> 0.88235294 | P5: =IFERROR(SUMIFS(订单明细!$K:$K,订单明细!$I:$I,$M$1,订单明细!$D:$D,日订单满足明细!P$3,订单明细!$A:$A,日订单满足明细!$A5)/SUMIFS(订单明细!$J:$J,订单明细!$I:$I,$M$1,订单明细!$D:$D,日订单满足明细!P$3,订单明细!$A:$A,日订单满足明细!$A5),"") -> 0.94333333 | Q5: =IFERROR(SUMIFS(订单明细!$K:$K,订单明细!$I:$I,$M$1,订单明细!$D:$D,日订单满足明细!Q$3,订单明细!$A:$A,日订单满足明细!$A5)/SUMIFS(订单明细!$J:$J,订单明细!$I:$I,$M$1,订单明细!$D:$D,日订单满足明细!Q$3,订单明细!$A:$A,日订单满足明细!$A5),"") -> 0.99534161 | R5: =IFERROR(SUMIFS(订单明细!$K:$K,订单明细!$I:$I,$M$1,订单明细!$D:$D,日订单满足明细!R$3,订单明细!$A:$A,日订单满足明细!$A5)/SUMIFS(订单明细!$J:$J,订单明细!$I:$I,$M$1,订单明细!$D:$D,日订单满足明细!R$3,订单明细!$A:$A,日订单满足明细!$A5),"") -> 1 | S5: =IFERROR(SUMIFS(订单明细!$K:$K,订单明细!$I:$I,$M$1,订单明细!$D:$D,日订单满足明细!S$3,订单明细!$A:$A,日订单满足明细!$A5)/SUMIFS(订单明细!$J:$J,订单明细!$I:$I,$M$1,订单明细!$D:$D,日订单满足明细!S$3,订单明细!$A:$A,日订单满足明细!$A5),"") -> 1 | T5: =IFERROR(SUMIFS(订单明细!$K:$K,订单明细!$I:$I,$M$1,订单明细!$D:$D,日订单满足明细!T$3,订单明细!$A:$A,日订单满足明细!$A5)/SUMIFS(订单明细!$J:$J,订单明细!$I:$I,$M$1,订单明细!$D:$D,日订单满足明细!T$3,订单明细!$A:$A,日订单满足明细!$A5),"") | U5: =IFERROR(SUMIFS(订单明细!$K:$K,订单明细!$I:$I,$M$1,订单明细!$D:$D,日订单满足明细!U$3,订单明细!$A:$A,日订单满足明细!$A5)/SUMIFS(订单明细!$J:$J,订单明细!$I:$I,$M$1,订单明细!$D:$D,日订单满足明细!U$3,订单明细!$A:$A,日订单满足明细!$A5),"") -> 0.69565217 | V5: =IFERROR(SUMIFS(订单明细!$K:$K,订单明细!$I:$I,$M$1,订单明细!$D:$D,日订单满足明细!V$3,订单明细!$A:$A,日订单满足明细!$A5)/SUMIFS(订单明细!$J:$J,订单明细!$I:$I,$M$1,订单明细!$D:$D,日订单满足明细!V$3,订单明细!$A:$A,日订单满足明细!$A5),"") | W5: =IFERROR(SUMIFS(订单明细!$K:$K,订单明细!$I:$I,$M$1,订单明细!$D:$D,日订单满足明细!W$3,订单明细!$A:$A,日订单满足明细!$A5)/SUMIFS(订单明细!$J:$J,订单明细!$I:$I,$M$1,订单明细!$D:$D,日订单满足明细!W$3,订单明细!$A:$A,日订单满足明细!$A5),"")
A6: 46268 | B6: =IFERROR(SUMIFS(订单明细!$K:$K,订单明细!$I:$I,日订单满足明细!$A$1,订单明细!$C:$C,日订单满足明细!$B$3,订单明细!$A:$A,日订单满足明细!$A6)/SUMIFS(订单明细!$J:$J,订单明细!$I:$I,日订单满足明细!$A$1,订单明细!$C:$C,日订单满足明细!$B$3,订单明细!$A:$A,日订单满足明细!$A6),"") -> 0.86553925 | C6: =IFERROR(SUMIFS(订单明细!$K:$K,订单明细!$I:$I,日订单满足明细!$A$1,订单明细!$C:$C,日订单满足明细!$C$3,订单明细!$A:$A,日订单满足明细!$A6)/SUMIFS(订单明细!$J:$J,订单明细!$I:$I,日订单满足明细!$A$1,订单明细!$C:$C,日订单满足明细!$C$3,订单明细!$A:$A,日订单满足明细!$A6),"") -> 0.8968347 | D6: =IFERROR(SUMIFS(订单明细!$K:$K,订单明细!$I:$I,$A$1,订单明细!$D:$D,日订单满足明细!D$3,订单明细!$A:$A,日订单满足明细!$A6)/SUMIFS(订单明细!$J:$J,订单明细!$I:$I,$A$1,订单明细!$D:$D,日订单满足明细!D$3,订单明细!$A:$A,日订单满足明细!$A6),"") -> 0.90180803 | E6: =IFERROR(SUMIFS(订单明细!$K:$K,订单明细!$I:$I,$A$1,订单明细!$D:$D,日订单满足明细!E$3,订单明细!$A:$A,日订单满足明细!$A6)/SUMIFS(订单明细!$J:$J,订单明细!$I:$I,$A$1,订单明细!$D:$D,日订单满足明细!E$3,订单明细!$A:$A,日订单满足明细!$A6),"") -> 0.95430022 | F6: =IFERROR(SUMIFS(订单明细!$K:$K,订单明细!$I:$I,$A$1,订单明细!$D:$D,日订单满足明细!F$3,订单明细!$A:$A,日订单满足明细!$A6)/SUMIFS(订单明细!$J:$J,订单明细!$I:$I,$A$1,订单明细!$D:$D,日订单满足明细!F$3,订单明细!$A:$A,日订单满足明细!$A6),"") -> 1 | G6: =IFERROR(SUMIFS(订单明细!$K:$K,订单明细!$I:$I,$A$1,订单明细!$D:$D,日订单满足明细!G$3,订单明细!$A:$A,日订单满足明细!$A6)/SUMIFS(订单明细!$J:$J,订单明细!$I:$I,$A$1,订单明细!$D:$D,日订单满足明细!G$3,订单明细!$A:$A,日订单满足明细!$A6),"") -> 0.73333333 | H6: =IFERROR(SUMIFS(订单明细!$K:$K,订单明细!$I:$I,$A$1,订单明细!$D:$D,日订单满足明细!H$3,订单明细!$A:$A,日订单满足明细!$A6)/SUMIFS(订单明细!$J:$J,订单明细!$I:$I,$A$1,订单明细!$D:$D,日订单满足明细!H$3,订单明细!$A:$A,日订单满足明细!$A6),"") | I6: =IFERROR(SUMIFS(订单明细!$K:$K,订单明细!$I:$I,$A$1,订单明细!$D:$D,日订单满足明细!I$3,订单明细!$A:$A,日订单满足明细!$A6)/SUMIFS(订单明细!$J:$J,订单明细!$I:$I,$A$1,订单明细!$D:$D,日订单满足明细!I$3,订单明细!$A:$A,日订单满足明细!$A6),"") | J6: =IFERROR(SUMIFS(订单明细!$K:$K,订单明细!$I:$I,$A$1,订单明细!$D:$D,日订单满足明细!J$3,订单明细!$A:$A,日订单满足明细!$A6)/SUMIFS(订单明细!$J:$J,订单明细!$I:$I,$A$1,订单明细!$D:$D,日订单满足明细!J$3,订单明细!$A:$A,日订单满足明细!$A6),"") | K6: =IFERROR(SUMIFS(订单明细!$K:$K,订单明细!$I:$I,$A$1,订单明细!$D:$D,日订单满足明细!K$3,订单明细!$A:$A,日订单满足明细!$A6)/SUMIFS(订单明细!$J:$J,订单明细!$I:$I,$A$1,订单明细!$D:$D,日订单满足明细!K$3,订单明细!$A:$A,日订单满足明细!$A6),"") | M6: 46268 | N6: =IFERROR(SUMIFS(订单明细!$K:$K,订单明细!$I:$I,$M$1,订单明细!$C:$C,日订单满足明细!$N$3,订单明细!$A:$A,日订单满足明细!$A6)/SUMIFS(订单明细!$J:$J,订单明细!$I:$I,$M$1,订单明细!$C:$C,日订单满足明细!$N$3,订单明细!$A:$A,日订单满足明细!$A6),"") -> 1 | O6: =IFERROR(SUMIFS(订单明细!$K:$K,订单明细!$I:$I,$M$1,订单明细!$C:$C,日订单满足明细!$O$3,订单明细!$A:$A,日订单满足明细!$A6)/SUMIFS(订单明细!$J:$J,订单明细!$I:$I,$M$1,订单明细!$C:$C,日订单满足明细!$O$3,订单明细!$A:$A,日订单满足明细!$A6),"") -> 0.82222222 | P6: =IFERROR(SUMIFS(订单明细!$K:$K,订单明细!$I:$I,$M$1,订单明细!$D:$D,日订单满足明细!P$3,订单明细!$A:$A,日订单满足明细!$A6)/SUMIFS(订单明细!$J:$J,订单明细!$I:$I,$M$1,订单明细!$D:$D,日订单满足明细!P$3,订单明细!$A:$A,日订单满足明细!$A6),"") -> 0.94630872 | Q6: =IFERROR(SUMIFS(订单明细!$K:$K,订单明细!$I:$I,$M$1,订单明细!$D:$D,日订单满足明细!Q$3,订单明细!$A:$A,日订单满足明细!$A6)/SUMIFS(订单明细!$J:$J,订单明细!$I:$I,$M$1,订单明细!$D:$D,日订单满足明细!Q$3,订单明细!$A:$A,日订单满足明细!$A6),"") -> 1 | R6: =IFERROR(SUMIFS(订单明细!$K:$K,订单明细!$I:$I,$M$1,订单明细!$D:$D,日订单满足明细!R$3,订单明细!$A:$A,日订单满足明细!$A6)/SUMIFS(订单明细!$J:$J,订单明细!$I:$I,$M$1,订单明细!$D:$D,日订单满足明细!R$3,订单明细!$A:$A,日订单满足明细!$A6),"") | S6: =IFERROR(SUMIFS(订单明细!$K:$K,订单明细!$I:$I,$M$1,订单明细!$D:$D,日订单满足明细!S$3,订单明细!$A:$A,日订单满足明细!$A6)/SUMIFS(订单明细!$J:$J,订单明细!$I:$I,$M$1,订单明细!$D:$D,日订单满足明细!S$3,订单明细!$A:$A,日订单满足明细!$A6),"") -> 1 | T6: =IFERROR(SUMIFS(订单明细!$K:$K,订单明细!$I:$I,$M$1,订单明细!$D:$D,日订单满足明细!T$3,订单明细!$A:$A,日订单满足明细!$A6)/SUMIFS(订单明细!$J:$J,订单明细!$I:$I,$M$1,订单明细!$D:$D,日订单满足明细!T$3,订单明细!$A:$A,日订单满足明细!$A6),"") | U6: =IFERROR(SUMIFS(订单明细!$K:$K,订单明细!$I:$I,$M$1,订单明细!$D:$D,日订单满足明细!U$3,订单明细!$A:$A,日订单满足明细!$A6)/SUMIFS(订单明细!$J:$J,订单明细!$I:$I,$M$1,订单明细!$D:$D,日订单满足明细!U$3,订单明细!$A:$A,日订单满足明细!$A6),"") | V6: =IFERROR(SUMIFS(订单明细!$K:$K,订单明细!$I:$I,$M$1,订单明细!$D:$D,日订单满足明细!V$3,订单明细!$A:$A,日订单满足明细!$A6)/SUMIFS(订单明细!$J:$J,订单明细!$I:$I,$M$1,订单明细!$D:$D,日订单满足明细!V$3,订单明细!$A:$A,日订单满足明细!$A6),"") | W6: =IFERROR(SUMIFS(订单明细!$K:$K,订单明细!$I:$I,$M$1,订单明细!$D:$D,日订单满足明细!W$3,订单明细!$A:$A,日订单满足明细!$A6)/SUMIFS(订单明细!$J:$J,订单明细!$I:$I,$M$1,订单明细!$D:$D,日订单满足明细!W$3,订单明细!$A:$A,日订单满足明细!$A6),"")
A7: 46269 | B7: =IFERROR(SUMIFS(订单明细!$K:$K,订单明细!$I:$I,日订单满足明细!$A$1,订单明细!$C:$C,日订单满足明细!$B$3,订单明细!$A:$A,日订单满足明细!$A7)/SUMIFS(订单明细!$J:$J,订单明细!$I:$I,日订单满足明细!$A$1,订单明细!$C:$C,日订单满足明细!$B$3,订单明细!$A:$A,日订单满足明细!$A7),"") -> 0.9564339 | C7: =IFERROR(SUMIFS(订单明细!$K:$K,订单明细!$I:$I,日订单满足明细!$A$1,订单明细!$C:$C,日订单满足明细!$C$3,订单明细!$A:$A,日订单满足明细!$A7)/SUMIFS(订单明细!$J:$J,订单明细!$I:$I,日订单满足明细!$A$1,订单明细!$C:$C,日订单满足明细!$C$3,订单明细!$A:$A,日订单满足明细!$A7),"") -> 0.98293912 | D7: =IFERROR(SUMIFS(订单明细!$K:$K,订单明细!$I:$I,$A$1,订单明细!$D:$D,日订单满足明细!D$3,订单明细!$A:$A,日订单满足明细!$A7)/SUMIFS(订单明细!$J:$J,订单明细!$I:$I,$A$1,订单明细!$D:$D,日订单满足明细!D$3,订单明细!$A:$A,日订单满足明细!$A7),"") -> 0.93781263 | E7: =IFERROR(SUMIFS(订单明细!$K:$K,订单明细!$I:$I,$A$1,订单明细!$D:$D,日订单满足明细!E$3,订单明细!$A:$A,日订单满足明细!$A7)/SUMIFS(订单明细!$J:$J,订单明细!$I:$I,$A$1,订单明细!$D:$D,日订单满足明细!E$3,订单明细!$A:$A,日订单满足明细!$A7),"") -> 0.98239609 | F7: =IFERROR(SUMIFS(订单明细!$K:$K,订单明细!$I:$I,$A$1,订单明细!$D:$D,日订单满足明细!F$3,订单明细!$A:$A,日订单满足明细!$A7)/SUMIFS(订单明细!$J:$J,订单明细!$I:$I,$A$1,订单明细!$D:$D,日订单满足明细!F$3,订单明细!$A:$A,日订单满足明细!$A7),"") -> 1 | G7: =IFERROR(SUMIFS(订单明细!$K:$K,订单明细!$I:$I,$A$1,订单明细!$D:$D,日订单满足明细!G$3,订单明细!$A:$A,日订单满足明细!$A7)/SUMIFS(订单明细!$J:$J,订单明细!$I:$I,$A$1,订单明细!$D:$D,日订单满足明细!G$3,订单明细!$A:$A,日订单满足明细!$A7),"") -> 0.76595745 | H7: =IFERROR(SUMIFS(订单明细!$K:$K,订单明细!$I:$I,$A$1,订单明细!$D:$D,日订单满足明细!H$3,订单明细!$A:$A,日订单满足明细!$A7)/SUMIFS(订单明细!$J:$J,订单明细!$I:$I,$A$1,订单明细!$D:$D,日订单满足明细!H$3,订单明细!$A:$A,日订单满足明细!$A7),"") | I7: =IFERROR(SUMIFS(订单明细!$K:$K,订单明细!$I:$I,$A$1,订单明细!$D:$D,日订单满足明细!I$3,订单明细!$A:$A,日订单满足明细!$A7)/SUMIFS(订单明细!$J:$J,订单明细!$I:$I,$A$1,订单明细!$D:$D,日订单满足明细!I$3,订单明细!$A:$A,日订单满足明细!$A7),"") | J7: =IFERROR(SUMIFS(订单明细!$K:$K,订单明细!$I:$I,$A$1,订单明细!$D:$D,日订单满足明细!J$3,订单明细!$A:$A,日订单满足明细!$A7)/SUMIFS(订单明细!$J:$J,订单明细!$I:$I,$A$1,订单明细!$D:$D,日订单满足明细!J$3,订单明细!$A:$A,日订单满足明细!$A7),"") | K7: =IFERROR(SUMIFS(订单明细!$K:$K,订单明细!$I:$I,$A$1,订单明细!$D:$D,日订单满足明细!K$3,订单明细!$A:$A,日订单满足明细!$A7)/SUMIFS(订单明细!$J:$J,订单明细!$I:$I,$A$1,订单明细!$D:$D,日订单满足明细!K$3,订单明细!$A:$A,日订单满足明细!$A7),"") -> 1 | M7: 46269 | N7: =IFERROR(SUMIFS(订单明细!$K:$K,订单明细!$I:$I,$M$1,订单明细!$C:$C,日订单满足明细!$N$3,订单明细!$A:$A,日订单满足明细!$A7)/SUMIFS(订单明细!$J:$J,订单明细!$I:$I,$M$1,订单明细!$C:$C,日订单满足明细!$N$3,订单明细!$A:$A,日订单满足明细!$A7),"") -> 0.64119882 | O7: =IFERROR(SUMIFS(订单明细!$K:$K,订单明细!$I:$I,$M$1,订单明细!$C:$C,日订单满足明细!$O$3,订单明细!$A:$A,日订单满足明细!$A7)/SUMIFS(订单明细!$J:$J,订单明细!$I:$I,$M$1,订单明细!$C:$C,日订单满足明细!$O$3,订单明细!$A:$A,日订单满足明细!$A7),"") -> 0.92550143 | P7: =IFERROR(SUMIFS(订单明细!$K:$K,订单明细!$I:$I,$M$1,订单明细!$D:$D,日订单满足明细!P$3,订单明细!$A:$A,日订单满足明细!$A7)/SUMIFS(订单明细!$J:$J,订单明细!$I:$I,$M$1,订单明细!$D:$D,日订单满足明细!P$3,订单明细!$A:$A,日订单满足明细!$A7),"") -> 0.92571012 | Q7: =IFERROR(SUMIFS(订单明细!$K:$K,订单明细!$I:$I,$M$1,订单明细!$D:$D,日订单满足明细!Q$3,订单明细!$A:$A,日订单满足明细!$A7)/SUMIFS(订单明细!$J:$J,订单明细!$I:$I,$M$1,订单明细!$D:$D,日订单满足明细!Q$3,订单明细!$A:$A,日订单满足明细!$A7),"") -> 0.38356164 | R7: =IFERROR(SUMIFS(订单明细!$K:$K,订单明细!$I:$I,$M$1,订单明细!$D:$D,日订单满足明细!R$3,订单明细!$A:$A,日订单满足明细!$A7)/SUMIFS(订单明细!$J:$J,订单明细!$I:$I,$M$1,订单明细!$D:$D,日订单满足明细!R$3,订单明细!$A:$A,日订单满足明细!$A7),"") -> 0.2173913 | S7: =IFERROR(SUMIFS(订单明细!$K:$K,订单明细!$I:$I,$M$1,订单明细!$D:$D,日订单满足明细!S$3,订单明细!$A:$A,日订单满足明细!$A7)/SUMIFS(订单明细!$J:$J,订单明细!$I:$I,$M$1,订单明细!$D:$D,日订单满足明细!S$3,订单明细!$A:$A,日订单满足明细!$A7),"") -> 1 | T7: =IFERROR(SUMIFS(订单明细!$K:$K,订单明细!$I:$I,$M$1,订单明细!$D:$D,日订单满足明细!T$3,订单明细!$A:$A,日订单满足明细!$A7)/SUMIFS(订单明细!$J:$J,订单明细!$I:$I,$M$1,订单明细!$D:$D,日订单满足明细!T$3,订单明细!$A:$A,日订单满足明细!$A7),"") | U7: =IFERROR(SUMIFS(订单明细!$K:$K,订单明细!$I:$I,$M$1,订单明细!$D:$D,日订单满足明细!U$3,订单明细!$A:$A,日订单满足明细!$A7)/SUMIFS(订单明细!$J:$J,订单明细!$I:$I,$M$1,订单明细!$D:$D,日订单满足明细!U$3,订单明细!$A:$A,日订单满足明细!$A7),"") -> 1 | V7: =IFERROR(SUMIFS(订单明细!$K:$K,订单明细!$I:$I,$M$1,订单明细!$D:$D,日订单满足明细!V$3,订单明细!$A:$A,日订单满足明细!$A7)/SUMIFS(订单明细!$J:$J,订单明细!$I:$I,$M$1,订单明细!$D:$D,日订单满足明细!V$3,订单明细!$A:$A,日订单满足明细!$A7),"") | W7: =IFERROR(SUMIFS(订单明细!$K:$K,订单明细!$I:$I,$M$1,订单明细!$D:$D,日订单满足明细!W$3,订单明细!$A:$A,日订单满足明细!$A7)/SUMIFS(订单明细!$J:$J,订单明细!$I:$I,$M$1,订单明细!$D:$D,日订单满足明细!W$3,订单明细!$A:$A,日订单满足明细!$A7),"")
A8: 46272 | B8: =IFERROR(SUMIFS(订单明细!$K:$K,订单明细!$I:$I,日订单满足明细!$A$1,订单明细!$C:$C,日订单满足明细!$B$3,订单明细!$A:$A,日订单满足明细!$A8)/SUMIFS(订单明细!$J:$J,订单明细!$I:$I,日订单满足明细!$A$1,订单明细!$C:$C,日订单满足明细!$B$3,订单明细!$A:$A,日订单满足明细!$A8),"") -> 0.94909578 | C8: =IFERROR(SUMIFS(订单明细!$K:$K,订单明细!$I:$I,日订单满足明细!$A$1,订单明细!$C:$C,日订单满足明细!$C$3,订单明细!$A:$A,日订单满足明细!$A8)/SUMIFS(订单明细!$J:$J,订单明细!$I:$I,日订单满足明细!$A$1,订单明细!$C:$C,日订单满足明细!$C$3,订单明细!$A:$A,日订单满足明细!$A8),"") -> 0.97056509 | D8: =IFERROR(SUMIFS(订单明细!$K:$K,订单明细!$I:$I,$A$1,订单明细!$D:$D,日订单满足明细!D$3,订单明细!$A:$A,日订单满足明细!$A8)/SUMIFS(订单明细!$J:$J,订单明细!$I:$I,$A$1,订单明细!$D:$D,日订单满足明细!D$3,订单明细!$A:$A,日订单满足明细!$A8),"") -> 0.9904 | E8: =IFERROR(SUMIFS(订单明细!$K:$K,订单明细!$I:$I,$A$1,订单明细!$D:$D,日订单满足明细!E$3,订单明细!$A:$A,日订单满足明细!$A8)/SUMIFS(订单明细!$J:$J,订单明细!$I:$I,$A$1,订单明细!$D:$D,日订单满足明细!E$3,订单明细!$A:$A,日订单满足明细!$A8),"") -> 0.99638467 | F8: =IFERROR(SUMIFS(订单明细!$K:$K,订单明细!$I:$I,$A$1,订单明细!$D:$D,日订单满足明细!F$3,订单明细!$A:$A,日订单满足明细!$A8)/SUMIFS(订单明细!$J:$J,订单明细!$I:$I,$A$1,订单明细!$D:$D,日订单满足明细!F$3,订单明细!$A:$A,日订单满足明细!$A8),"") -> 1 | G8: =IFERROR(SUMIFS(订单明细!$K:$K,订单明细!$I:$I,$A$1,订单明细!$D:$D,日订单满足明细!G$3,订单明细!$A:$A,日订单满足明细!$A8)/SUMIFS(订单明细!$J:$J,订单明细!$I:$I,$A$1,订单明细!$D:$D,日订单满足明细!G$3,订单明细!$A:$A,日订单满足明细!$A8),"") -> 0.66990291 | H8: =IFERROR(SUMIFS(订单明细!$K:$K,订单明细!$I:$I,$A$1,订单明细!$D:$D,日订单满足明细!H$3,订单明细!$A:$A,日订单满足明细!$A8)/SUMIFS(订单明细!$J:$J,订单明细!$I:$I,$A$1,订单明细!$D:$D,日订单满足明细!H$3,订单明细!$A:$A,日订单满足明细!$A8),"") | I8: =IFERROR(SUMIFS(订单明细!$K:$K,订单明细!$I:$I,$A$1,订单明细!$D:$D,日订单满足明细!I$3,订单明细!$A:$A,日订单满足明细!$A8)/SUMIFS(订单明细!$J:$J,订单明细!$I:$I,$A$1,订单明细!$D:$D,日订单满足明细!I$3,订单明细!$A:$A,日订单满足明细!$A8),"") | J8: =IFERROR(SUMIFS(订单明细!$K:$K,订单明细!$I:$I,$A$1,订单明细!$D:$D,日订单满足明细!J$3,订单明细!$A:$A,日订单满足明细!$A8)/SUMIFS(订单明细!$J:$J,订单明细!$I:$I,$A$1,订单明细!$D:$D,日订单满足明细!J$3,订单明细!$A:$A,日订单满足明细!$A8),"") | K8: =IFERROR(SUMIFS(订单明细!$K:$K,订单明细!$I:$I,$A$1,订单明细!$D:$D,日订单满足明细!K$3,订单明细!$A:$A,日订单满足明细!$A8)/SUMIFS(订单明细!$J:$J,订单明细!$I:$I,$A$1,订单明细!$D:$D,日订单满足明细!K$3,订单明细!$A:$A,日订单满足明细!$A8),"") | M8: 46272 | N8: =IFERROR(SUMIFS(订单明细!$K:$K,订单明细!$I:$I,$M$1,订单明细!$C:$C,日订单满足明细!$N$3,订单明细!$A:$A,日订单满足明细!$A8)/SUMIFS(订单明细!$J:$J,订单明细!$I:$I,$M$1,订单明细!$C:$C,日订单满足明细!$N$3,订单明细!$A:$A,日订单满足明细!$A8),"") -> 1 | O8: =IFERROR(SUMIFS(订单明细!$K:$K,订单明细!$I:$I,$M$1,订单明细!$C:$C,日订单满足明细!$O$3,订单明细!$A:$A,日订单满足明细!$A8)/SUMIFS(订单明细!$J:$J,订单明细!$I:$I,$M$1,订单明细!$C:$C,日订单满足明细!$O$3,订单明细!$A:$A,日订单满足明细!$A8),"") -> 0.98036007 | P8: =IFERROR(SUMIFS(订单明细!$K:$K,订单明细!$I:$I,$M$1,订单明细!$D:$D,日订单满足明细!P$3,订单明细!$A:$A,日订单满足明细!$A8)/SUMIFS(订单明细!$J:$J,订单明细!$I:$I,$M$1,订单明细!$D:$D,日订单满足明细!P$3,订单明细!$A:$A,日订单满足明细!$A8),"") -> 1 | Q8: =IFERROR(SUMIFS(订单明细!$K:$K,订单明细!$I:$I,$M$1,订单明细!$D:$D,日订单满足明细!Q$3,订单明细!$A:$A,日订单满足明细!$A8)/SUMIFS(订单明细!$J:$J,订单明细!$I:$I,$M$1,订单明细!$D:$D,日订单满足明细!Q$3,订单明细!$A:$A,日订单满足明细!$A8),"") -> 0.92727273 | R8: =IFERROR(SUMIFS(订单明细!$K:$K,订单明细!$I:$I,$M$1,订单明细!$D:$D,日订单满足明细!R$3,订单明细!$A:$A,日订单满足明细!$A8)/SUMIFS(订单明细!$J:$J,订单明细!$I:$I,$M$1,订单明细!$D:$D,日订单满足明细!R$3,订单明细!$A:$A,日订单满足明细!$A8),"") -> 1 | S8: =IFERROR(SUMIFS(订单明细!$K:$K,订单明细!$I:$I,$M$1,订单明细!$D:$D,日订单满足明细!S$3,订单明细!$A:$A,日订单满足明细!$A8)/SUMIFS(订单明细!$J:$J,订单明细!$I:$I,$M$1,订单明细!$D:$D,日订单满足明细!S$3,订单明细!$A:$A,日订单满足明细!$A8),"") -> 1 | T8: =IFERROR(SUMIFS(订单明细!$K:$K,订单明细!$I:$I,$M$1,订单明细!$D:$D,日订单满足明细!T$3,订单明细!$A:$A,日订单满足明细!$A8)/SUMIFS(订单明细!$J:$J,订单明细!$I:$I,$M$1,订单明细!$D:$D,日订单满足明细!T$3,订单明细!$A:$A,日订单满足明细!$A8),"") | U8: =IFERROR(SUMIFS(订单明细!$K:$K,订单明细!$I:$I,$M$1,订单明细!$D:$D,日订单满足明细!U$3,订单明细!$A:$A,日订单满足明细!$A8)/SUMIFS(订单明细!$J:$J,订单明细!$I:$I,$M$1,订单明细!$D:$D,日订单满足明细!U$3,订单明细!$A:$A,日订单满足明细!$A8),"") -> 1 | V8: =IFERROR(SUMIFS(订单明细!$K:$K,订单明细!$I:$I,$M$1,订单明细!$D:$D,日订单满足明细!V$3,订单明细!$A:$A,日订单满足明细!$A8)/SUMIFS(订单明细!$J:$J,订单明细!$I:$I,$M$1,订单明细!$D:$D,日订单满足明细!V$3,订单明细!$A:$A,日订单满足明细!$A8),"") | W8: =IFERROR(SUMIFS(订单明细!$K:$K,订单明细!$I:$I,$M$1,订单明细!$D:$D,日订单满足明细!W$3,订单明细!$A:$A,日订单满足明细!$A8)/SUMIFS(订单明细!$J:$J,订单明细!$I:$I,$M$1,订单明细!$D:$D,日订单满足明细!W$3,订单明细!$A:$A,日订单满足明细!$A8),"")
A9: 46273 | B9: =IFERROR(SUMIFS(订单明细!$K:$K,订单明细!$I:$I,日订单满足明细!$A$1,订单明细!$C:$C,日订单满足明细!$B$3,订单明细!$A:$A,日订单满足明细!$A9)/SUMIFS(订单明细!$J:$J,订单明细!$I:$I,日订单满足明细!$A$1,订单明细!$C:$C,日订单满足明细!$B$3,订单明细!$A:$A,日订单满足明细!$A9),"") -> 1 | C9: =IFERROR(SUMIFS(订单明细!$K:$K,订单明细!$I:$I,日订单满足明细!$A$1,订单明细!$C:$C,日订单满足明细!$C$3,订单明细!$A:$A,日订单满足明细!$A9)/SUMIFS(订单明细!$J:$J,订单明细!$I:$I,日订单满足明细!$A$1,订单明细!$C:$C,日订单满足明细!$C$3,订单明细!$A:$A,日订单满足明细!$A9),"") -> 1 | D9: =IFERROR(SUMIFS(订单明细!$K:$K,订单明细!$I:$I,$A$1,订单明细!$D:$D,日订单满足明细!D$3,订单明细!$A:$A,日订单满足明细!$A9)/SUMIFS(订单明细!$J:$J,订单明细!$I:$I,$A$1,订单明细!$D:$D,日订单满足明细!D$3,订单明细!$A:$A,日订单满足明细!$A9),"") -> 1 | E9: =IFERROR(SUMIFS(订单明细!$K:$K,订单明细!$I:$I,$A$1,订单明细!$D:$D,日订单满足明细!E$3,订单明细!$A:$A,日订单满足明细!$A9)/SUMIFS(订单明细!$J:$J,订单明细!$I:$I,$A$1,订单明细!$D:$D,日订单满足明细!E$3,订单明细!$A:$A,日订单满足明细!$A9),"") -> 1 | F9: =IFERROR(SUMIFS(订单明细!$K:$K,订单明细!$I:$I,$A$1,订单明细!$D:$D,日订单满足明细!F$3,订单明细!$A:$A,日订单满足明细!$A9)/SUMIFS(订单明细!$J:$J,订单明细!$I:$I,$A$1,订单明细!$D:$D,日订单满足明细!F$3,订单明细!$A:$A,日订单满足明细!$A9),"") -> 1 | G9: =IFERROR(SUMIFS(订单明细!$K:$K,订单明细!$I:$I,$A$1,订单明细!$D:$D,日订单满足明细!G$3,订单明细!$A:$A,日订单满足明细!$A9)/SUMIFS(订单明细!$J:$J,订单明细!$I:$I,$A$1,订单明细!$D:$D,日订单满足明细!G$3,订单明细!$A:$A,日订单满足明细!$A9),"") -> 1 | H9: =IFERROR(SUMIFS(订单明细!$K:$K,订单明细!$I:$I,$A$1,订单明细!$D:$D,日订单满足明细!H$3,订单明细!$A:$A,日订单满足明细!$A9)/SUMIFS(订单明细!$J:$J,订单明细!$I:$I,$A$1,订单明细!$D:$D,日订单满足明细!H$3,订单明细!$A:$A,日订单满足明细!$A9),"") | I9: =IFERROR(SUMIFS(订单明细!$K:$K,订单明细!$I:$I,$A$1,订单明细!$D:$D,日订单满足明细!I$3,订单明细!$A:$A,日订单满足明细!$A9)/SUMIFS(订单明细!$J:$J,订单明细!$I:$I,$A$1,订单明细!$D:$D,日订单满足明细!I$3,订单明细!$A:$A,日订单满足明细!$A9),"") | J9: =IFERROR(SUMIFS(订单明细!$K:$K,订单明细!$I:$I,$A$1,订单明细!$D:$D,日订单满足明细!J$3,订单明细!$A:$A,日订单满足明细!$A9)/SUMIFS(订单明细!$J:$J,订单明细!$I:$I,$A$1,订单明细!$D:$D,日订单满足明细!J$3,订单明细!$A:$A,日订单满足明细!$A9),"") | K9: =IFERROR(SUMIFS(订单明细!$K:$K,订单明细!$I:$I,$A$1,订单明细!$D:$D,日订单满足明细!K$3,订单明细!$A:$A,日订单满足明细!$A9)/SUMIFS(订单明细!$J:$J,订单明细!$I:$I,$A$1,订单明细!$D:$D,日订单满足明细!K$3,订单明细!$A:$A,日订单满足明细!$A9),"") -> 1 | M9: 46272 | N9: =IFERROR(SUMIFS(订单明细!$K:$K,订单明细!$I:$I,$M$1,订单明细!$C:$C,日订单满足明细!$N$3,订单明细!$A:$A,日订单满足明细!$A9)/SUMIFS(订单明细!$J:$J,订单明细!$I:$I,$M$1,订单明细!$C:$C,日订单满足明细!$N$3,订单明细!$A:$A,日订单满足明细!$A9),"") -> 0.92553062 | O9: =IFERROR(SUMIFS(订单明细!$K:$K,订单明细!$I:$I,$M$1,订单明细!$C:$C,日订单满足明细!$O$3,订单明细!$A:$A,日订单满足明细!$A9)/SUMIFS(订单明细!$J:$J,订单明细!$I:$I,$M$1,订单明细!$C:$C,日订单满足明细!$O$3,订单明细!$A:$A,日订单满足明细!$A9),"") -> 0.99364407 | P9: =IFERROR(SUMIFS(订单明细!$K:$K,订单明细!$I:$I,$M$1,订单明细!$D:$D,日订单满足明细!P$3,订单明细!$A:$A,日订单满足明细!$A9)/SUMIFS(订单明细!$J:$J,订单明细!$I:$I,$M$1,订单明细!$D:$D,日订单满足明细!P$3,订单明细!$A:$A,日订单满足明细!$A9),"") -> 1 | Q9: =IFERROR(SUMIFS(订单明细!$K:$K,订单明细!$I:$I,$M$1,订单明细!$D:$D,日订单满足明细!Q$3,订单明细!$A:$A,日订单满足明细!$A9)/SUMIFS(订单明细!$J:$J,订单明细!$I:$I,$M$1,订单明细!$D:$D,日订单满足明细!Q$3,订单明细!$A:$A,日订单满足明细!$A9),"") -> 0.99953582 | R9: =IFERROR(SUMIFS(订单明细!$K:$K,订单明细!$I:$I,$M$1,订单明细!$D:$D,日订单满足明细!R$3,订单明细!$A:$A,日订单满足明细!$A9)/SUMIFS(订单明细!$J:$J,订单明细!$I:$I,$M$1,订单明细!$D:$D,日订单满足明细!R$3,订单明细!$A:$A,日订单满足明细!$A9),"") -> 1 | S9: =IFERROR(SUMIFS(订单明细!$K:$K,订单明细!$I:$I,$M$1,订单明细!$D:$D,日订单满足明细!S$3,订单明细!$A:$A,日订单满足明细!$A9)/SUMIFS(订单明细!$J:$J,订单明细!$I:$I,$M$1,订单明细!$D:$D,日订单满足明细!S$3,订单明细!$A:$A,日订单满足明细!$A9),"") -> 1 | T9: =IFERROR(SUMIFS(订单明细!$K:$K,订单明细!$I:$I,$M$1,订单明细!$D:$D,日订单满足明细!T$3,订单明细!$A:$A,日订单满足明细!$A9)/SUMIFS(订单明细!$J:$J,订单明细!$I:$I,$M$1,订单明细!$D:$D,日订单满足明细!T$3,订单明细!$A:$A,日订单满足明细!$A9),"") | U9: =IFERROR(SUMIFS(订单明细!$K:$K,订单明细!$I:$I,$M$1,订单明细!$D:$D,日订单满足明细!U$3,订单明细!$A:$A,日订单满足明细!$A9)/SUMIFS(订单明细!$J:$J,订单明细!$I:$I,$M$1,订单明细!$D:$D,日订单满足明细!U$3,订单明细!$A:$A,日订单满足明细!$A9),"") -> 0.64111498 | V9: =IFERROR(SUMIFS(订单明细!$K:$K,订单明细!$I:$I,$M$1,订单明细!$D:$D,日订单满足明细!V$3,订单明细!$A:$A,日订单满足明细!$A9)/SUMIFS(订单明细!$J:$J,订单明细!$I:$I,$M$1,订单明细!$D:$D,日订单满足明细!V$3,订单明细!$A:$A,日订单满足明细!$A9),"") | W9: =IFERROR(SUMIFS(订单明细!$K:$K,订单明细!$I:$I,$M$1,订单明细!$D:$D,日订单满足明细!W$3,订单明细!$A:$A,日订单满足明细!$A9)/SUMIFS(订单明细!$J:$J,订单明细!$I:$I,$M$1,订单明细!$D:$D,日订单满足明细!W$3,订单明细!$A:$A,日订单满足明细!$A9),"")
A10: 46274 | B10: =IFERROR(SUMIFS(订单明细!$K:$K,订单明细!$I:$I,日订单满足明细!$A$1,订单明细!$C:$C,日订单满足明细!$B$3,订单明细!$A:$A,日订单满足明细!$A10)/SUMIFS(订单明细!$J:$J,订单明细!$I:$I,日订单满足明细!$A$1,订单明细!$C:$C,日订单满足明细!$B$3,订单明细!$A:$A,日订单满足明细!$A10),"") -> 1 | C10: =IFERROR(SUMIFS(订单明细!$K:$K,订单明细!$I:$I,日订单满足明细!$A$1,订单明细!$C:$C,日订单满足明细!$C$3,订单明细!$A:$A,日订单满足明细!$A10)/SUMIFS(订单明细!$J:$J,订单明细!$I:$I,日订单满足明细!$A$1,订单明细!$C:$C,日订单满足明细!$C$3,订单明细!$A:$A,日订单满足明细!$A10),"") -> 0.82118562 | D10: =IFERROR(SUMIFS(订单明细!$K:$K,订单明细!$I:$I,$A$1,订单明细!$D:$D,日订单满足明细!D$3,订单明细!$A:$A,日订单满足明细!$A10)/SUMIFS(订单明细!$J:$J,订单明细!$I:$I,$A$1,订单明细!$D:$D,日订单满足明细!D$3,订单明细!$A:$A,日订单满足明细!$A10),"") -> 1 | E10: =IFERROR(SUMIFS(订单明细!$K:$K,订单明细!$I:$I,$A$1,订单明细!$D:$D,日订单满足明细!E$3,订单明细!$A:$A,日订单满足明细!$A10)/SUMIFS(订单明细!$J:$J,订单明细!$I:$I,$A$1,订单明细!$D:$D,日订单满足明细!E$3,订单明细!$A:$A,日订单满足明细!$A10),"") -> 1 | F10: =IFERROR(SUMIFS(订单明细!$K:$K,订单明细!$I:$I,$A$1,订单明细!$D:$D,日订单满足明细!F$3,订单明细!$A:$A,日订单满足明细!$A10)/SUMIFS(订单明细!$J:$J,订单明细!$I:$I,$A$1,订单明细!$D:$D,日订单满足明细!F$3,订单明细!$A:$A,日订单满足明细!$A10),"") -> 1 | G10: =IFERROR(SUMIFS(订单明细!$K:$K,订单明细!$I:$I,$A$1,订单明细!$D:$D,日订单满足明细!G$3,订单明细!$A:$A,日订单满足明细!$A10)/SUMIFS(订单明细!$J:$J,订单明细!$I:$I,$A$1,订单明细!$D:$D,日订单满足明细!G$3,订单明细!$A:$A,日订单满足明细!$A10),"") -> 0.75 | H10: =IFERROR(SUMIFS(订单明细!$K:$K,订单明细!$I:$I,$A$1,订单明细!$D:$D,日订单满足明细!H$3,订单明细!$A:$A,日订单满足明细!$A10)/SUMIFS(订单明细!$J:$J,订单明细!$I:$I,$A$1,订单明细!$D:$D,日订单满足明细!H$3,订单明细!$A:$A,日订单满足明细!$A10),"") | I10: =IFERROR(SUMIFS(订单明细!$K:$K,订单明细!$I:$I,$A$1,订单明细!$D:$D,日订单满足明细!I$3,订单明细!$A:$A,日订单满足明细!$A10)/SUMIFS(订单明细!$J:$J,订单明细!$I:$I,$A$1,订单明细!$D:$D,日订单满足明细!I$3,订单明细!$A:$A,日订单满足明细!$A10),"") -> 1 | J10: =IFERROR(SUMIFS(订单明细!$K:$K,订单明细!$I:$I,$A$1,订单明细!$D:$D,日订单满足明细!J$3,订单明细!$A:$A,日订单满足明细!$A10)/SUMIFS(订单明细!$J:$J,订单明细!$I:$I,$A$1,订单明细!$D:$D,日订单满足明细!J$3,订单明细!$A:$A,日订单满足明细!$A10),"") | K10: =IFERROR(SUMIFS(订单明细!$K:$K,订单明细!$I:$I,$A$1,订单明细!$D:$D,日订单满足明细!K$3,订单明细!$A:$A,日订单满足明细!$A10)/SUMIFS(订单明细!$J:$J,订单明细!$I:$I,$A$1,订单明细!$D:$D,日订单满足明细!K$3,订单明细!$A:$A,日订单满足明细!$A10),"") -> 1 | M10: 46274 | N10: =IFERROR(SUMIFS(订单明细!$K:$K,订单明细!$I:$I,$M$1,订单明细!$C:$C,日订单满足明细!$N$3,订单明细!$A:$A,日订单满足明细!$A10)/SUMIFS(订单明细!$J:$J,订单明细!$I:$I,$M$1,订单明细!$C:$C,日订单满足明细!$N$3,订单明细!$A:$A,日订单满足明细!$A10),"") -> 0.99847851 | O10: =IFERROR(SUMIFS(订单明细!$K:$K,订单明细!$I:$I,$M$1,订单明细!$C:$C,日订单满足明细!$O$3,订单明细!$A:$A,日订单满足明细!$A10)/SUMIFS(订单明细!$J:$J,订单明细!$I:$I,$M$1,订单明细!$C:$C,日订单满足明细!$O$3,订单明细!$A:$A,日订单满足明细!$A10),"") -> 0.78285714 | P10: =IFERROR(SUMIFS(订单明细!$K:$K,订单明细!$I:$I,$M$1,订单明细!$D:$D,日订单满足明细!P$3,订单明细!$A:$A,日订单满足明细!$A10)/SUMIFS(订单明细!$J:$J,订单明细!$I:$I,$M$1,订单明细!$D:$D,日订单满足明细!P$3,订单明细!$A:$A,日订单满足明细!$A10),"") -> 0.99751141 | Q10: =IFERROR(SUMIFS(订单明细!$K:$K,订单明细!$I:$I,$M$1,订单明细!$D:$D,日订单满足明细!Q$3,订单明细!$A:$A,日订单满足明细!$A10)/SUMIFS(订单明细!$J:$J,订单明细!$I:$I,$M$1,订单明细!$D:$D,日订单满足明细!Q$3,订单明细!$A:$A,日订单满足明细!$A10),"") -> 0.96768402 | R10: =IFERROR(SUMIFS(订单明细!$K:$K,订单明细!$I:$I,$M$1,订单明细!$D:$D,日订单满足明细!R$3,订单明细!$A:$A,日订单满足明细!$A10)/SUMIFS(订单明细!$J:$J,订单明细!$I:$I,$M$1,订单明细!$D:$D,日订单满足明细!R$3,订单明细!$A:$A,日订单满足明细!$A10),"") -> 1 | S10: =IFERROR(SUMIFS(订单明细!$K:$K,订单明细!$I:$I,$M$1,订单明细!$D:$D,日订单满足明细!S$3,订单明细!$A:$A,日订单满足明细!$A10)/SUMIFS(订单明细!$J:$J,订单明细!$I:$I,$M$1,订单明细!$D:$D,日订单满足明细!S$3,订单明细!$A:$A,日订单满足明细!$A10),"") -> 0.33333333 | T10: =IFERROR(SUMIFS(订单明细!$K:$K,订单明细!$I:$I,$M$1,订单明细!$D:$D,日订单满足明细!T$3,订单明细!$A:$A,日订单满足明细!$A10)/SUMIFS(订单明细!$J:$J,订单明细!$I:$I,$M$1,订单明细!$D:$D,日订单满足明细!T$3,订单明细!$A:$A,日订单满足明细!$A10),"") | U10: =IFERROR(SUMIFS(订单明细!$K:$K,订单明细!$I:$I,$M$1,订单明细!$D:$D,日订单满足明细!U$3,订单明细!$A:$A,日订单满足明细!$A10)/SUMIFS(订单明细!$J:$J,订单明细!$I:$I,$M$1,订单明细!$D:$D,日订单满足明细!U$3,订单明细!$A:$A,日订单满足明细!$A10),"") | V10: =IFERROR(SUMIFS(订单明细!$K:$K,订单明细!$I:$I,$M$1,订单明细!$D:$D,日订单满足明细!V$3,订单明细!$A:$A,日订单满足明细!$A10)/SUMIFS(订单明细!$J:$J,订单明细!$I:$I,$M$1,订单明细!$D:$D,日订单满足明细!V$3,订单明细!$A:$A,日订单满足明细!$A10),"") | W10: =IFERROR(SUMIFS(订单明细!$K:$K,订单明细!$I:$I,$M$1,订单明细!$D:$D,日订单满足明细!W$3,订单明细!$A:$A,日订单满足明细!$A10)/SUMIFS(订单明细!$J:$J,订单明细!$I:$I,$M$1,订单明细!$D:$D,日订单满足明细!W$3,订单明细!$A:$A,日订单满足明细!$A10),"")
B11: =IFERROR(SUMIFS(订单明细!$K:$K,订单明细!$I:$I,日订单满足明细!$A$1,订单明细!$C:$C,日订单满足明细!$B$3,订单明细!$A:$A,日订单满足明细!$A11)/SUMIFS(订单明细!$J:$J,订单明细!$I:$I,日订单满足明细!$A$1,订单明细!$C:$C,日订单满足明细!$B$3,订单明细!$A:$A,日订单满足明细!$A11),"") | C11: =IFERROR(SUMIFS(订单明细!$K:$K,订单明细!$I:$I,日订单满足明细!$A$1,订单明细!$C:$C,日订单满足明细!$C$3,订单明细!$A:$A,日订单满足明细!$A11)/SUMIFS(订单明细!$J:$J,订单明细!$I:$I,日订单满足明细!$A$1,订单明细!$C:$C,日订单满足明细!$C$3,订单明细!$A:$A,日订单满足明细!$A11),"") | D11: =IFERROR(SUMIFS(订单明细!$K:$K,订单明细!$I:$I,$A$1,订单明细!$D:$D,日订单满足明细!D$3,订单明细!$A:$A,日订单满足明细!$A11)/SUMIFS(订单明细!$J:$J,订单明细!$I:$I,$A$1,订单明细!$D:$D,日订单满足明细!D$3,订单明细!$A:$A,日订单满足明细!$A11),"") | E11: =IFERROR(SUMIFS(订单明细!$K:$K,订单明细!$I:$I,$A$1,订单明细!$D:$D,日订单满足明细!E$3,订单明细!$A:$A,日订单满足明细!$A11)/SUMIFS(订单明细!$J:$J,订单明细!$I:$I,$A$1,订单明细!$D:$D,日订单满足明细!E$3,订单明细!$A:$A,日订单满足明细!$A11),"") | F11: =IFERROR(SUMIFS(订单明细!$K:$K,订单明细!$I:$I,$A$1,订单明细!$D:$D,日订单满足明细!F$3,订单明细!$A:$A,日订单满足明细!$A11)/SUMIFS(订单明细!$J:$J,订单明细!$I:$I,$A$1,订单明细!$D:$D,日订单满足明细!F$3,订单明细!$A:$A,日订单满足明细!$A11),"") | G11: =IFERROR(SUMIFS(订单明细!$K:$K,订单明细!$I:$I,$A$1,订单明细!$D:$D,日订单满足明细!G$3,订单明细!$A:$A,日订单满足明细!$A11)/SUMIFS(订单明细!$J:$J,订单明细!$I:$I,$A$1,订单明细!$D:$D,日订单满足明细!G$3,订单明细!$A:$A,日订单满足明细!$A11),"") | H11: =IFERROR(SUMIFS(订单明细!$K:$K,订单明细!$I:$I,$A$1,订单明细!$D:$D,日订单满足明细!H$3,订单明细!$A:$A,日订单满足明细!$A11)/SUMIFS(订单明细!$J:$J,订单明细!$I:$I,$A$1,订单明细!$D:$D,日订单满足明细!H$3,订单明细!$A:$A,日订单满足明细!$A11),"") | I11: =IFERROR(SUMIFS(订单明细!$K:$K,订单明细!$I:$I,$A$1,订单明细!$D:$D,日订单满足明细!I$3,订单明细!$A:$A,日订单满足明细!$A11)/SUMIFS(订单明细!$J:$J,订单明细!$I:$I,$A$1,订单明细!$D:$D,日订单满足明细!I$3,订单明细!$A:$A,日订单满足明细!$A11),"") | J11: =IFERROR(SUMIFS(订单明细!$K:$K,订单明细!$I:$I,$A$1,订单明细!$D:$D,日订单满足明细!J$3,订单明细!$A:$A,日订单满足明细!$A11)/SUMIFS(订单明细!$J:$J,订单明细!$I:$I,$A$1,订单明细!$D:$D,日订单满足明细!J$3,订单明细!$A:$A,日订单满足明细!$A11),"") | K11: =IFERROR(SUMIFS(订单明细!$K:$K,订单明细!$I:$I,$A$1,订单明细!$D:$D,日订单满足明细!K$3,订单明细!$A:$A,日订单满足明细!$A11)/SUMIFS(订单明细!$J:$J,订单明细!$I:$I,$A$1,订单明细!$D:$D,日订单满足明细!K$3,订单明细!$A:$A,日订单满足明细!$A11),"") | N11: =IFERROR(SUMIFS(订单明细!$K:$K,订单明细!$I:$I,$M$1,订单明细!$C:$C,日订单满足明细!$N$3,订单明细!$A:$A,日订单满足明细!$A11)/SUMIFS(订单明细!$J:$J,订单明细!$I:$I,$M$1,订单明细!$C:$C,日订单满足明细!$N$3,订单明细!$A:$A,日订单满足明细!$A11),"") | O11: =IFERROR(SUMIFS(订单明细!$K:$K,订单明细!$I:$I,$M$1,订单明细!$C:$C,日订单满足明细!$O$3,订单明细!$A:$A,日订单满足明细!$A11)/SUMIFS(订单明细!$J:$J,订单明细!$I:$I,$M$1,订单明细!$C:$C,日订单满足明细!$O$3,订单明细!$A:$A,日订单满足明细!$A11),"") | P11: =IFERROR(SUMIFS(订单明细!$K:$K,订单明细!$I:$I,$M$1,订单明细!$D:$D,日订单满足明细!P$3,订单明细!$A:$A,日订单满足明细!$A11)/SUMIFS(订单明细!$J:$J,订单明细!$I:$I,$M$1,订单明细!$D:$D,日订单满足明细!P$3,订单明细!$A:$A,日订单满足明细!$A11),"") | Q11: =IFERROR(SUMIFS(订单明细!$K:$K,订单明细!$I:$I,$M$1,订单明细!$D:$D,日订单满足明细!Q$3,订单明细!$A:$A,日订单满足明细!$A11)/SUMIFS(订单明细!$J:$J,订单明细!$I:$I,$M$1,订单明细!$D:$D,日订单满足明细!Q$3,订单明细!$A:$A,日订单满足明细!$A11),"") | R11: =IFERROR(SUMIFS(订单明细!$K:$K,订单明细!$I:$I,$M$1,订单明细!$D:$D,日订单满足明细!R$3,订单明细!$A:$A,日订单满足明细!$A11)/SUMIFS(订单明细!$J:$J,订单明细!$I:$I,$M$1,订单明细!$D:$D,日订单满足明细!R$3,订单明细!$A:$A,日订单满足明细!$A11),"") | S11: =IFERROR(SUMIFS(订单明细!$K:$K,订单明细!$I:$I,$M$1,订单明细!$D:$D,日订单满足明细!S$3,订单明细!$A:$A,日订单满足明细!$A11)/SUMIFS(订单明细!$J:$J,订单明细!$I:$I,$M$1,订单明细!$D:$D,日订单满足明细!S$3,订单明细!$A:$A,日订单满足明细!$A11),"") | T11: =IFERROR(SUMIFS(订单明细!$K:$K,订单明细!$I:$I,$M$1,订单明细!$D:$D,日订单满足明细!T$3,订单明细!$A:$A,日订单满足明细!$A11)/SUMIFS(订单明细!$J:$J,订单明细!$I:$I,$M$1,订单明细!$D:$D,日订单满足明细!T$3,订单明细!$A:$A,日订单满足明细!$A11),"") | U11: =IFERROR(SUMIFS(订单明细!$K:$K,订单明细!$I:$I,$M$1,订单明细!$D:$D,日订单满足明细!U$3,订单明细!$A:$A,日订单满足明细!$A11)/SUMIFS(订单明细!$J:$J,订单明细!$I:$I,$M$1,订单明细!$D:$D,日订单满足明细!U$3,订单明细!$A:$A,日订单满足明细!$A11),"") | V11: =IFERROR(SUMIFS(订单明细!$K:$K,订单明细!$I:$I,$M$1,订单明细!$D:$D,日订单满足明细!V$3,订单明细!$A:$A,日订单满足明细!$A11)/SUMIFS(订单明细!$J:$J,订单明细!$I:$I,$M$1,订单明细!$D:$D,日订单满足明细!V$3,订单明细!$A:$A,日订单满足明细!$A11),"") | W11: =IFERROR(SUMIFS(订单明细!$K:$K,订单明细!$I:$I,$M$1,订单明细!$D:$D,日订单满足明细!W$3,订单明细!$A:$A,日订单满足明细!$A11)/SUMIFS(订单明细!$J:$J,订单明细!$I:$I,$M$1,订单明细!$D:$D,日订单满足明细!W$3,订单明细!$A:$A,日订单满足明细!$A11),"")
B12: =IFERROR(SUMIFS(订单明细!$K:$K,订单明细!$I:$I,日订单满足明细!$A$1,订单明细!$C:$C,日订单满足明细!$B$3,订单明细!$A:$A,日订单满足明细!$A12)/SUMIFS(订单明细!$J:$J,订单明细!$I:$I,日订单满足明细!$A$1,订单明细!$C:$C,日订单满足明细!$B$3,订单明细!$A:$A,日订单满足明细!$A12),"") | C12: =IFERROR(SUMIFS(订单明细!$K:$K,订单明细!$I:$I,日订单满足明细!$A$1,订单明细!$C:$C,日订单满足明细!$C$3,订单明细!$A:$A,日订单满足明细!$A12)/SUMIFS(订单明细!$J:$J,订单明细!$I:$I,日订单满足明细!$A$1,订单明细!$C:$C,日订单满足明细!$C$3,订单明细!$A:$A,日订单满足明细!$A12),"") | D12: =IFERROR(SUMIFS(订单明细!$K:$K,订单明细!$I:$I,$A$1,订单明细!$D:$D,日订单满足明细!D$3,订单明细!$A:$A,日订单满足明细!$A12)/SUMIFS(订单明细!$J:$J,订单明细!$I:$I,$A$1,订单明细!$D:$D,日订单满足明细!D$3,订单明细!$A:$A,日订单满足明细!$A12),"") | E12: =IFERROR(SUMIFS(订单明细!$K:$K,订单明细!$I:$I,$A$1,订单明细!$D:$D,日订单满足明细!E$3,订单明细!$A:$A,日订单满足明细!$A12)/SUMIFS(订单明细!$J:$J,订单明细!$I:$I,$A$1,订单明细!$D:$D,日订单满足明细!E$3,订单明细!$A:$A,日订单满足明细!$A12),"") | F12: =IFERROR(SUMIFS(订单明细!$K:$K,订单明细!$I:$I,$A$1,订单明细!$D:$D,日订单满足明细!F$3,订单明细!$A:$A,日订单满足明细!$A12)/SUMIFS(订单明细!$J:$J,订单明细!$I:$I,$A$1,订单明细!$D:$D,日订单满足明细!F$3,订单明细!$A:$A,日订单满足明细!$A12),"") | G12: =IFERROR(SUMIFS(订单明细!$K:$K,订单明细!$I:$I,$A$1,订单明细!$D:$D,日订单满足明细!G$3,订单明细!$A:$A,日订单满足明细!$A12)/SUMIFS(订单明细!$J:$J,订单明细!$I:$I,$A$1,订单明细!$D:$D,日订单满足明细!G$3,订单明细!$A:$A,日订单满足明细!$A12),"") | H12: =IFERROR(SUMIFS(订单明细!$K:$K,订单明细!$I:$I,$A$1,订单明细!$D:$D,日订单满足明细!H$3,订单明细!$A:$A,日订单满足明细!$A12)/SUMIFS(订单明细!$J:$J,订单明细!$I:$I,$A$1,订单明细!$D:$D,日订单满足明细!H$3,订单明细!$A:$A,日订单满足明细!$A12),"") | I12: =IFERROR(SUMIFS(订单明细!$K:$K,订单明细!$I:$I,$A$1,订单明细!$D:$D,日订单满足明细!I$3,订单明细!$A:$A,日订单满足明细!$A12)/SUMIFS(订单明细!$J:$J,订单明细!$I:$I,$A$1,订单明细!$D:$D,日订单满足明细!I$3,订单明细!$A:$A,日订单满足明细!$A12),"") | J12: =IFERROR(SUMIFS(订单明细!$K:$K,订单明细!$I:$I,$A$1,订单明细!$D:$D,日订单满足明细!J$3,订单明细!$A:$A,日订单满足明细!$A12)/SUMIFS(订单明细!$J:$J,订单明细!$I:$I,$A$1,订单明细!$D:$D,日订单满足明细!J$3,订单明细!$A:$A,日订单满足明细!$A12),"") | K12: =IFERROR(SUMIFS(订单明细!$K:$K,订单明细!$I:$I,$A$1,订单明细!$D:$D,日订单满足明细!K$3,订单明细!$A:$A,日订单满足明细!$A12)/SUMIFS(订单明细!$J:$J,订单明细!$I:$I,$A$1,订单明细!$D:$D,日订单满足明细!K$3,订单明细!$A:$A,日订单满足明细!$A12),"") | N12: =IFERROR(SUMIFS(订单明细!$K:$K,订单明细!$I:$I,$M$1,订单明细!$C:$C,日订单满足明细!$N$3,订单明细!$A:$A,日订单满足明细!$A12)/SUMIFS(订单明细!$J:$J,订单明细!$I:$I,$M$1,订单明细!$C:$C,日订单满足明细!$N$3,订单明细!$A:$A,日订单满足明细!$A12),"") | O12: =IFERROR(SUMIFS(订单明细!$K:$K,订单明细!$I:$I,$M$1,订单明细!$C:$C,日订单满足明细!$O$3,订单明细!$A:$A,日订单满足明细!$A12)/SUMIFS(订单明细!$J:$J,订单明细!$I:$I,$M$1,订单明细!$C:$C,日订单满足明细!$O$3,订单明细!$A:$A,日订单满足明细!$A12),"") | P12: =IFERROR(SUMIFS(订单明细!$K:$K,订单明细!$I:$I,$M$1,订单明细!$D:$D,日订单满足明细!P$3,订单明细!$A:$A,日订单满足明细!$A12)/SUMIFS(订单明细!$J:$J,订单明细!$I:$I,$M$1,订单明细!$D:$D,日订单满足明细!P$3,订单明细!$A:$A,日订单满足明细!$A12),"") | Q12: =IFERROR(SUMIFS(订单明细!$K:$K,订单明细!$I:$I,$M$1,订单明细!$D:$D,日订单满足明细!Q$3,订单明细!$A:$A,日订单满足明细!$A12)/SUMIFS(订单明细!$J:$J,订单明细!$I:$I,$M$1,订单明细!$D:$D,日订单满足明细!Q$3,订单明细!$A:$A,日订单满足明细!$A12),"") | R12: =IFERROR(SUMIFS(订单明细!$K:$K,订单明细!$I:$I,$M$1,订单明细!$D:$D,日订单满足明细!R$3,订单明细!$A:$A,日订单满足明细!$A12)/SUMIFS(订单明细!$J:$J,订单明细!$I:$I,$M$1,订单明细!$D:$D,日订单满足明细!R$3,订单明细!$A:$A,日订单满足明细!$A12),"") | S12: =IFERROR(SUMIFS(订单明细!$K:$K,订单明细!$I:$I,$M$1,订单明细!$D:$D,日订单满足明细!S$3,订单明细!$A:$A,日订单满足明细!$A12)/SUMIFS(订单明细!$J:$J,订单明细!$I:$I,$M$1,订单明细!$D:$D,日订单满足明细!S$3,订单明细!$A:$A,日订单满足明细!$A12),"") | T12: =IFERROR(SUMIFS(订单明细!$K:$K,订单明细!$I:$I,$M$1,订单明细!$D:$D,日订单满足明细!T$3,订单明细!$A:$A,日订单满足明细!$A12)/SUMIFS(订单明细!$J:$J,订单明细!$I:$I,$M$1,订单明细!$D:$D,日订单满足明细!T$3,订单明细!$A:$A,日订单满足明细!$A12),"") | U12: =IFERROR(SUMIFS(订单明细!$K:$K,订单明细!$I:$I,$M$1,订单明细!$D:$D,日订单满足明细!U$3,订单明细!$A:$A,日订单满足明细!$A12)/SUMIFS(订单明细!$J:$J,订单明细!$I:$I,$M$1,订单明细!$D:$D,日订单满足明细!U$3,订单明细!$A:$A,日订单满足明细!$A12),"") | V12: =IFERROR(SUMIFS(订单明细!$K:$K,订单明细!$I:$I,$M$1,订单明细!$D:$D,日订单满足明细!V$3,订单明细!$A:$A,日订单满足明细!$A12)/SUMIFS(订单明细!$J:$J,订单明细!$I:$I,$M$1,订单明细!$D:$D,日订单满足明细!V$3,订单明细!$A:$A,日订单满足明细!$A12),"") | W12: =IFERROR(SUMIFS(订单明细!$K:$K,订单明细!$I:$I,$M$1,订单明细!$D:$D,日订单满足明细!W$3,订单明细!$A:$A,日订单满足明细!$A12)/SUMIFS(订单明细!$J:$J,订单明细!$I:$I,$M$1,订单明细!$D:$D,日订单满足明细!W$3,订单明细!$A:$A,日订单满足明细!$A12),"")
B13: =IFERROR(SUMIFS(订单明细!$K:$K,订单明细!$I:$I,日订单满足明细!$A$1,订单明细!$C:$C,日订单满足明细!$B$3,订单明细!$A:$A,日订单满足明细!$A13)/SUMIFS(订单明细!$J:$J,订单明细!$I:$I,日订单满足明细!$A$1,订单明细!$C:$C,日订单满足明细!$B$3,订单明细!$A:$A,日订单满足明细!$A13),"") | C13: =IFERROR(SUMIFS(订单明细!$K:$K,订单明细!$I:$I,日订单满足明细!$A$1,订单明细!$C:$C,日订单满足明细!$C$3,订单明细!$A:$A,日订单满足明细!$A13)/SUMIFS(订单明细!$J:$J,订单明细!$I:$I,日订单满足明细!$A$1,订单明细!$C:$C,日订单满足明细!$C$3,订单明细!$A:$A,日订单满足明细!$A13),"") | D13: =IFERROR(SUMIFS(订单明细!$K:$K,订单明细!$I:$I,$A$1,订单明细!$D:$D,日订单满足明细!D$3,订单明细!$A:$A,日订单满足明细!$A13)/SUMIFS(订单明细!$J:$J,订单明细!$I:$I,$A$1,订单明细!$D:$D,日订单满足明细!D$3,订单明细!$A:$A,日订单满足明细!$A13),"") | E13: =IFERROR(SUMIFS(订单明细!$K:$K,订单明细!$I:$I,$A$1,订单明细!$D:$D,日订单满足明细!E$3,订单明细!$A:$A,日订单满足明细!$A13)/SUMIFS(订单明细!$J:$J,订单明细!$I:$I,$A$1,订单明细!$D:$D,日订单满足明细!E$3,订单明细!$A:$A,日订单满足明细!$A13),"") | F13: =IFERROR(SUMIFS(订单明细!$K:$K,订单明细!$I:$I,$A$1,订单明细!$D:$D,日订单满足明细!F$3,订单明细!$A:$A,日订单满足明细!$A13)/SUMIFS(订单明细!$J:$J,订单明细!$I:$I,$A$1,订单明细!$D:$D,日订单满足明细!F$3,订单明细!$A:$A,日订单满足明细!$A13),"") | G13: =IFERROR(SUMIFS(订单明细!$K:$K,订单明细!$I:$I,$A$1,订单明细!$D:$D,日订单满足明细!G$3,订单明细!$A:$A,日订单满足明细!$A13)/SUMIFS(订单明细!$J:$J,订单明细!$I:$I,$A$1,订单明细!$D:$D,日订单满足明细!G$3,订单明细!$A:$A,日订单满足明细!$A13),"") | H13: =IFERROR(SUMIFS(订单明细!$K:$K,订单明细!$I:$I,$A$1,订单明细!$D:$D,日订单满足明细!H$3,订单明细!$A:$A,日订单满足明细!$A13)/SUMIFS(订单明细!$J:$J,订单明细!$I:$I,$A$1,订单明细!$D:$D,日订单满足明细!H$3,订单明细!$A:$A,日订单满足明细!$A13),"") | I13: =IFERROR(SUMIFS(订单明细!$K:$K,订单明细!$I:$I,$A$1,订单明细!$D:$D,日订单满足明细!I$3,订单明细!$A:$A,日订单满足明细!$A13)/SUMIFS(订单明细!$J:$J,订单明细!$I:$I,$A$1,订单明细!$D:$D,日订单满足明细!I$3,订单明细!$A:$A,日订单满足明细!$A13),"") | J13: =IFERROR(SUMIFS(订单明细!$K:$K,订单明细!$I:$I,$A$1,订单明细!$D:$D,日订单满足明细!J$3,订单明细!$A:$A,日订单满足明细!$A13)/SUMIFS(订单明细!$J:$J,订单明细!$I:$I,$A$1,订单明细!$D:$D,日订单满足明细!J$3,订单明细!$A:$A,日订单满足明细!$A13),"") | K13: =IFERROR(SUMIFS(订单明细!$K:$K,订单明细!$I:$I,$A$1,订单明细!$D:$D,日订单满足明细!K$3,订单明细!$A:$A,日订单满足明细!$A13)/SUMIFS(订单明细!$J:$J,订单明细!$I:$I,$A$1,订单明细!$D:$D,日订单满足明细!K$3,订单明细!$A:$A,日订单满足明细!$A13),"") | N13: =IFERROR(SUMIFS(订单明细!$K:$K,订单明细!$I:$I,$M$1,订单明细!$C:$C,日订单满足明细!$N$3,订单明细!$A:$A,日订单满足明细!$A13)/SUMIFS(订单明细!$J:$J,订单明细!$I:$I,$M$1,订单明细!$C:$C,日订单满足明细!$N$3,订单明细!$A:$A,日订单满足明细!$A13),"") | O13: =IFERROR(SUMIFS(订单明细!$K:$K,订单明细!$I:$I,$M$1,订单明细!$C:$C,日订单满足明细!$O$3,订单明细!$A:$A,日订单满足明细!$A13)/SUMIFS(订单明细!$J:$J,订单明细!$I:$I,$M$1,订单明细!$C:$C,日订单满足明细!$O$3,订单明细!$A:$A,日订单满足明细!$A13),"") | P13: =IFERROR(SUMIFS(订单明细!$K:$K,订单明细!$I:$I,$M$1,订单明细!$D:$D,日订单满足明细!P$3,订单明细!$A:$A,日订单满足明细!$A13)/SUMIFS(订单明细!$J:$J,订单明细!$I:$I,$M$1,订单明细!$D:$D,日订单满足明细!P$3,订单明细!$A:$A,日订单满足明细!$A13),"") | Q13: =IFERROR(SUMIFS(订单明细!$K:$K,订单明细!$I:$I,$M$1,订单明细!$D:$D,日订单满足明细!Q$3,订单明细!$A:$A,日订单满足明细!$A13)/SUMIFS(订单明细!$J:$J,订单明细!$I:$I,$M$1,订单明细!$D:$D,日订单满足明细!Q$3,订单明细!$A:$A,日订单满足明细!$A13),"") | R13: =IFERROR(SUMIFS(订单明细!$K:$K,订单明细!$I:$I,$M$1,订单明细!$D:$D,日订单满足明细!R$3,订单明细!$A:$A,日订单满足明细!$A13)/SUMIFS(订单明细!$J:$J,订单明细!$I:$I,$M$1,订单明细!$D:$D,日订单满足明细!R$3,订单明细!$A:$A,日订单满足明细!$A13),"") | S13: =IFERROR(SUMIFS(订单明细!$K:$K,订单明细!$I:$I,$M$1,订单明细!$D:$D,日订单满足明细!S$3,订单明细!$A:$A,日订单满足明细!$A13)/SUMIFS(订单明细!$J:$J,订单明细!$I:$I,$M$1,订单明细!$D:$D,日订单满足明细!S$3,订单明细!$A:$A,日订单满足明细!$A13),"") | T13: =IFERROR(SUMIFS(订单明细!$K:$K,订单明细!$I:$I,$M$1,订单明细!$D:$D,日订单满足明细!T$3,订单明细!$A:$A,日订单满足明细!$A13)/SUMIFS(订单明细!$J:$J,订单明细!$I:$I,$M$1,订单明细!$D:$D,日订单满足明细!T$3,订单明细!$A:$A,日订单满足明细!$A13),"") | U13: =IFERROR(SUMIFS(订单明细!$K:$K,订单明细!$I:$I,$M$1,订单明细!$D:$D,日订单满足明细!U$3,订单明细!$A:$A,日订单满足明细!$A13)/SUMIFS(订单明细!$J:$J,订单明细!$I:$I,$M$1,订单明细!$D:$D,日订单满足明细!U$3,订单明细!$A:$A,日订单满足明细!$A13),"") | V13: =IFERROR(SUMIFS(订单明细!$K:$K,订单明细!$I:$I,$M$1,订单明细!$D:$D,日订单满足明细!V$3,订单明细!$A:$A,日订单满足明细!$A13)/SUMIFS(订单明细!$J:$J,订单明细!$I:$I,$M$1,订单明细!$D:$D,日订单满足明细!V$3,订单明细!$A:$A,日订单满足明细!$A13),"") | W13: =IFERROR(SUMIFS(订单明细!$K:$K,订单明细!$I:$I,$M$1,订单明细!$D:$D,日订单满足明细!W$3,订单明细!$A:$A,日订单满足明细!$A13)/SUMIFS(订单明细!$J:$J,订单明细!$I:$I,$M$1,订单明细!$D:$D,日订单满足明细!W$3,订单明细!$A:$A,日订单满足明细!$A13),"")
B14: =IFERROR(SUMIFS(订单明细!$K:$K,订单明细!$I:$I,日订单满足明细!$A$1,订单明细!$C:$C,日订单满足明细!$B$3,订单明细!$A:$A,日订单满足明细!$A14)/SUMIFS(订单明细!$J:$J,订单明细!$I:$I,日订单满足明细!$A$1,订单明细!$C:$C,日订单满足明细!$B$3,订单明细!$A:$A,日订单满足明细!$A14),"") | C14: =IFERROR(SUMIFS(订单明细!$K:$K,订单明细!$I:$I,日订单满足明细!$A$1,订单明细!$C:$C,日订单满足明细!$C$3,订单明细!$A:$A,日订单满足明细!$A14)/SUMIFS(订单明细!$J:$J,订单明细!$I:$I,日订单满足明细!$A$1,订单明细!$C:$C,日订单满足明细!$C$3,订单明细!$A:$A,日订单满足明细!$A14),"") | D14: =IFERROR(SUMIFS(订单明细!$K:$K,订单明细!$I:$I,$A$1,订单明细!$D:$D,日订单满足明细!D$3,订单明细!$A:$A,日订单满足明细!$A14)/SUMIFS(订单明细!$J:$J,订单明细!$I:$I,$A$1,订单明细!$D:$D,日订单满足明细!D$3,订单明细!$A:$A,日订单满足明细!$A14),"") | E14: =IFERROR(SUMIFS(订单明细!$K:$K,订单明细!$I:$I,$A$1,订单明细!$D:$D,日订单满足明细!E$3,订单明细!$A:$A,日订单满足明细!$A14)/SUMIFS(订单明细!$J:$J,订单明细!$I:$I,$A$1,订单明细!$D:$D,日订单满足明细!E$3,订单明细!$A:$A,日订单满足明细!$A14),"") | F14: =IFERROR(SUMIFS(订单明细!$K:$K,订单明细!$I:$I,$A$1,订单明细!$D:$D,日订单满足明细!F$3,订单明细!$A:$A,日订单满足明细!$A14)/SUMIFS(订单明细!$J:$J,订单明细!$I:$I,$A$1,订单明细!$D:$D,日订单满足明细!F$3,订单明细!$A:$A,日订单满足明细!$A14),"") | G14: =IFERROR(SUMIFS(订单明细!$K:$K,订单明细!$I:$I,$A$1,订单明细!$D:$D,日订单满足明细!G$3,订单明细!$A:$A,日订单满足明细!$A14)/SUMIFS(订单明细!$J:$J,订单明细!$I:$I,$A$1,订单明细!$D:$D,日订单满足明细!G$3,订单明细!$A:$A,日订单满足明细!$A14),"") | H14: =IFERROR(SUMIFS(订单明细!$K:$K,订单明细!$I:$I,$A$1,订单明细!$D:$D,日订单满足明细!H$3,订单明细!$A:$A,日订单满足明细!$A14)/SUMIFS(订单明细!$J:$J,订单明细!$I:$I,$A$1,订单明细!$D:$D,日订单满足明细!H$3,订单明细!$A:$A,日订单满足明细!$A14),"") | I14: =IFERROR(SUMIFS(订单明细!$K:$K,订单明细!$I:$I,$A$1,订单明细!$D:$D,日订单满足明细!I$3,订单明细!$A:$A,日订单满足明细!$A14)/SUMIFS(订单明细!$J:$J,订单明细!$I:$I,$A$1,订单明细!$D:$D,日订单满足明细!I$3,订单明细!$A:$A,日订单满足明细!$A14),"") | J14: =IFERROR(SUMIFS(订单明细!$K:$K,订单明细!$I:$I,$A$1,订单明细!$D:$D,日订单满足明细!J$3,订单明细!$A:$A,日订单满足明细!$A14)/SUMIFS(订单明细!$J:$J,订单明细!$I:$I,$A$1,订单明细!$D:$D,日订单满足明细!J$3,订单明细!$A:$A,日订单满足明细!$A14),"") | K14: =IFERROR(SUMIFS(订单明细!$K:$K,订单明细!$I:$I,$A$1,订单明细!$D:$D,日订单满足明细!K$3,订单明细!$A:$A,日订单满足明细!$A14)/SUMIFS(订单明细!$J:$J,订单明细!$I:$I,$A$1,订单明细!$D:$D,日订单满足明细!K$3,订单明细!$A:$A,日订单满足明细!$A14),"") | N14: =IFERROR(SUMIFS(订单明细!$K:$K,订单明细!$I:$I,$M$1,订单明细!$C:$C,日订单满足明细!$N$3,订单明细!$A:$A,日订单满足明细!$A14)/SUMIFS(订单明细!$J:$J,订单明细!$I:$I,$M$1,订单明细!$C:$C,日订单满足明细!$N$3,订单明细!$A:$A,日订单满足明细!$A14),"") | O14: =IFERROR(SUMIFS(订单明细!$K:$K,订单明细!$I:$I,$M$1,订单明细!$C:$C,日订单满足明细!$O$3,订单明细!$A:$A,日订单满足明细!$A14)/SUMIFS(订单明细!$J:$J,订单明细!$I:$I,$M$1,订单明细!$C:$C,日订单满足明细!$O$3,订单明细!$A:$A,日订单满足明细!$A14),"") | P14: =IFERROR(SUMIFS(订单明细!$K:$K,订单明细!$I:$I,$M$1,订单明细!$D:$D,日订单满足明细!P$3,订单明细!$A:$A,日订单满足明细!$A14)/SUMIFS(订单明细!$J:$J,订单明细!$I:$I,$M$1,订单明细!$D:$D,日订单满足明细!P$3,订单明细!$A:$A,日订单满足明细!$A14),"") | Q14: =IFERROR(SUMIFS(订单明细!$K:$K,订单明细!$I:$I,$M$1,订单明细!$D:$D,日订单满足明细!Q$3,订单明细!$A:$A,日订单满足明细!$A14)/SUMIFS(订单明细!$J:$J,订单明细!$I:$I,$M$1,订单明细!$D:$D,日订单满足明细!Q$3,订单明细!$A:$A,日订单满足明细!$A14),"") | R14: =IFERROR(SUMIFS(订单明细!$K:$K,订单明细!$I:$I,$M$1,订单明细!$D:$D,日订单满足明细!R$3,订单明细!$A:$A,日订单满足明细!$A14)/SUMIFS(订单明细!$J:$J,订单明细!$I:$I,$M$1,订单明细!$D:$D,日订单满足明细!R$3,订单明细!$A:$A,日订单满足明细!$A14),"") | S14: =IFERROR(SUMIFS(订单明细!$K:$K,订单明细!$I:$I,$M$1,订单明细!$D:$D,日订单满足明细!S$3,订单明细!$A:$A,日订单满足明细!$A14)/SUMIFS(订单明细!$J:$J,订单明细!$I:$I,$M$1,订单明细!$D:$D,日订单满足明细!S$3,订单明细!$A:$A,日订单满足明细!$A14),"") | T14: =IFERROR(SUMIFS(订单明细!$K:$K,订单明细!$I:$I,$M$1,订单明细!$D:$D,日订单满足明细!T$3,订单明细!$A:$A,日订单满足明细!$A14)/SUMIFS(订单明细!$J:$J,订单明细!$I:$I,$M$1,订单明细!$D:$D,日订单满足明细!T$3,订单明细!$A:$A,日订单满足明细!$A14),"") | U14: =IFERROR(SUMIFS(订单明细!$K:$K,订单明细!$I:$I,$M$1,订单明细!$D:$D,日订单满足明细!U$3,订单明细!$A:$A,日订单满足明细!$A14)/SUMIFS(订单明细!$J:$J,订单明细!$I:$I,$M$1,订单明细!$D:$D,日订单满足明细!U$3,订单明细!$A:$A,日订单满足明细!$A14),"") | V14: =IFERROR(SUMIFS(订单明细!$K:$K,订单明细!$I:$I,$M$1,订单明细!$D:$D,日订单满足明细!V$3,订单明细!$A:$A,日订单满足明细!$A14)/SUMIFS(订单明细!$J:$J,订单明细!$I:$I,$M$1,订单明细!$D:$D,日订单满足明细!V$3,订单明细!$A:$A,日订单满足明细!$A14),"") | W14: =IFERROR(SUMIFS(订单明细!$K:$K,订单明细!$I:$I,$M$1,订单明细!$D:$D,日订单满足明细!W$3,订单明细!$A:$A,日订单满足明细!$A14)/SUMIFS(订单明细!$J:$J,订单明细!$I:$I,$M$1,订单明细!$D:$D,日订单满足明细!W$3,订单明细!$A:$A,日订单满足明细!$A14),"")
B15: =IFERROR(SUMIFS(订单明细!$K:$K,订单明细!$I:$I,日订单满足明细!$A$1,订单明细!$C:$C,日订单满足明细!$B$3,订单明细!$A:$A,日订单满足明细!$A15)/SUMIFS(订单明细!$J:$J,订单明细!$I:$I,日订单满足明细!$A$1,订单明细!$C:$C,日订单满足明细!$B$3,订单明细!$A:$A,日订单满足明细!$A15),"") | C15: =IFERROR(SUMIFS(订单明细!$K:$K,订单明细!$I:$I,日订单满足明细!$A$1,订单明细!$C:$C,日订单满足明细!$C$3,订单明细!$A:$A,日订单满足明细!$A15)/SUMIFS(订单明细!$J:$J,订单明细!$I:$I,日订单满足明细!$A$1,订单明细!$C:$C,日订单满足明细!$C$3,订单明细!$A:$A,日订单满足明细!$A15),"") | D15: =IFERROR(SUMIFS(订单明细!$K:$K,订单明细!$I:$I,$A$1,订单明细!$D:$D,日订单满足明细!D$3,订单明细!$A:$A,日订单满足明细!$A15)/SUMIFS(订单明细!$J:$J,订单明细!$I:$I,$A$1,订单明细!$D:$D,日订单满足明细!D$3,订单明细!$A:$A,日订单满足明细!$A15),"") | E15: =IFERROR(SUMIFS(订单明细!$K:$K,订单明细!$I:$I,$A$1,订单明细!$D:$D,日订单满足明细!E$3,订单明细!$A:$A,日订单满足明细!$A15)/SUMIFS(订单明细!$J:$J,订单明细!$I:$I,$A$1,订单明细!$D:$D,日订单满足明细!E$3,订单明细!$A:$A,日订单满足明细!$A15),"") | F15: =IFERROR(SUMIFS(订单明细!$K:$K,订单明细!$I:$I,$A$1,订单明细!$D:$D,日订单满足明细!F$3,订单明细!$A:$A,日订单满足明细!$A15)/SUMIFS(订单明细!$J:$J,订单明细!$I:$I,$A$1,订单明细!$D:$D,日订单满足明细!F$3,订单明细!$A:$A,日订单满足明细!$A15),"") | G15: =IFERROR(SUMIFS(订单明细!$K:$K,订单明细!$I:$I,$A$1,订单明细!$D:$D,日订单满足明细!G$3,订单明细!$A:$A,日订单满足明细!$A15)/SUMIFS(订单明细!$J:$J,订单明细!$I:$I,$A$1,订单明细!$D:$D,日订单满足明细!G$3,订单明细!$A:$A,日订单满足明细!$A15),"") | H15: =IFERROR(SUMIFS(订单明细!$K:$K,订单明细!$I:$I,$A$1,订单明细!$D:$D,日订单满足明细!H$3,订单明细!$A:$A,日订单满足明细!$A15)/SUMIFS(订单明细!$J:$J,订单明细!$I:$I,$A$1,订单明细!$D:$D,日订单满足明细!H$3,订单明细!$A:$A,日订单满足明细!$A15),"") | I15: =IFERROR(SUMIFS(订单明细!$K:$K,订单明细!$I:$I,$A$1,订单明细!$D:$D,日订单满足明细!I$3,订单明细!$A:$A,日订单满足明细!$A15)/SUMIFS(订单明细!$J:$J,订单明细!$I:$I,$A$1,订单明细!$D:$D,日订单满足明细!I$3,订单明细!$A:$A,日订单满足明细!$A15),"") | J15: =IFERROR(SUMIFS(订单明细!$K:$K,订单明细!$I:$I,$A$1,订单明细!$D:$D,日订单满足明细!J$3,订单明细!$A:$A,日订单满足明细!$A15)/SUMIFS(订单明细!$J:$J,订单明细!$I:$I,$A$1,订单明细!$D:$D,日订单满足明细!J$3,订单明细!$A:$A,日订单满足明细!$A15),"") | K15: =IFERROR(SUMIFS(订单明细!$K:$K,订单明细!$I:$I,$A$1,订单明细!$D:$D,日订单满足明细!K$3,订单明细!$A:$A,日订单满足明细!$A15)/SUMIFS(订单明细!$J:$J,订单明细!$I:$I,$A$1,订单明细!$D:$D,日订单满足明细!K$3,订单明细!$A:$A,日订单满足明细!$A15),"") | N15: =IFERROR(SUMIFS(订单明细!$K:$K,订单明细!$I:$I,$M$1,订单明细!$C:$C,日订单满足明细!$N$3,订单明细!$A:$A,日订单满足明细!$A15)/SUMIFS(订单明细!$J:$J,订单明细!$I:$I,$M$1,订单明细!$C:$C,日订单满足明细!$N$3,订单明细!$A:$A,日订单满足明细!$A15),"") | O15: =IFERROR(SUMIFS(订单明细!$K:$K,订单明细!$I:$I,$M$1,订单明细!$C:$C,日订单满足明细!$O$3,订单明细!$A:$A,日订单满足明细!$A15)/SUMIFS(订单明细!$J:$J,订单明细!$I:$I,$M$1,订单明细!$C:$C,日订单满足明细!$O$3,订单明细!$A:$A,日订单满足明细!$A15),"") | P15: =IFERROR(SUMIFS(订单明细!$K:$K,订单明细!$I:$I,$M$1,订单明细!$D:$D,日订单满足明细!P$3,订单明细!$A:$A,日订单满足明细!$A15)/SUMIFS(订单明细!$J:$J,订单明细!$I:$I,$M$1,订单明细!$D:$D,日订单满足明细!P$3,订单明细!$A:$A,日订单满足明细!$A15),"") | Q15: =IFERROR(SUMIFS(订单明细!$K:$K,订单明细!$I:$I,$M$1,订单明细!$D:$D,日订单满足明细!Q$3,订单明细!$A:$A,日订单满足明细!$A15)/SUMIFS(订单明细!$J:$J,订单明细!$I:$I,$M$1,订单明细!$D:$D,日订单满足明细!Q$3,订单明细!$A:$A,日订单满足明细!$A15),"") | R15: =IFERROR(SUMIFS(订单明细!$K:$K,订单明细!$I:$I,$M$1,订单明细!$D:$D,日订单满足明细!R$3,订单明细!$A:$A,日订单满足明细!$A15)/SUMIFS(订单明细!$J:$J,订单明细!$I:$I,$M$1,订单明细!$D:$D,日订单满足明细!R$3,订单明细!$A:$A,日订单满足明细!$A15),"") | S15: =IFERROR(SUMIFS(订单明细!$K:$K,订单明细!$I:$I,$M$1,订单明细!$D:$D,日订单满足明细!S$3,订单明细!$A:$A,日订单满足明细!$A15)/SUMIFS(订单明细!$J:$J,订单明细!$I:$I,$M$1,订单明细!$D:$D,日订单满足明细!S$3,订单明细!$A:$A,日订单满足明细!$A15),"") | T15: =IFERROR(SUMIFS(订单明细!$K:$K,订单明细!$I:$I,$M$1,订单明细!$D:$D,日订单满足明细!T$3,订单明细!$A:$A,日订单满足明细!$A15)/SUMIFS(订单明细!$J:$J,订单明细!$I:$I,$M$1,订单明细!$D:$D,日订单满足明细!T$3,订单明细!$A:$A,日订单满足明细!$A15),"") | U15: =IFERROR(SUMIFS(订单明细!$K:$K,订单明细!$I:$I,$M$1,订单明细!$D:$D,日订单满足明细!U$3,订单明细!$A:$A,日订单满足明细!$A15)/SUMIFS(订单明细!$J:$J,订单明细!$I:$I,$M$1,订单明细!$D:$D,日订单满足明细!U$3,订单明细!$A:$A,日订单满足明细!$A15),"") | V15: =IFERROR(SUMIFS(订单明细!$K:$K,订单明细!$I:$I,$M$1,订单明细!$D:$D,日订单满足明细!V$3,订单明细!$A:$A,日订单满足明细!$A15)/SUMIFS(订单明细!$J:$J,订单明细!$I:$I,$M$1,订单明细!$D:$D,日订单满足明细!V$3,订单明细!$A:$A,日订单满足明细!$A15),"") | W15: =IFERROR(SUMIFS(订单明细!$K:$K,订单明细!$I:$I,$M$1,订单明细!$D:$D,日订单满足明细!W$3,订单明细!$A:$A,日订单满足明细!$A15)/SUMIFS(订单明细!$J:$J,订单明细!$I:$I,$M$1,订单明细!$D:$D,日订单满足明细!W$3,订单明细!$A:$A,日订单满足明细!$A15),"")
B16: =IFERROR(SUMIFS(订单明细!$K:$K,订单明细!$I:$I,日订单满足明细!$A$1,订单明细!$C:$C,日订单满足明细!$B$3,订单明细!$A:$A,日订单满足明细!$A16)/SUMIFS(订单明细!$J:$J,订单明细!$I:$I,日订单满足明细!$A$1,订单明细!$C:$C,日订单满足明细!$B$3,订单明细!$A:$A,日订单满足明细!$A16),"") | C16: =IFERROR(SUMIFS(订单明细!$K:$K,订单明细!$I:$I,日订单满足明细!$A$1,订单明细!$C:$C,日订单满足明细!$C$3,订单明细!$A:$A,日订单满足明细!$A16)/SUMIFS(订单明细!$J:$J,订单明细!$I:$I,日订单满足明细!$A$1,订单明细!$C:$C,日订单满足明细!$C$3,订单明细!$A:$A,日订单满足明细!$A16),"") | D16: =IFERROR(SUMIFS(订单明细!$K:$K,订单明细!$I:$I,$A$1,订单明细!$D:$D,日订单满足明细!D$3,订单明细!$A:$A,日订单满足明细!$A16)/SUMIFS(订单明细!$J:$J,订单明细!$I:$I,$A$1,订单明细!$D:$D,日订单满足明细!D$3,订单明细!$A:$A,日订单满足明细!$A16),"") | E16: =IFERROR(SUMIFS(订单明细!$K:$K,订单明细!$I:$I,$A$1,订单明细!$D:$D,日订单满足明细!E$3,订单明细!$A:$A,日订单满足明细!$A16)/SUMIFS(订单明细!$J:$J,订单明细!$I:$I,$A$1,订单明细!$D:$D,日订单满足明细!E$3,订单明细!$A:$A,日订单满足明细!$A16),"") | F16: =IFERROR(SUMIFS(订单明细!$K:$K,订单明细!$I:$I,$A$1,订单明细!$D:$D,日订单满足明细!F$3,订单明细!$A:$A,日订单满足明细!$A16)/SUMIFS(订单明细!$J:$J,订单明细!$I:$I,$A$1,订单明细!$D:$D,日订单满足明细!F$3,订单明细!$A:$A,日订单满足明细!$A16),"") | G16: =IFERROR(SUMIFS(订单明细!$K:$K,订单明细!$I:$I,$A$1,订单明细!$D:$D,日订单满足明细!G$3,订单明细!$A:$A,日订单满足明细!$A16)/SUMIFS(订单明细!$J:$J,订单明细!$I:$I,$A$1,订单明细!$D:$D,日订单满足明细!G$3,订单明细!$A:$A,日订单满足明细!$A16),"") | H16: =IFERROR(SUMIFS(订单明细!$K:$K,订单明细!$I:$I,$A$1,订单明细!$D:$D,日订单满足明细!H$3,订单明细!$A:$A,日订单满足明细!$A16)/SUMIFS(订单明细!$J:$J,订单明细!$I:$I,$A$1,订单明细!$D:$D,日订单满足明细!H$3,订单明细!$A:$A,日订单满足明细!$A16),"") | I16: =IFERROR(SUMIFS(订单明细!$K:$K,订单明细!$I:$I,$A$1,订单明细!$D:$D,日订单满足明细!I$3,订单明细!$A:$A,日订单满足明细!$A16)/SUMIFS(订单明细!$J:$J,订单明细!$I:$I,$A$1,订单明细!$D:$D,日订单满足明细!I$3,订单明细!$A:$A,日订单满足明细!$A16),"") | J16: =IFERROR(SUMIFS(订单明细!$K:$K,订单明细!$I:$I,$A$1,订单明细!$D:$D,日订单满足明细!J$3,订单明细!$A:$A,日订单满足明细!$A16)/SUMIFS(订单明细!$J:$J,订单明细!$I:$I,$A$1,订单明细!$D:$D,日订单满足明细!J$3,订单明细!$A:$A,日订单满足明细!$A16),"") | K16: =IFERROR(SUMIFS(订单明细!$K:$K,订单明细!$I:$I,$A$1,订单明细!$D:$D,日订单满足明细!K$3,订单明细!$A:$A,日订单满足明细!$A16)/SUMIFS(订单明细!$J:$J,订单明细!$I:$I,$A$1,订单明细!$D:$D,日订单满足明细!K$3,订单明细!$A:$A,日订单满足明细!$A16),"") | N16: =IFERROR(SUMIFS(订单明细!$K:$K,订单明细!$I:$I,$M$1,订单明细!$C:$C,日订单满足明细!$N$3,订单明细!$A:$A,日订单满足明细!$A16)/SUMIFS(订单明细!$J:$J,订单明细!$I:$I,$M$1,订单明细!$C:$C,日订单满足明细!$N$3,订单明细!$A:$A,日订单满足明细!$A16),"") | O16: =IFERROR(SUMIFS(订单明细!$K:$K,订单明细!$I:$I,$M$1,订单明细!$C:$C,日订单满足明细!$O$3,订单明细!$A:$A,日订单满足明细!$A16)/SUMIFS(订单明细!$J:$J,订单明细!$I:$I,$M$1,订单明细!$C:$C,日订单满足明细!$O$3,订单明细!$A:$A,日订单满足明细!$A16),"") | P16: =IFERROR(SUMIFS(订单明细!$K:$K,订单明细!$I:$I,$M$1,订单明细!$D:$D,日订单满足明细!P$3,订单明细!$A:$A,日订单满足明细!$A16)/SUMIFS(订单明细!$J:$J,订单明细!$I:$I,$M$1,订单明细!$D:$D,日订单满足明细!P$3,订单明细!$A:$A,日订单满足明细!$A16),"") | Q16: =IFERROR(SUMIFS(订单明细!$K:$K,订单明细!$I:$I,$M$1,订单明细!$D:$D,日订单满足明细!Q$3,订单明细!$A:$A,日订单满足明细!$A16)/SUMIFS(订单明细!$J:$J,订单明细!$I:$I,$M$1,订单明细!$D:$D,日订单满足明细!Q$3,订单明细!$A:$A,日订单满足明细!$A16),"") | R16: =IFERROR(SUMIFS(订单明细!$K:$K,订单明细!$I:$I,$M$1,订单明细!$D:$D,日订单满足明细!R$3,订单明细!$A:$A,日订单满足明细!$A16)/SUMIFS(订单明细!$J:$J,订单明细!$I:$I,$M$1,订单明细!$D:$D,日订单满足明细!R$3,订单明细!$A:$A,日订单满足明细!$A16),"") | S16: =IFERROR(SUMIFS(订单明细!$K:$K,订单明细!$I:$I,$M$1,订单明细!$D:$D,日订单满足明细!S$3,订单明细!$A:$A,日订单满足明细!$A16)/SUMIFS(订单明细!$J:$J,订单明细!$I:$I,$M$1,订单明细!$D:$D,日订单满足明细!S$3,订单明细!$A:$A,日订单满足明细!$A16),"") | T16: =IFERROR(SUMIFS(订单明细!$K:$K,订单明细!$I:$I,$M$1,订单明细!$D:$D,日订单满足明细!T$3,订单明细!$A:$A,日订单满足明细!$A16)/SUMIFS(订单明细!$J:$J,订单明细!$I:$I,$M$1,订单明细!$D:$D,日订单满足明细!T$3,订单明细!$A:$A,日订单满足明细!$A16),"") | U16: =IFERROR(SUMIFS(订单明细!$K:$K,订单明细!$I:$I,$M$1,订单明细!$D:$D,日订单满足明细!U$3,订单明细!$A:$A,日订单满足明细!$A16)/SUMIFS(订单明细!$J:$J,订单明细!$I:$I,$M$1,订单明细!$D:$D,日订单满足明细!U$3,订单明细!$A:$A,日订单满足明细!$A16),"") | V16: =IFERROR(SUMIFS(订单明细!$K:$K,订单明细!$I:$I,$M$1,订单明细!$D:$D,日订单满足明细!V$3,订单明细!$A:$A,日订单满足明细!$A16)/SUMIFS(订单明细!$J:$J,订单明细!$I:$I,$M$1,订单明细!$D:$D,日订单满足明细!V$3,订单明细!$A:$A,日订单满足明细!$A16),"") | W16: =IFERROR(SUMIFS(订单明细!$K:$K,订单明细!$I:$I,$M$1,订单明细!$D:$D,日订单满足明细!W$3,订单明细!$A:$A,日订单满足明细!$A16)/SUMIFS(订单明细!$J:$J,订单明细!$I:$I,$M$1,订单明细!$D:$D,日订单满足明细!W$3,订单明细!$A:$A,日订单满足明细!$A16),"")
B17: =IFERROR(SUMIFS(订单明细!$K:$K,订单明细!$I:$I,日订单满足明细!$A$1,订单明细!$C:$C,日订单满足明细!$B$3,订单明细!$A:$A,日订单满足明细!$A17)/SUMIFS(订单明细!$J:$J,订单明细!$I:$I,日订单满足明细!$A$1,订单明细!$C:$C,日订单满足明细!$B$3,订单明细!$A:$A,日订单满足明细!$A17),"") | C17: =IFERROR(SUMIFS(订单明细!$K:$K,订单明细!$I:$I,日订单满足明细!$A$1,订单明细!$C:$C,日订单满足明细!$C$3,订单明细!$A:$A,日订单满足明细!$A17)/SUMIFS(订单明细!$J:$J,订单明细!$I:$I,日订单满足明细!$A$1,订单明细!$C:$C,日订单满足明细!$C$3,订单明细!$A:$A,日订单满足明细!$A17),"") | D17: =IFERROR(SUMIFS(订单明细!$K:$K,订单明细!$I:$I,$A$1,订单明细!$D:$D,日订单满足明细!D$3,订单明细!$A:$A,日订单满足明细!$A17)/SUMIFS(订单明细!$J:$J,订单明细!$I:$I,$A$1,订单明细!$D:$D,日订单满足明细!D$3,订单明细!$A:$A,日订单满足明细!$A17),"") | E17: =IFERROR(SUMIFS(订单明细!$K:$K,订单明细!$I:$I,$A$1,订单明细!$D:$D,日订单满足明细!E$3,订单明细!$A:$A,日订单满足明细!$A17)/SUMIFS(订单明细!$J:$J,订单明细!$I:$I,$A$1,订单明细!$D:$D,日订单满足明细!E$3,订单明细!$A:$A,日订单满足明细!$A17),"") | F17: =IFERROR(SUMIFS(订单明细!$K:$K,订单明细!$I:$I,$A$1,订单明细!$D:$D,日订单满足明细!F$3,订单明细!$A:$A,日订单满足明细!$A17)/SUMIFS(订单明细!$J:$J,订单明细!$I:$I,$A$1,订单明细!$D:$D,日订单满足明细!F$3,订单明细!$A:$A,日订单满足明细!$A17),"") | G17: =IFERROR(SUMIFS(订单明细!$K:$K,订单明细!$I:$I,$A$1,订单明细!$D:$D,日订单满足明细!G$3,订单明细!$A:$A,日订单满足明细!$A17)/SUMIFS(订单明细!$J:$J,订单明细!$I:$I,$A$1,订单明细!$D:$D,日订单满足明细!G$3,订单明细!$A:$A,日订单满足明细!$A17),"") | H17: =IFERROR(SUMIFS(订单明细!$K:$K,订单明细!$I:$I,$A$1,订单明细!$D:$D,日订单满足明细!H$3,订单明细!$A:$A,日订单满足明细!$A17)/SUMIFS(订单明细!$J:$J,订单明细!$I:$I,$A$1,订单明细!$D:$D,日订单满足明细!H$3,订单明细!$A:$A,日订单满足明细!$A17),"") | I17: =IFERROR(SUMIFS(订单明细!$K:$K,订单明细!$I:$I,$A$1,订单明细!$D:$D,日订单满足明细!I$3,订单明细!$A:$A,日订单满足明细!$A17)/SUMIFS(订单明细!$J:$J,订单明细!$I:$I,$A$1,订单明细!$D:$D,日订单满足明细!I$3,订单明细!$A:$A,日订单满足明细!$A17),"") | J17: =IFERROR(SUMIFS(订单明细!$K:$K,订单明细!$I:$I,$A$1,订单明细!$D:$D,日订单满足明细!J$3,订单明细!$A:$A,日订单满足明细!$A17)/SUMIFS(订单明细!$J:$J,订单明细!$I:$I,$A$1,订单明细!$D:$D,日订单满足明细!J$3,订单明细!$A:$A,日订单满足明细!$A17),"") | K17: =IFERROR(SUMIFS(订单明细!$K:$K,订单明细!$I:$I,$A$1,订单明细!$D:$D,日订单满足明细!K$3,订单明细!$A:$A,日订单满足明细!$A17)/SUMIFS(订单明细!$J:$J,订单明细!$I:$I,$A$1,订单明细!$D:$D,日订单满足明细!K$3,订单明细!$A:$A,日订单满足明细!$A17),"") | N17: =IFERROR(SUMIFS(订单明细!$K:$K,订单明细!$I:$I,$M$1,订单明细!$C:$C,日订单满足明细!$N$3,订单明细!$A:$A,日订单满足明细!$A17)/SUMIFS(订单明细!$J:$J,订单明细!$I:$I,$M$1,订单明细!$C:$C,日订单满足明细!$N$3,订单明细!$A:$A,日订单满足明细!$A17),"") | O17: =IFERROR(SUMIFS(订单明细!$K:$K,订单明细!$I:$I,$M$1,订单明细!$C:$C,日订单满足明细!$O$3,订单明细!$A:$A,日订单满足明细!$A17)/SUMIFS(订单明细!$J:$J,订单明细!$I:$I,$M$1,订单明细!$C:$C,日订单满足明细!$O$3,订单明细!$A:$A,日订单满足明细!$A17),"") | P17: =IFERROR(SUMIFS(订单明细!$K:$K,订单明细!$I:$I,$M$1,订单明细!$D:$D,日订单满足明细!P$3,订单明细!$A:$A,日订单满足明细!$A17)/SUMIFS(订单明细!$J:$J,订单明细!$I:$I,$M$1,订单明细!$D:$D,日订单满足明细!P$3,订单明细!$A:$A,日订单满足明细!$A17),"") | Q17: =IFERROR(SUMIFS(订单明细!$K:$K,订单明细!$I:$I,$M$1,订单明细!$D:$D,日订单满足明细!Q$3,订单明细!$A:$A,日订单满足明细!$A17)/SUMIFS(订单明细!$J:$J,订单明细!$I:$I,$M$1,订单明细!$D:$D,日订单满足明细!Q$3,订单明细!$A:$A,日订单满足明细!$A17),"") | R17: =IFERROR(SUMIFS(订单明细!$K:$K,订单明细!$I:$I,$M$1,订单明细!$D:$D,日订单满足明细!R$3,订单明细!$A:$A,日订单满足明细!$A17)/SUMIFS(订单明细!$J:$J,订单明细!$I:$I,$M$1,订单明细!$D:$D,日订单满足明细!R$3,订单明细!$A:$A,日订单满足明细!$A17),"") | S17: =IFERROR(SUMIFS(订单明细!$K:$K,订单明细!$I:$I,$M$1,订单明细!$D:$D,日订单满足明细!S$3,订单明细!$A:$A,日订单满足明细!$A17)/SUMIFS(订单明细!$J:$J,订单明细!$I:$I,$M$1,订单明细!$D:$D,日订单满足明细!S$3,订单明细!$A:$A,日订单满足明细!$A17),"") | T17: =IFERROR(SUMIFS(订单明细!$K:$K,订单明细!$I:$I,$M$1,订单明细!$D:$D,日订单满足明细!T$3,订单明细!$A:$A,日订单满足明细!$A17)/SUMIFS(订单明细!$J:$J,订单明细!$I:$I,$M$1,订单明细!$D:$D,日订单满足明细!T$3,订单明细!$A:$A,日订单满足明细!$A17),"") | U17: =IFERROR(SUMIFS(订单明细!$K:$K,订单明细!$I:$I,$M$1,订单明细!$D:$D,日订单满足明细!U$3,订单明细!$A:$A,日订单满足明细!$A17)/SUMIFS(订单明细!$J:$J,订单明细!$I:$I,$M$1,订单明细!$D:$D,日订单满足明细!U$3,订单明细!$A:$A,日订单满足明细!$A17),"") | V17: =IFERROR(SUMIFS(订单明细!$K:$K,订单明细!$I:$I,$M$1,订单明细!$D:$D,日订单满足明细!V$3,订单明细!$A:$A,日订单满足明细!$A17)/SUMIFS(订单明细!$J:$J,订单明细!$I:$I,$M$1,订单明细!$D:$D,日订单满足明细!V$3,订单明细!$A:$A,日订单满足明细!$A17),"") | W17: =IFERROR(SUMIFS(订单明细!$K:$K,订单明细!$I:$I,$M$1,订单明细!$D:$D,日订单满足明细!W$3,订单明细!$A:$A,日订单满足明细!$A17)/SUMIFS(订单明细!$J:$J,订单明细!$I:$I,$M$1,订单明细!$D:$D,日订单满足明细!W$3,订单明细!$A:$A,日订单满足明细!$A17),"")
B18: =IFERROR(SUMIFS(订单明细!$K:$K,订单明细!$I:$I,日订单满足明细!$A$1,订单明细!$C:$C,日订单满足明细!$B$3,订单明细!$A:$A,日订单满足明细!$A18)/SUMIFS(订单明细!$J:$J,订单明细!$I:$I,日订单满足明细!$A$1,订单明细!$C:$C,日订单满足明细!$B$3,订单明细!$A:$A,日订单满足明细!$A18),"") | C18: =IFERROR(SUMIFS(订单明细!$K:$K,订单明细!$I:$I,日订单满足明细!$A$1,订单明细!$C:$C,日订单满足明细!$C$3,订单明细!$A:$A,日订单满足明细!$A18)/SUMIFS(订单明细!$J:$J,订单明细!$I:$I,日订单满足明细!$A$1,订单明细!$C:$C,日订单满足明细!$C$3,订单明细!$A:$A,日订单满足明细!$A18),"") | D18: =IFERROR(SUMIFS(订单明细!$K:$K,订单明细!$I:$I,$A$1,订单明细!$D:$D,日订单满足明细!D$3,订单明细!$A:$A,日订单满足明细!$A18)/SUMIFS(订单明细!$J:$J,订单明细!$I:$I,$A$1,订单明细!$D:$D,日订单满足明细!D$3,订单明细!$A:$A,日订单满足明细!$A18),"") | E18: =IFERROR(SUMIFS(订单明细!$K:$K,订单明细!$I:$I,$A$1,订单明细!$D:$D,日订单满足明细!E$3,订单明细!$A:$A,日订单满足明细!$A18)/SUMIFS(订单明细!$J:$J,订单明细!$I:$I,$A$1,订单明细!$D:$D,日订单满足明细!E$3,订单明细!$A:$A,日订单满足明细!$A18),"") | F18: =IFERROR(SUMIFS(订单明细!$K:$K,订单明细!$I:$I,$A$1,订单明细!$D:$D,日订单满足明细!F$3,订单明细!$A:$A,日订单满足明细!$A18)/SUMIFS(订单明细!$J:$J,订单明细!$I:$I,$A$1,订单明细!$D:$D,日订单满足明细!F$3,订单明细!$A:$A,日订单满足明细!$A18),"") | G18: =IFERROR(SUMIFS(订单明细!$K:$K,订单明细!$I:$I,$A$1,订单明细!$D:$D,日订单满足明细!G$3,订单明细!$A:$A,日订单满足明细!$A18)/SUMIFS(订单明细!$J:$J,订单明细!$I:$I,$A$1,订单明细!$D:$D,日订单满足明细!G$3,订单明细!$A:$A,日订单满足明细!$A18),"") | H18: =IFERROR(SUMIFS(订单明细!$K:$K,订单明细!$I:$I,$A$1,订单明细!$D:$D,日订单满足明细!H$3,订单明细!$A:$A,日订单满足明细!$A18)/SUMIFS(订单明细!$J:$J,订单明细!$I:$I,$A$1,订单明细!$D:$D,日订单满足明细!H$3,订单明细!$A:$A,日订单满足明细!$A18),"") | I18: =IFERROR(SUMIFS(订单明细!$K:$K,订单明细!$I:$I,$A$1,订单明细!$D:$D,日订单满足明细!I$3,订单明细!$A:$A,日订单满足明细!$A18)/SUMIFS(订单明细!$J:$J,订单明细!$I:$I,$A$1,订单明细!$D:$D,日订单满足明细!I$3,订单明细!$A:$A,日订单满足明细!$A18),"") | J18: =IFERROR(SUMIFS(订单明细!$K:$K,订单明细!$I:$I,$A$1,订单明细!$D:$D,日订单满足明细!J$3,订单明细!$A:$A,日订单满足明细!$A18)/SUMIFS(订单明细!$J:$J,订单明细!$I:$I,$A$1,订单明细!$D:$D,日订单满足明细!J$3,订单明细!$A:$A,日订单满足明细!$A18),"") | K18: =IFERROR(SUMIFS(订单明细!$K:$K,订单明细!$I:$I,$A$1,订单明细!$D:$D,日订单满足明细!K$3,订单明细!$A:$A,日订单满足明细!$A18)/SUMIFS(订单明细!$J:$J,订单明细!$I:$I,$A$1,订单明细!$D:$D,日订单满足明细!K$3,订单明细!$A:$A,日订单满足明细!$A18),"") | N18: =IFERROR(SUMIFS(订单明细!$K:$K,订单明细!$I:$I,$M$1,订单明细!$C:$C,日订单满足明细!$N$3,订单明细!$A:$A,日订单满足明细!$A18)/SUMIFS(订单明细!$J:$J,订单明细!$I:$I,$M$1,订单明细!$C:$C,日订单满足明细!$N$3,订单明细!$A:$A,日订单满足明细!$A18),"") | O18: =IFERROR(SUMIFS(订单明细!$K:$K,订单明细!$I:$I,$M$1,订单明细!$C:$C,日订单满足明细!$O$3,订单明细!$A:$A,日订单满足明细!$A18)/SUMIFS(订单明细!$J:$J,订单明细!$I:$I,$M$1,订单明细!$C:$C,日订单满足明细!$O$3,订单明细!$A:$A,日订单满足明细!$A18),"") | P18: =IFERROR(SUMIFS(订单明细!$K:$K,订单明细!$I:$I,$M$1,订单明细!$D:$D,日订单满足明细!P$3,订单明细!$A:$A,日订单满足明细!$A18)/SUMIFS(订单明细!$J:$J,订单明细!$I:$I,$M$1,订单明细!$D:$D,日订单满足明细!P$3,订单明细!$A:$A,日订单满足明细!$A18),"") | Q18: =IFERROR(SUMIFS(订单明细!$K:$K,订单明细!$I:$I,$M$1,订单明细!$D:$D,日订单满足明细!Q$3,订单明细!$A:$A,日订单满足明细!$A18)/SUMIFS(订单明细!$J:$J,订单明细!$I:$I,$M$1,订单明细!$D:$D,日订单满足明细!Q$3,订单明细!$A:$A,日订单满足明细!$A18),"") | R18: =IFERROR(SUMIFS(订单明细!$K:$K,订单明细!$I:$I,$M$1,订单明细!$D:$D,日订单满足明细!R$3,订单明细!$A:$A,日订单满足明细!$A18)/SUMIFS(订单明细!$J:$J,订单明细!$I:$I,$M$1,订单明细!$D:$D,日订单满足明细!R$3,订单明细!$A:$A,日订单满足明细!$A18),"") | S18: =IFERROR(SUMIFS(订单明细!$K:$K,订单明细!$I:$I,$M$1,订单明细!$D:$D,日订单满足明细!S$3,订单明细!$A:$A,日订单满足明细!$A18)/SUMIFS(订单明细!$J:$J,订单明细!$I:$I,$M$1,订单明细!$D:$D,日订单满足明细!S$3,订单明细!$A:$A,日订单满足明细!$A18),"") | T18: =IFERROR(SUMIFS(订单明细!$K:$K,订单明细!$I:$I,$M$1,订单明细!$D:$D,日订单满足明细!T$3,订单明细!$A:$A,日订单满足明细!$A18)/SUMIFS(订单明细!$J:$J,订单明细!$I:$I,$M$1,订单明细!$D:$D,日订单满足明细!T$3,订单明细!$A:$A,日订单满足明细!$A18),"") | U18: =IFERROR(SUMIFS(订单明细!$K:$K,订单明细!$I:$I,$M$1,订单明细!$D:$D,日订单满足明细!U$3,订单明细!$A:$A,日订单满足明细!$A18)/SUMIFS(订单明细!$J:$J,订单明细!$I:$I,$M$1,订单明细!$D:$D,日订单满足明细!U$3,订单明细!$A:$A,日订单满足明细!$A18),"") | V18: =IFERROR(SUMIFS(订单明细!$K:$K,订单明细!$I:$I,$M$1,订单明细!$D:$D,日订单满足明细!V$3,订单明细!$A:$A,日订单满足明细!$A18)/SUMIFS(订单明细!$J:$J,订单明细!$I:$I,$M$1,订单明细!$D:$D,日订单满足明细!V$3,订单明细!$A:$A,日订单满足明细!$A18),"") | W18: =IFERROR(SUMIFS(订单明细!$K:$K,订单明细!$I:$I,$M$1,订单明细!$D:$D,日订单满足明细!W$3,订单明细!$A:$A,日订单满足明细!$A18)/SUMIFS(订单明细!$J:$J,订单明细!$I:$I,$M$1,订单明细!$D:$D,日订单满足明细!W$3,订单明细!$A:$A,日订单满足明细!$A18),"")
B19: =IFERROR(SUMIFS(订单明细!$K:$K,订单明细!$I:$I,日订单满足明细!$A$1,订单明细!$C:$C,日订单满足明细!$B$3,订单明细!$A:$A,日订单满足明细!$A19)/SUMIFS(订单明细!$J:$J,订单明细!$I:$I,日订单满足明细!$A$1,订单明细!$C:$C,日订单满足明细!$B$3,订单明细!$A:$A,日订单满足明细!$A19),"") | C19: =IFERROR(SUMIFS(订单明细!$K:$K,订单明细!$I:$I,日订单满足明细!$A$1,订单明细!$C:$C,日订单满足明细!$C$3,订单明细!$A:$A,日订单满足明细!$A19)/SUMIFS(订单明细!$J:$J,订单明细!$I:$I,日订单满足明细!$A$1,订单明细!$C:$C,日订单满足明细!$C$3,订单明细!$A:$A,日订单满足明细!$A19),"") | D19: =IFERROR(SUMIFS(订单明细!$K:$K,订单明细!$I:$I,$A$1,订单明细!$D:$D,日订单满足明细!D$3,订单明细!$A:$A,日订单满足明细!$A19)/SUMIFS(订单明细!$J:$J,订单明细!$I:$I,$A$1,订单明细!$D:$D,日订单满足明细!D$3,订单明细!$A:$A,日订单满足明细!$A19),"") | E19: =IFERROR(SUMIFS(订单明细!$K:$K,订单明细!$I:$I,$A$1,订单明细!$D:$D,日订单满足明细!E$3,订单明细!$A:$A,日订单满足明细!$A19)/SUMIFS(订单明细!$J:$J,订单明细!$I:$I,$A$1,订单明细!$D:$D,日订单满足明细!E$3,订单明细!$A:$A,日订单满足明细!$A19),"") | F19: =IFERROR(SUMIFS(订单明细!$K:$K,订单明细!$I:$I,$A$1,订单明细!$D:$D,日订单满足明细!F$3,订单明细!$A:$A,日订单满足明细!$A19)/SUMIFS(订单明细!$J:$J,订单明细!$I:$I,$A$1,订单明细!$D:$D,日订单满足明细!F$3,订单明细!$A:$A,日订单满足明细!$A19),"") | G19: =IFERROR(SUMIFS(订单明细!$K:$K,订单明细!$I:$I,$A$1,订单明细!$D:$D,日订单满足明细!G$3,订单明细!$A:$A,日订单满足明细!$A19)/SUMIFS(订单明细!$J:$J,订单明细!$I:$I,$A$1,订单明细!$D:$D,日订单满足明细!G$3,订单明细!$A:$A,日订单满足明细!$A19),"") | H19: =IFERROR(SUMIFS(订单明细!$K:$K,订单明细!$I:$I,$A$1,订单明细!$D:$D,日订单满足明细!H$3,订单明细!$A:$A,日订单满足明细!$A19)/SUMIFS(订单明细!$J:$J,订单明细!$I:$I,$A$1,订单明细!$D:$D,日订单满足明细!H$3,订单明细!$A:$A,日订单满足明细!$A19),"") | I19: =IFERROR(SUMIFS(订单明细!$K:$K,订单明细!$I:$I,$A$1,订单明细!$D:$D,日订单满足明细!I$3,订单明细!$A:$A,日订单满足明细!$A19)/SUMIFS(订单明细!$J:$J,订单明细!$I:$I,$A$1,订单明细!$D:$D,日订单满足明细!I$3,订单明细!$A:$A,日订单满足明细!$A19),"") | J19: =IFERROR(SUMIFS(订单明细!$K:$K,订单明细!$I:$I,$A$1,订单明细!$D:$D,日订单满足明细!J$3,订单明细!$A:$A,日订单满足明细!$A19)/SUMIFS(订单明细!$J:$J,订单明细!$I:$I,$A$1,订单明细!$D:$D,日订单满足明细!J$3,订单明细!$A:$A,日订单满足明细!$A19),"") | K19: =IFERROR(SUMIFS(订单明细!$K:$K,订单明细!$I:$I,$A$1,订单明细!$D:$D,日订单满足明细!K$3,订单明细!$A:$A,日订单满足明细!$A19)/SUMIFS(订单明细!$J:$J,订单明细!$I:$I,$A$1,订单明细!$D:$D,日订单满足明细!K$3,订单明细!$A:$A,日订单满足明细!$A19),"") | N19: =IFERROR(SUMIFS(订单明细!$K:$K,订单明细!$I:$I,$M$1,订单明细!$C:$C,日订单满足明细!$N$3,订单明细!$A:$A,日订单满足明细!$A19)/SUMIFS(订单明细!$J:$J,订单明细!$I:$I,$M$1,订单明细!$C:$C,日订单满足明细!$N$3,订单明细!$A:$A,日订单满足明细!$A19),"") | O19: =IFERROR(SUMIFS(订单明细!$K:$K,订单明细!$I:$I,$M$1,订单明细!$C:$C,日订单满足明细!$O$3,订单明细!$A:$A,日订单满足明细!$A19)/SUMIFS(订单明细!$J:$J,订单明细!$I:$I,$M$1,订单明细!$C:$C,日订单满足明细!$O$3,订单明细!$A:$A,日订单满足明细!$A19),"") | P19: =IFERROR(SUMIFS(订单明细!$K:$K,订单明细!$I:$I,$M$1,订单明细!$D:$D,日订单满足明细!P$3,订单明细!$A:$A,日订单满足明细!$A19)/SUMIFS(订单明细!$J:$J,订单明细!$I:$I,$M$1,订单明细!$D:$D,日订单满足明细!P$3,订单明细!$A:$A,日订单满足明细!$A19),"") | Q19: =IFERROR(SUMIFS(订单明细!$K:$K,订单明细!$I:$I,$M$1,订单明细!$D:$D,日订单满足明细!Q$3,订单明细!$A:$A,日订单满足明细!$A19)/SUMIFS(订单明细!$J:$J,订单明细!$I:$I,$M$1,订单明细!$D:$D,日订单满足明细!Q$3,订单明细!$A:$A,日订单满足明细!$A19),"") | R19: =IFERROR(SUMIFS(订单明细!$K:$K,订单明细!$I:$I,$M$1,订单明细!$D:$D,日订单满足明细!R$3,订单明细!$A:$A,日订单满足明细!$A19)/SUMIFS(订单明细!$J:$J,订单明细!$I:$I,$M$1,订单明细!$D:$D,日订单满足明细!R$3,订单明细!$A:$A,日订单满足明细!$A19),"") | S19: =IFERROR(SUMIFS(订单明细!$K:$K,订单明细!$I:$I,$M$1,订单明细!$D:$D,日订单满足明细!S$3,订单明细!$A:$A,日订单满足明细!$A19)/SUMIFS(订单明细!$J:$J,订单明细!$I:$I,$M$1,订单明细!$D:$D,日订单满足明细!S$3,订单明细!$A:$A,日订单满足明细!$A19),"") | T19: =IFERROR(SUMIFS(订单明细!$K:$K,订单明细!$I:$I,$M$1,订单明细!$D:$D,日订单满足明细!T$3,订单明细!$A:$A,日订单满足明细!$A19)/SUMIFS(订单明细!$J:$J,订单明细!$I:$I,$M$1,订单明细!$D:$D,日订单满足明细!T$3,订单明细!$A:$A,日订单满足明细!$A19),"") | U19: =IFERROR(SUMIFS(订单明细!$K:$K,订单明细!$I:$I,$M$1,订单明细!$D:$D,日订单满足明细!U$3,订单明细!$A:$A,日订单满足明细!$A19)/SUMIFS(订单明细!$J:$J,订单明细!$I:$I,$M$1,订单明细!$D:$D,日订单满足明细!U$3,订单明细!$A:$A,日订单满足明细!$A19),"") | V19: =IFERROR(SUMIFS(订单明细!$K:$K,订单明细!$I:$I,$M$1,订单明细!$D:$D,日订单满足明细!V$3,订单明细!$A:$A,日订单满足明细!$A19)/SUMIFS(订单明细!$J:$J,订单明细!$I:$I,$M$1,订单明细!$D:$D,日订单满足明细!V$3,订单明细!$A:$A,日订单满足明细!$A19),"") | W19: =IFERROR(SUMIFS(订单明细!$K:$K,订单明细!$I:$I,$M$1,订单明细!$D:$D,日订单满足明细!W$3,订单明细!$A:$A,日订单满足明细!$A19)/SUMIFS(订单明细!$J:$J,订单明细!$I:$I,$M$1,订单明细!$D:$D,日订单满足明细!W$3,订单明细!$A:$A,日订单满足明细!$A19),"")
B20: =IFERROR(SUMIFS(订单明细!$K:$K,订单明细!$I:$I,日订单满足明细!$A$1,订单明细!$C:$C,日订单满足明细!$B$3,订单明细!$A:$A,日订单满足明细!$A20)/SUMIFS(订单明细!$J:$J,订单明细!$I:$I,日订单满足明细!$A$1,订单明细!$C:$C,日订单满足明细!$B$3,订单明细!$A:$A,日订单满足明细!$A20),"") | C20: =IFERROR(SUMIFS(订单明细!$K:$K,订单明细!$I:$I,日订单满足明细!$A$1,订单明细!$C:$C,日订单满足明细!$C$3,订单明细!$A:$A,日订单满足明细!$A20)/SUMIFS(订单明细!$J:$J,订单明细!$I:$I,日订单满足明细!$A$1,订单明细!$C:$C,日订单满足明细!$C$3,订单明细!$A:$A,日订单满足明细!$A20),"") | D20: =IFERROR(SUMIFS(订单明细!$K:$K,订单明细!$I:$I,$A$1,订单明细!$D:$D,日订单满足明细!D$3,订单明细!$A:$A,日订单满足明细!$A20)/SUMIFS(订单明细!$J:$J,订单明细!$I:$I,$A$1,订单明细!$D:$D,日订单满足明细!D$3,订单明细!$A:$A,日订单满足明细!$A20),"") | E20: =IFERROR(SUMIFS(订单明细!$K:$K,订单明细!$I:$I,$A$1,订单明细!$D:$D,日订单满足明细!E$3,订单明细!$A:$A,日订单满足明细!$A20)/SUMIFS(订单明细!$J:$J,订单明细!$I:$I,$A$1,订单明细!$D:$D,日订单满足明细!E$3,订单明细!$A:$A,日订单满足明细!$A20),"") | F20: =IFERROR(SUMIFS(订单明细!$K:$K,订单明细!$I:$I,$A$1,订单明细!$D:$D,日订单满足明细!F$3,订单明细!$A:$A,日订单满足明细!$A20)/SUMIFS(订单明细!$J:$J,订单明细!$I:$I,$A$1,订单明细!$D:$D,日订单满足明细!F$3,订单明细!$A:$A,日订单满足明细!$A20),"") | G20: =IFERROR(SUMIFS(订单明细!$K:$K,订单明细!$I:$I,$A$1,订单明细!$D:$D,日订单满足明细!G$3,订单明细!$A:$A,日订单满足明细!$A20)/SUMIFS(订单明细!$J:$J,订单明细!$I:$I,$A$1,订单明细!$D:$D,日订单满足明细!G$3,订单明细!$A:$A,日订单满足明细!$A20),"") | H20: =IFERROR(SUMIFS(订单明细!$K:$K,订单明细!$I:$I,$A$1,订单明细!$D:$D,日订单满足明细!H$3,订单明细!$A:$A,日订单满足明细!$A20)/SUMIFS(订单明细!$J:$J,订单明细!$I:$I,$A$1,订单明细!$D:$D,日订单满足明细!H$3,订单明细!$A:$A,日订单满足明细!$A20),"") | I20: =IFERROR(SUMIFS(订单明细!$K:$K,订单明细!$I:$I,$A$1,订单明细!$D:$D,日订单满足明细!I$3,订单明细!$A:$A,日订单满足明细!$A20)/SUMIFS(订单明细!$J:$J,订单明细!$I:$I,$A$1,订单明细!$D:$D,日订单满足明细!I$3,订单明细!$A:$A,日订单满足明细!$A20),"") | J20: =IFERROR(SUMIFS(订单明细!$K:$K,订单明细!$I:$I,$A$1,订单明细!$D:$D,日订单满足明细!J$3,订单明细!$A:$A,日订单满足明细!$A20)/SUMIFS(订单明细!$J:$J,订单明细!$I:$I,$A$1,订单明细!$D:$D,日订单满足明细!J$3,订单明细!$A:$A,日订单满足明细!$A20),"") | K20: =IFERROR(SUMIFS(订单明细!$K:$K,订单明细!$I:$I,$A$1,订单明细!$D:$D,日订单满足明细!K$3,订单明细!$A:$A,日订单满足明细!$A20)/SUMIFS(订单明细!$J:$J,订单明细!$I:$I,$A$1,订单明细!$D:$D,日订单满足明细!K$3,订单明细!$A:$A,日订单满足明细!$A20),"") | N20: =IFERROR(SUMIFS(订单明细!$K:$K,订单明细!$I:$I,$M$1,订单明细!$C:$C,日订单满足明细!$N$3,订单明细!$A:$A,日订单满足明细!$A20)/SUMIFS(订单明细!$J:$J,订单明细!$I:$I,$M$1,订单明细!$C:$C,日订单满足明细!$N$3,订单明细!$A:$A,日订单满足明细!$A20),"") | O20: =IFERROR(SUMIFS(订单明细!$K:$K,订单明细!$I:$I,$M$1,订单明细!$C:$C,日订单满足明细!$O$3,订单明细!$A:$A,日订单满足明细!$A20)/SUMIFS(订单明细!$J:$J,订单明细!$I:$I,$M$1,订单明细!$C:$C,日订单满足明细!$O$3,订单明细!$A:$A,日订单满足明细!$A20),"") | P20: =IFERROR(SUMIFS(订单明细!$K:$K,订单明细!$I:$I,$M$1,订单明细!$D:$D,日订单满足明细!P$3,订单明细!$A:$A,日订单满足明细!$A20)/SUMIFS(订单明细!$J:$J,订单明细!$I:$I,$M$1,订单明细!$D:$D,日订单满足明细!P$3,订单明细!$A:$A,日订单满足明细!$A20),"") | Q20: =IFERROR(SUMIFS(订单明细!$K:$K,订单明细!$I:$I,$M$1,订单明细!$D:$D,日订单满足明细!Q$3,订单明细!$A:$A,日订单满足明细!$A20)/SUMIFS(订单明细!$J:$J,订单明细!$I:$I,$M$1,订单明细!$D:$D,日订单满足明细!Q$3,订单明细!$A:$A,日订单满足明细!$A20),"") | R20: =IFERROR(SUMIFS(订单明细!$K:$K,订单明细!$I:$I,$M$1,订单明细!$D:$D,日订单满足明细!R$3,订单明细!$A:$A,日订单满足明细!$A20)/SUMIFS(订单明细!$J:$J,订单明细!$I:$I,$M$1,订单明细!$D:$D,日订单满足明细!R$3,订单明细!$A:$A,日订单满足明细!$A20),"") | S20: =IFERROR(SUMIFS(订单明细!$K:$K,订单明细!$I:$I,$M$1,订单明细!$D:$D,日订单满足明细!S$3,订单明细!$A:$A,日订单满足明细!$A20)/SUMIFS(订单明细!$J:$J,订单明细!$I:$I,$M$1,订单明细!$D:$D,日订单满足明细!S$3,订单明细!$A:$A,日订单满足明细!$A20),"") | T20: =IFERROR(SUMIFS(订单明细!$K:$K,订单明细!$I:$I,$M$1,订单明细!$D:$D,日订单满足明细!T$3,订单明细!$A:$A,日订单满足明细!$A20)/SUMIFS(订单明细!$J:$J,订单明细!$I:$I,$M$1,订单明细!$D:$D,日订单满足明细!T$3,订单明细!$A:$A,日订单满足明细!$A20),"") | U20: =IFERROR(SUMIFS(订单明细!$K:$K,订单明细!$I:$I,$M$1,订单明细!$D:$D,日订单满足明细!U$3,订单明细!$A:$A,日订单满足明细!$A20)/SUMIFS(订单明细!$J:$J,订单明细!$I:$I,$M$1,订单明细!$D:$D,日订单满足明细!U$3,订单明细!$A:$A,日订单满足明细!$A20),"") | V20: =IFERROR(SUMIFS(订单明细!$K:$K,订单明细!$I:$I,$M$1,订单明细!$D:$D,日订单满足明细!V$3,订单明细!$A:$A,日订单满足明细!$A20)/SUMIFS(订单明细!$J:$J,订单明细!$I:$I,$M$1,订单明细!$D:$D,日订单满足明细!V$3,订单明细!$A:$A,日订单满足明细!$A20),"") | W20: =IFERROR(SUMIFS(订单明细!$K:$K,订单明细!$I:$I,$M$1,订单明细!$D:$D,日订单满足明细!W$3,订单明细!$A:$A,日订单满足明细!$A20)/SUMIFS(订单明细!$J:$J,订单明细!$I:$I,$M$1,订单明细!$D:$D,日订单满足明细!W$3,订单明细!$A:$A,日订单满足明细!$A20),"")
B21: =IFERROR(SUMIFS(订单明细!$K:$K,订单明细!$I:$I,日订单满足明细!$A$1,订单明细!$C:$C,日订单满足明细!$B$3,订单明细!$A:$A,日订单满足明细!$A21)/SUMIFS(订单明细!$J:$J,订单明细!$I:$I,日订单满足明细!$A$1,订单明细!$C:$C,日订单满足明细!$B$3,订单明细!$A:$A,日订单满足明细!$A21),"") | C21: =IFERROR(SUMIFS(订单明细!$K:$K,订单明细!$I:$I,日订单满足明细!$A$1,订单明细!$C:$C,日订单满足明细!$C$3,订单明细!$A:$A,日订单满足明细!$A21)/SUMIFS(订单明细!$J:$J,订单明细!$I:$I,日订单满足明细!$A$1,订单明细!$C:$C,日订单满足明细!$C$3,订单明细!$A:$A,日订单满足明细!$A21),"") | D21: =IFERROR(SUMIFS(订单明细!$K:$K,订单明细!$I:$I,$A$1,订单明细!$D:$D,日订单满足明细!D$3,订单明细!$A:$A,日订单满足明细!$A21)/SUMIFS(订单明细!$J:$J,订单明细!$I:$I,$A$1,订单明细!$D:$D,日订单满足明细!D$3,订单明细!$A:$A,日订单满足明细!$A21),"") | E21: =IFERROR(SUMIFS(订单明细!$K:$K,订单明细!$I:$I,$A$1,订单明细!$D:$D,日订单满足明细!E$3,订单明细!$A:$A,日订单满足明细!$A21)/SUMIFS(订单明细!$J:$J,订单明细!$I:$I,$A$1,订单明细!$D:$D,日订单满足明细!E$3,订单明细!$A:$A,日订单满足明细!$A21),"") | F21: =IFERROR(SUMIFS(订单明细!$K:$K,订单明细!$I:$I,$A$1,订单明细!$D:$D,日订单满足明细!F$3,订单明细!$A:$A,日订单满足明细!$A21)/SUMIFS(订单明细!$J:$J,订单明细!$I:$I,$A$1,订单明细!$D:$D,日订单满足明细!F$3,订单明细!$A:$A,日订单满足明细!$A21),"") | G21: =IFERROR(SUMIFS(订单明细!$K:$K,订单明细!$I:$I,$A$1,订单明细!$D:$D,日订单满足明细!G$3,订单明细!$A:$A,日订单满足明细!$A21)/SUMIFS(订单明细!$J:$J,订单明细!$I:$I,$A$1,订单明细!$D:$D,日订单满足明细!G$3,订单明细!$A:$A,日订单满足明细!$A21),"") | H21: =IFERROR(SUMIFS(订单明细!$K:$K,订单明细!$I:$I,$A$1,订单明细!$D:$D,日订单满足明细!H$3,订单明细!$A:$A,日订单满足明细!$A21)/SUMIFS(订单明细!$J:$J,订单明细!$I:$I,$A$1,订单明细!$D:$D,日订单满足明细!H$3,订单明细!$A:$A,日订单满足明细!$A21),"") | I21: =IFERROR(SUMIFS(订单明细!$K:$K,订单明细!$I:$I,$A$1,订单明细!$D:$D,日订单满足明细!I$3,订单明细!$A:$A,日订单满足明细!$A21)/SUMIFS(订单明细!$J:$J,订单明细!$I:$I,$A$1,订单明细!$D:$D,日订单满足明细!I$3,订单明细!$A:$A,日订单满足明细!$A21),"") | J21: =IFERROR(SUMIFS(订单明细!$K:$K,订单明细!$I:$I,$A$1,订单明细!$D:$D,日订单满足明细!J$3,订单明细!$A:$A,日订单满足明细!$A21)/SUMIFS(订单明细!$J:$J,订单明细!$I:$I,$A$1,订单明细!$D:$D,日订单满足明细!J$3,订单明细!$A:$A,日订单满足明细!$A21),"") | K21: =IFERROR(SUMIFS(订单明细!$K:$K,订单明细!$I:$I,$A$1,订单明细!$D:$D,日订单满足明细!K$3,订单明细!$A:$A,日订单满足明细!$A21)/SUMIFS(订单明细!$J:$J,订单明细!$I:$I,$A$1,订单明细!$D:$D,日订单满足明细!K$3,订单明细!$A:$A,日订单满足明细!$A21),"") | N21: =IFERROR(SUMIFS(订单明细!$K:$K,订单明细!$I:$I,$M$1,订单明细!$C:$C,日订单满足明细!$N$3,订单明细!$A:$A,日订单满足明细!$A21)/SUMIFS(订单明细!$J:$J,订单明细!$I:$I,$M$1,订单明细!$C:$C,日订单满足明细!$N$3,订单明细!$A:$A,日订单满足明细!$A21),"") | O21: =IFERROR(SUMIFS(订单明细!$K:$K,订单明细!$I:$I,$M$1,订单明细!$C:$C,日订单满足明细!$O$3,订单明细!$A:$A,日订单满足明细!$A21)/SUMIFS(订单明细!$J:$J,订单明细!$I:$I,$M$1,订单明细!$C:$C,日订单满足明细!$O$3,订单明细!$A:$A,日订单满足明细!$A21),"") | P21: =IFERROR(SUMIFS(订单明细!$K:$K,订单明细!$I:$I,$M$1,订单明细!$D:$D,日订单满足明细!P$3,订单明细!$A:$A,日订单满足明细!$A21)/SUMIFS(订单明细!$J:$J,订单明细!$I:$I,$M$1,订单明细!$D:$D,日订单满足明细!P$3,订单明细!$A:$A,日订单满足明细!$A21),"") | Q21: =IFERROR(SUMIFS(订单明细!$K:$K,订单明细!$I:$I,$M$1,订单明细!$D:$D,日订单满足明细!Q$3,订单明细!$A:$A,日订单满足明细!$A21)/SUMIFS(订单明细!$J:$J,订单明细!$I:$I,$M$1,订单明细!$D:$D,日订单满足明细!Q$3,订单明细!$A:$A,日订单满足明细!$A21),"") | R21: =IFERROR(SUMIFS(订单明细!$K:$K,订单明细!$I:$I,$M$1,订单明细!$D:$D,日订单满足明细!R$3,订单明细!$A:$A,日订单满足明细!$A21)/SUMIFS(订单明细!$J:$J,订单明细!$I:$I,$M$1,订单明细!$D:$D,日订单满足明细!R$3,订单明细!$A:$A,日订单满足明细!$A21),"") | S21: =IFERROR(SUMIFS(订单明细!$K:$K,订单明细!$I:$I,$M$1,订单明细!$D:$D,日订单满足明细!S$3,订单明细!$A:$A,日订单满足明细!$A21)/SUMIFS(订单明细!$J:$J,订单明细!$I:$I,$M$1,订单明细!$D:$D,日订单满足明细!S$3,订单明细!$A:$A,日订单满足明细!$A21),"") | T21: =IFERROR(SUMIFS(订单明细!$K:$K,订单明细!$I:$I,$M$1,订单明细!$D:$D,日订单满足明细!T$3,订单明细!$A:$A,日订单满足明细!$A21)/SUMIFS(订单明细!$J:$J,订单明细!$I:$I,$M$1,订单明细!$D:$D,日订单满足明细!T$3,订单明细!$A:$A,日订单满足明细!$A21),"") | U21: =IFERROR(SUMIFS(订单明细!$K:$K,订单明细!$I:$I,$M$1,订单明细!$D:$D,日订单满足明细!U$3,订单明细!$A:$A,日订单满足明细!$A21)/SUMIFS(订单明细!$J:$J,订单明细!$I:$I,$M$1,订单明细!$D:$D,日订单满足明细!U$3,订单明细!$A:$A,日订单满足明细!$A21),"") | V21: =IFERROR(SUMIFS(订单明细!$K:$K,订单明细!$I:$I,$M$1,订单明细!$D:$D,日订单满足明细!V$3,订单明细!$A:$A,日订单满足明细!$A21)/SUMIFS(订单明细!$J:$J,订单明细!$I:$I,$M$1,订单明细!$D:$D,日订单满足明细!V$3,订单明细!$A:$A,日订单满足明细!$A21),"") | W21: =IFERROR(SUMIFS(订单明细!$K:$K,订单明细!$I:$I,$M$1,订单明细!$D:$D,日订单满足明细!W$3,订单明细!$A:$A,日订单满足明细!$A21)/SUMIFS(订单明细!$J:$J,订单明细!$I:$I,$M$1,订单明细!$D:$D,日订单满足明细!W$3,订单明细!$A:$A,日订单满足明细!$A21),"")
B22: =IFERROR(SUMIFS(订单明细!$K:$K,订单明细!$I:$I,日订单满足明细!$A$1,订单明细!$C:$C,日订单满足明细!$B$3,订单明细!$A:$A,日订单满足明细!$A22)/SUMIFS(订单明细!$J:$J,订单明细!$I:$I,日订单满足明细!$A$1,订单明细!$C:$C,日订单满足明细!$B$3,订单明细!$A:$A,日订单满足明细!$A22),"") | C22: =IFERROR(SUMIFS(订单明细!$K:$K,订单明细!$I:$I,日订单满足明细!$A$1,订单明细!$C:$C,日订单满足明细!$C$3,订单明细!$A:$A,日订单满足明细!$A22)/SUMIFS(订单明细!$J:$J,订单明细!$I:$I,日订单满足明细!$A$1,订单明细!$C:$C,日订单满足明细!$C$3,订单明细!$A:$A,日订单满足明细!$A22),"") | D22: =IFERROR(SUMIFS(订单明细!$K:$K,订单明细!$I:$I,$A$1,订单明细!$D:$D,日订单满足明细!D$3,订单明细!$A:$A,日订单满足明细!$A22)/SUMIFS(订单明细!$J:$J,订单明细!$I:$I,$A$1,订单明细!$D:$D,日订单满足明细!D$3,订单明细!$A:$A,日订单满足明细!$A22),"") | E22: =IFERROR(SUMIFS(订单明细!$K:$K,订单明细!$I:$I,$A$1,订单明细!$D:$D,日订单满足明细!E$3,订单明细!$A:$A,日订单满足明细!$A22)/SUMIFS(订单明细!$J:$J,订单明细!$I:$I,$A$1,订单明细!$D:$D,日订单满足明细!E$3,订单明细!$A:$A,日订单满足明细!$A22),"") | F22: =IFERROR(SUMIFS(订单明细!$K:$K,订单明细!$I:$I,$A$1,订单明细!$D:$D,日订单满足明细!F$3,订单明细!$A:$A,日订单满足明细!$A22)/SUMIFS(订单明细!$J:$J,订单明细!$I:$I,$A$1,订单明细!$D:$D,日订单满足明细!F$3,订单明细!$A:$A,日订单满足明细!$A22),"") | G22: =IFERROR(SUMIFS(订单明细!$K:$K,订单明细!$I:$I,$A$1,订单明细!$D:$D,日订单满足明细!G$3,订单明细!$A:$A,日订单满足明细!$A22)/SUMIFS(订单明细!$J:$J,订单明细!$I:$I,$A$1,订单明细!$D:$D,日订单满足明细!G$3,订单明细!$A:$A,日订单满足明细!$A22),"") | H22: =IFERROR(SUMIFS(订单明细!$K:$K,订单明细!$I:$I,$A$1,订单明细!$D:$D,日订单满足明细!H$3,订单明细!$A:$A,日订单满足明细!$A22)/SUMIFS(订单明细!$J:$J,订单明细!$I:$I,$A$1,订单明细!$D:$D,日订单满足明细!H$3,订单明细!$A:$A,日订单满足明细!$A22),"") | I22: =IFERROR(SUMIFS(订单明细!$K:$K,订单明细!$I:$I,$A$1,订单明细!$D:$D,日订单满足明细!I$3,订单明细!$A:$A,日订单满足明细!$A22)/SUMIFS(订单明细!$J:$J,订单明细!$I:$I,$A$1,订单明细!$D:$D,日订单满足明细!I$3,订单明细!$A:$A,日订单满足明细!$A22),"") | J22: =IFERROR(SUMIFS(订单明细!$K:$K,订单明细!$I:$I,$A$1,订单明细!$D:$D,日订单满足明细!J$3,订单明细!$A:$A,日订单满足明细!$A22)/SUMIFS(订单明细!$J:$J,订单明细!$I:$I,$A$1,订单明细!$D:$D,日订单满足明细!J$3,订单明细!$A:$A,日订单满足明细!$A22),"") | K22: =IFERROR(SUMIFS(订单明细!$K:$K,订单明细!$I:$I,$A$1,订单明细!$D:$D,日订单满足明细!K$3,订单明细!$A:$A,日订单满足明细!$A22)/SUMIFS(订单明细!$J:$J,订单明细!$I:$I,$A$1,订单明细!$D:$D,日订单满足明细!K$3,订单明细!$A:$A,日订单满足明细!$A22),"") | N22: =IFERROR(SUMIFS(订单明细!$K:$K,订单明细!$I:$I,$M$1,订单明细!$C:$C,日订单满足明细!$N$3,订单明细!$A:$A,日订单满足明细!$A22)/SUMIFS(订单明细!$J:$J,订单明细!$I:$I,$M$1,订单明细!$C:$C,日订单满足明细!$N$3,订单明细!$A:$A,日订单满足明细!$A22),"") | O22: =IFERROR(SUMIFS(订单明细!$K:$K,订单明细!$I:$I,$M$1,订单明细!$C:$C,日订单满足明细!$O$3,订单明细!$A:$A,日订单满足明细!$A22)/SUMIFS(订单明细!$J:$J,订单明细!$I:$I,$M$1,订单明细!$C:$C,日订单满足明细!$O$3,订单明细!$A:$A,日订单满足明细!$A22),"") | P22: =IFERROR(SUMIFS(订单明细!$K:$K,订单明细!$I:$I,$M$1,订单明细!$D:$D,日订单满足明细!P$3,订单明细!$A:$A,日订单满足明细!$A22)/SUMIFS(订单明细!$J:$J,订单明细!$I:$I,$M$1,订单明细!$D:$D,日订单满足明细!P$3,订单明细!$A:$A,日订单满足明细!$A22),"") | Q22: =IFERROR(SUMIFS(订单明细!$K:$K,订单明细!$I:$I,$M$1,订单明细!$D:$D,日订单满足明细!Q$3,订单明细!$A:$A,日订单满足明细!$A22)/SUMIFS(订单明细!$J:$J,订单明细!$I:$I,$M$1,订单明细!$D:$D,日订单满足明细!Q$3,订单明细!$A:$A,日订单满足明细!$A22),"") | R22: =IFERROR(SUMIFS(订单明细!$K:$K,订单明细!$I:$I,$M$1,订单明细!$D:$D,日订单满足明细!R$3,订单明细!$A:$A,日订单满足明细!$A22)/SUMIFS(订单明细!$J:$J,订单明细!$I:$I,$M$1,订单明细!$D:$D,日订单满足明细!R$3,订单明细!$A:$A,日订单满足明细!$A22),"") | S22: =IFERROR(SUMIFS(订单明细!$K:$K,订单明细!$I:$I,$M$1,订单明细!$D:$D,日订单满足明细!S$3,订单明细!$A:$A,日订单满足明细!$A22)/SUMIFS(订单明细!$J:$J,订单明细!$I:$I,$M$1,订单明细!$D:$D,日订单满足明细!S$3,订单明细!$A:$A,日订单满足明细!$A22),"") | T22: =IFERROR(SUMIFS(订单明细!$K:$K,订单明细!$I:$I,$M$1,订单明细!$D:$D,日订单满足明细!T$3,订单明细!$A:$A,日订单满足明细!$A22)/SUMIFS(订单明细!$J:$J,订单明细!$I:$I,$M$1,订单明细!$D:$D,日订单满足明细!T$3,订单明细!$A:$A,日订单满足明细!$A22),"") | U22: =IFERROR(SUMIFS(订单明细!$K:$K,订单明细!$I:$I,$M$1,订单明细!$D:$D,日订单满足明细!U$3,订单明细!$A:$A,日订单满足明细!$A22)/SUMIFS(订单明细!$J:$J,订单明细!$I:$I,$M$1,订单明细!$D:$D,日订单满足明细!U$3,订单明细!$A:$A,日订单满足明细!$A22),"") | V22: =IFERROR(SUMIFS(订单明细!$K:$K,订单明细!$I:$I,$M$1,订单明细!$D:$D,日订单满足明细!V$3,订单明细!$A:$A,日订单满足明细!$A22)/SUMIFS(订单明细!$J:$J,订单明细!$I:$I,$M$1,订单明细!$D:$D,日订单满足明细!V$3,订单明细!$A:$A,日订单满足明细!$A22),"") | W22: =IFERROR(SUMIFS(订单明细!$K:$K,订单明细!$I:$I,$M$1,订单明细!$D:$D,日订单满足明细!W$3,订单明细!$A:$A,日订单满足明细!$A22)/SUMIFS(订单明细!$J:$J,订单明细!$I:$I,$M$1,订单明细!$D:$D,日订单满足明细!W$3,订单明细!$A:$A,日订单满足明细!$A22),"")
... B25: =IFERROR(SUMIFS(订单明细!$K:$K,订单明细!$I:$I,日订单满足明细!$A$1,订单明细!$C:$C,日订单满足明细!$B$3,订单明细!$A:$A,日订单满足明细!$A25)/SUMIFS(订单明细!$J:$J,订单明细!$I:$I,日订单满足明细!$A$1,订单明细!$C:$C,日订单满足明细!$B$3,订单明细!$A:$A,日订单满足明细!$A25),"") | C25: =IFERROR(SUMIFS(订单明细!$K:$K,订单明细!$I:$I,日订单满足明细!$A$1,订单明细!$C:$C,日订单满足明细!$C$3,订单明细!$A:$A,日订单满足明细!$A25)/SUMIFS(订单明细!$J:$J,订单明细!$I:$I,日订单满足明细!$A$1,订单明细!$C:$C,日订单满足明细!$C$3,订单明细!$A:$A,日订单满足明细!$A25),"") | D25: =IFERROR(SUMIFS(订单明细!$K:$K,订单明细!$I:$I,$A$1,订单明细!$D:$D,日订单满足明细!D$3,订单明细!$A:$A,日订单满足明细!$A25)/SUMIFS(订单明细!$J:$J,订单明细!$I:$I,$A$1,订单明细!$D:$D,日订单满足明细!D$3,订单明细!$A:$A,日订单满足明细!$A25),"") | E25: =IFERROR(SUMIFS(订单明细!$K:$K,订单明细!$I:$I,$A$1,订单明细!$D:$D,日订单满足明细!E$3,订单明细!$A:$A,日订单满足明细!$A25)/SUMIFS(订单明细!$J:$J,订单明细!$I:$I,$A$1,订单明细!$D:$D,日订单满足明细!E$3,订单明细!$A:$A,日订单满足明细!$A25),"") | F25: =IFERROR(SUMIFS(订单明细!$K:$K,订单明细!$I:$I,$A$1,订单明细!$D:$D,日订单满足明细!F$3,订单明细!$A:$A,日订单满足明细!$A25)/SUMIFS(订单明细!$J:$J,订单明细!$I:$I,$A$1,订单明细!$D:$D,日订单满足明细!F$3,订单明细!$A:$A,日订单满足明细!$A25),"") | G25: =IFERROR(SUMIFS(订单明细!$K:$K,订单明细!$I:$I,$A$1,订单明细!$D:$D,日订单满足明细!G$3,订单明细!$A:$A,日订单满足明细!$A25)/SUMIFS(订单明细!$J:$J,订单明细!$I:$I,$A$1,订单明细!$D:$D,日订单满足明细!G$3,订单明细!$A:$A,日订单满足明细!$A25),"") | H25: =IFERROR(SUMIFS(订单明细!$K:$K,订单明细!$I:$I,$A$1,订单明细!$D:$D,日订单满足明细!H$3,订单明细!$A:$A,日订单满足明细!$A25)/SUMIFS(订单明细!$J:$J,订单明细!$I:$I,$A$1,订单明细!$D:$D,日订单满足明细!H$3,订单明细!$A:$A,日订单满足明细!$A25),"") | I25: =IFERROR(SUMIFS(订单明细!$K:$K,订单明细!$I:$I,$A$1,订单明细!$D:$D,日订单满足明细!I$3,订单明细!$A:$A,日订单满足明细!$A25)/SUMIFS(订单明细!$J:$J,订单明细!$I:$I,$A$1,订单明细!$D:$D,日订单满足明细!I$3,订单明细!$A:$A,日订单满足明细!$A25),"") | J25: =IFERROR(SUMIFS(订单明细!$K:$K,订单明细!$I:$I,$A$1,订单明细!$D:$D,日订单满足明细!J$3,订单明细!$A:$A,日订单满足明细!$A25)/SUMIFS(订单明细!$J:$J,订单明细!$I:$I,$A$1,订单明细!$D:$D,日订单满足明细!J$3,订单明细!$A:$A,日订单满足明细!$A25),"") | K25: =IFERROR(SUMIFS(订单明细!$K:$K,订单明细!$I:$I,$A$1,订单明细!$D:$D,日订单满足明细!K$3,订单明细!$A:$A,日订单满足明细!$A25)/SUMIFS(订单明细!$J:$J,订单明细!$I:$I,$A$1,订单明细!$D:$D,日订单满足明细!K$3,订单明细!$A:$A,日订单满足明细!$A25),"") | N25: =IFERROR(SUMIFS(订单明细!$K:$K,订单明细!$I:$I,$M$1,订单明细!$C:$C,日订单满足明细!$N$3,订单明细!$A:$A,日订单满足明细!$A25)/SUMIFS(订单明细!$J:$J,订单明细!$I:$I,$M$1,订单明细!$C:$C,日订单满足明细!$N$3,订单明细!$A:$A,日订单满足明细!$A25),"") | O25: =IFERROR(SUMIFS(订单明细!$K:$K,订单明细!$I:$I,$M$1,订单明细!$C:$C,日订单满足明细!$O$3,订单明细!$A:$A,日订单满足明细!$A25)/SUMIFS(订单明细!$J:$J,订单明细!$I:$I,$M$1,订单明细!$C:$C,日订单满足明细!$O$3,订单明细!$A:$A,日订单满足明细!$A25),"") | P25: =IFERROR(SUMIFS(订单明细!$K:$K,订单明细!$I:$I,$M$1,订单明细!$D:$D,日订单满足明细!P$3,订单明细!$A:$A,日订单满足明细!$A25)/SUMIFS(订单明细!$J:$J,订单明细!$I:$I,$M$1,订单明细!$D:$D,日订单满足明细!P$3,订单明细!$A:$A,日订单满足明细!$A25),"") | Q25: =IFERROR(SUMIFS(订单明细!$K:$K,订单明细!$I:$I,$M$1,订单明细!$D:$D,日订单满足明细!Q$3,订单明细!$A:$A,日订单满足明细!$A25)/SUMIFS(订单明细!$J:$J,订单明细!$I:$I,$M$1,订单明细!$D:$D,日订单满足明细!Q$3,订单明细!$A:$A,日订单满足明细!$A25),"") | R25: =IFERROR(SUMIFS(订单明细!$K:$K,订单明细!$I:$I,$M$1,订单明细!$D:$D,日订单满足明细!R$3,订单明细!$A:$A,日订单满足明细!$A25)/SUMIFS(订单明细!$J:$J,订单明细!$I:$I,$M$1,订单明细!$D:$D,日订单满足明细!R$3,订单明细!$A:$A,日订单满足明细!$A25),"") | S25: =IFERROR(SUMIFS(订单明细!$K:$K,订单明细!$I:$I,$M$1,订单明细!$D:$D,日订单满足明细!S$3,订单明细!$A:$A,日订单满足明细!$A25)/SUMIFS(订单明细!$J:$J,订单明细!$I:$I,$M$1,订单明细!$D:$D,日订单满足明细!S$3,订单明细!$A:$A,日订单满足明细!$A25),"") | T25: =IFERROR(SUMIFS(订单明细!$K:$K,订单明细!$I:$I,$M$1,订单明细!$D:$D,日订单满足明细!T$3,订单明细!$A:$A,日订单满足明细!$A25)/SUMIFS(订单明细!$J:$J,订单明细!$I:$I,$M$1,订单明细!$D:$D,日订单满足明细!T$3,订单明细!$A:$A,日订单满足明细!$A25),"") | U25: =IFERROR(SUMIFS(订单明细!$K:$K,订单明细!$I:$I,$M$1,订单明细!$D:$D,日订单满足明细!U$3,订单明细!$A:$A,日订单满足明细!$A25)/SUMIFS(订单明细!$J:$J,订单明细!$I:$I,$M$1,订单明细!$D:$D,日订单满足明细!U$3,订单明细!$A:$A,日订单满足明细!$A25),"") | V25: =IFERROR(SUMIFS(订单明细!$K:$K,订单明细!$I:$I,$M$1,订单明细!$D:$D,日订单满足明细!V$3,订单明细!$A:$A,日订单满足明细!$A25)/SUMIFS(订单明细!$J:$J,订单明细!$I:$I,$M$1,订单明细!$D:$D,日订单满足明细!V$3,订单明细!$A:$A,日订单满足明细!$A25),"") | W25: =IFERROR(SUMIFS(订单明细!$K:$K,订单明细!$I:$I,$M$1,订单明细!$D:$D,日订单满足明细!W$3,订单明细!$A:$A,日订单满足明细!$A25)/SUMIFS(订单明细!$J:$J,订单明细!$I:$I,$M$1,订单明细!$D:$D,日订单满足明细!W$3,订单明细!$A:$A,日订单满足明细!$A25),"")
D26: =IFERROR(SUMIFS(订单明细!$K:$K,订单明细!$I:$I,$A$1,订单明细!$D:$D,日订单满足明细!D$3,订单明细!$A:$A,日订单满足明细!$A26)/SUMIFS(订单明细!$J:$J,订单明细!$I:$I,$A$1,订单明细!$D:$D,日订单满足明细!D$3,订单明细!$A:$A,日订单满足明细!$A26),"") | E26: =IFERROR(SUMIFS(订单明细!$K:$K,订单明细!$I:$I,$A$1,订单明细!$D:$D,日订单满足明细!E$3,订单明细!$A:$A,日订单满足明细!$A26)/SUMIFS(订单明细!$J:$J,订单明细!$I:$I,$A$1,订单明细!$D:$D,日订单满足明细!E$3,订单明细!$A:$A,日订单满足明细!$A26),"") | F26: =IFERROR(SUMIFS(订单明细!$K:$K,订单明细!$I:$I,$A$1,订单明细!$D:$D,日订单满足明细!F$3,订单明细!$A:$A,日订单满足明细!$A26)/SUMIFS(订单明细!$J:$J,订单明细!$I:$I,$A$1,订单明细!$D:$D,日订单满足明细!F$3,订单明细!$A:$A,日订单满足明细!$A26),"") | G26: =IFERROR(SUMIFS(订单明细!$K:$K,订单明细!$I:$I,$A$1,订单明细!$D:$D,日订单满足明细!G$3,订单明细!$A:$A,日订单满足明细!$A26)/SUMIFS(订单明细!$J:$J,订单明细!$I:$I,$A$1,订单明细!$D:$D,日订单满足明细!G$3,订单明细!$A:$A,日订单满足明细!$A26),"") | H26: =IFERROR(SUMIFS(订单明细!$K:$K,订单明细!$I:$I,$A$1,订单明细!$D:$D,日订单满足明细!H$3,订单明细!$A:$A,日订单满足明细!$A26)/SUMIFS(订单明细!$J:$J,订单明细!$I:$I,$A$1,订单明细!$D:$D,日订单满足明细!H$3,订单明细!$A:$A,日订单满足明细!$A26),"") | I26: =IFERROR(SUMIFS(订单明细!$K:$K,订单明细!$I:$I,$A$1,订单明细!$D:$D,日订单满足明细!I$3,订单明细!$A:$A,日订单满足明细!$A26)/SUMIFS(订单明细!$J:$J,订单明细!$I:$I,$A$1,订单明细!$D:$D,日订单满足明细!I$3,订单明细!$A:$A,日订单满足明细!$A26),"") | J26: =IFERROR(SUMIFS(订单明细!$K:$K,订单明细!$I:$I,$A$1,订单明细!$D:$D,日订单满足明细!J$3,订单明细!$A:$A,日订单满足明细!$A26)/SUMIFS(订单明细!$J:$J,订单明细!$I:$I,$A$1,订单明细!$D:$D,日订单满足明细!J$3,订单明细!$A:$A,日订单满足明细!$A26),"") | K26: =IFERROR(SUMIFS(订单明细!$K:$K,订单明细!$I:$I,$A$1,订单明细!$D:$D,日订单满足明细!K$3,订单明细!$A:$A,日订单满足明细!$A26)/SUMIFS(订单明细!$J:$J,订单明细!$I:$I,$A$1,订单明细!$D:$D,日订单满足明细!K$3,订单明细!$A:$A,日订单满足明细!$A26),"") | N26: =IFERROR(SUMIFS(订单明细!$K:$K,订单明细!$I:$I,$M$1,订单明细!$C:$C,日订单满足明细!$N$3,订单明细!$A:$A,日订单满足明细!$A26)/SUMIFS(订单明细!$J:$J,订单明细!$I:$I,$M$1,订单明细!$C:$C,日订单满足明细!$N$3,订单明细!$A:$A,日订单满足明细!$A26),"") | O26: =IFERROR(SUMIFS(订单明细!$K:$K,订单明细!$I:$I,$M$1,订单明细!$C:$C,日订单满足明细!$O$3,订单明细!$A:$A,日订单满足明细!$A26)/SUMIFS(订单明细!$J:$J,订单明细!$I:$I,$M$1,订单明细!$C:$C,日订单满足明细!$O$3,订单明细!$A:$A,日订单满足明细!$A26),"") | P26: =IFERROR(SUMIFS(订单明细!$K:$K,订单明细!$I:$I,$M$1,订单明细!$D:$D,日订单满足明细!P$3,订单明细!$A:$A,日订单满足明细!$A26)/SUMIFS(订单明细!$J:$J,订单明细!$I:$I,$M$1,订单明细!$D:$D,日订单满足明细!P$3,订单明细!$A:$A,日订单满足明细!$A26),"") | Q26: =IFERROR(SUMIFS(订单明细!$K:$K,订单明细!$I:$I,$M$1,订单明细!$D:$D,日订单满足明细!Q$3,订单明细!$A:$A,日订单满足明细!$A26)/SUMIFS(订单明细!$J:$J,订单明细!$I:$I,$M$1,订单明细!$D:$D,日订单满足明细!Q$3,订单明细!$A:$A,日订单满足明细!$A26),"") | R26: =IFERROR(SUMIFS(订单明细!$K:$K,订单明细!$I:$I,$M$1,订单明细!$D:$D,日订单满足明细!R$3,订单明细!$A:$A,日订单满足明细!$A26)/SUMIFS(订单明细!$J:$J,订单明细!$I:$I,$M$1,订单明细!$D:$D,日订单满足明细!R$3,订单明细!$A:$A,日订单满足明细!$A26),"") | S26: =IFERROR(SUMIFS(订单明细!$K:$K,订单明细!$I:$I,$M$1,订单明细!$D:$D,日订单满足明细!S$3,订单明细!$A:$A,日订单满足明细!$A26)/SUMIFS(订单明细!$J:$J,订单明细!$I:$I,$M$1,订单明细!$D:$D,日订单满足明细!S$3,订单明细!$A:$A,日订单满足明细!$A26),"") | T26: =IFERROR(SUMIFS(订单明细!$K:$K,订单明细!$I:$I,$M$1,订单明细!$D:$D,日订单满足明细!T$3,订单明细!$A:$A,日订单满足明细!$A26)/SUMIFS(订单明细!$J:$J,订单明细!$I:$I,$M$1,订单明细!$D:$D,日订单满足明细!T$3,订单明细!$A:$A,日订单满足明细!$A26),"") | U26: =IFERROR(SUMIFS(订单明细!$K:$K,订单明细!$I:$I,$M$1,订单明细!$D:$D,日订单满足明细!U$3,订单明细!$A:$A,日订单满足明细!$A26)/SUMIFS(订单明细!$J:$J,订单明细!$I:$I,$M$1,订单明细!$D:$D,日订单满足明细!U$3,订单明细!$A:$A,日订单满足明细!$A26),"") | V26: =IFERROR(SUMIFS(订单明细!$K:$K,订单明细!$I:$I,$M$1,订单明细!$D:$D,日订单满足明细!V$3,订单明细!$A:$A,日订单满足明细!$A26)/SUMIFS(订单明细!$J:$J,订单明细!$I:$I,$M$1,订单明细!$D:$D,日订单满足明细!V$3,订单明细!$A:$A,日订单满足明细!$A26),"") | W26: =IFERROR(SUMIFS(订单明细!$K:$K,订单明细!$I:$I,$M$1,订单明细!$D:$D,日订单满足明细!W$3,订单明细!$A:$A,日订单满足明细!$A26)/SUMIFS(订单明细!$J:$J,订单明细!$I:$I,$M$1,订单明细!$D:$D,日订单满足明细!W$3,订单明细!$A:$A,日订单满足明细!$A26),"")
A28: 华北RDC | M28: 东北RDC
A29: 日期 | B29: 渠道 | D29: 品牌 | M29: 日期 | N29: 渠道 | P29: 品牌
B30: 经销商 | C30: KA | D30: 六神 | E30: 美加净 | F30: 家安 | G30: 启初 | H30: 传统 | I30: 高夫 | J30: 片仔癀 | K30: 上海 | N30: 经销商 | O30: KA | P30: 六神 | Q30: 美加净 | R30: 家安 | S30: 启初 | T30: 传统 | U30: 高夫 | V30: 片仔癀 | W30: 上海
A31: 46266 | B31: =IFERROR(SUMIFS(订单明细!$K:$K,订单明细!$I:$I,日订单满足明细!$A$28,订单明细!$C:$C,日订单满足明细!$B$30,订单明细!$A:$A,日订单满足明细!$A31)/SUMIFS(订单明细!$J:$J,订单明细!$I:$I,日订单满足明细!$A$28,订单明细!$C:$C,日订单满足明细!$B$30,订单明细!$A:$A,日订单满足明细!$A31),"") -> 0.78640386 | C31: =IFERROR(SUMIFS(订单明细!$K:$K,订单明细!$I:$I,日订单满足明细!$A$28,订单明细!$C:$C,日订单满足明细!$C$30,订单明细!$A:$A,日订单满足明细!$A31)/SUMIFS(订单明细!$J:$J,订单明细!$I:$I,日订单满足明细!$A$28,订单明细!$C:$C,日订单满足明细!$C$30,订单明细!$A:$A,日订单满足明细!$A31),"") -> 0.84975962 | D31: =IFERROR(SUMIFS(订单明细!$K:$K,订单明细!$I:$I,$A$28,订单明细!$D:$D,日订单满足明细!D$3,订单明细!$A:$A,日订单满足明细!$A31)/SUMIFS(订单明细!$J:$J,订单明细!$I:$I,$A$28,订单明细!$D:$D,日订单满足明细!D$3,订单明细!$A:$A,日订单满足明细!$A31),"") -> 0.93161126 | E31: =IFERROR(SUMIFS(订单明细!$K:$K,订单明细!$I:$I,$A$28,订单明细!$D:$D,日订单满足明细!E$3,订单明细!$A:$A,日订单满足明细!$A31)/SUMIFS(订单明细!$J:$J,订单明细!$I:$I,$A$28,订单明细!$D:$D,日订单满足明细!E$3,订单明细!$A:$A,日订单满足明细!$A31),"") -> 0.56134339 | F31: =IFERROR(SUMIFS(订单明细!$K:$K,订单明细!$I:$I,$A$28,订单明细!$D:$D,日订单满足明细!F$3,订单明细!$A:$A,日订单满足明细!$A31)/SUMIFS(订单明细!$J:$J,订单明细!$I:$I,$A$28,订单明细!$D:$D,日订单满足明细!F$3,订单明细!$A:$A,日订单满足明细!$A31),"") -> 0.98717949 | G31: =IFERROR(SUMIFS(订单明细!$K:$K,订单明细!$I:$I,$A$28,订单明细!$D:$D,日订单满足明细!G$3,订单明细!$A:$A,日订单满足明细!$A31)/SUMIFS(订单明细!$J:$J,订单明细!$I:$I,$A$28,订单明细!$D:$D,日订单满足明细!G$3,订单明细!$A:$A,日订单满足明细!$A31),"") -> 1 | H31: =IFERROR(SUMIFS(订单明细!$K:$K,订单明细!$I:$I,$A$28,订单明细!$D:$D,日订单满足明细!H$3,订单明细!$A:$A,日订单满足明细!$A31)/SUMIFS(订单明细!$J:$J,订单明细!$I:$I,$A$28,订单明细!$D:$D,日订单满足明细!H$3,订单明细!$A:$A,日订单满足明细!$A31),"") | I31: =IFERROR(SUMIFS(订单明细!$K:$K,订单明细!$I:$I,$A$28,订单明细!$D:$D,日订单满足明细!I$3,订单明细!$A:$A,日订单满足明细!$A31)/SUMIFS(订单明细!$J:$J,订单明细!$I:$I,$A$28,订单明细!$D:$D,日订单满足明细!I$3,订单明细!$A:$A,日订单满足明细!$A31),"") | J31: =IFERROR(SUMIFS(订单明细!$K:$K,订单明细!$I:$I,$A$28,订单明细!$D:$D,日订单满足明细!J$3,订单明细!$A:$A,日订单满足明细!$A31)/SUMIFS(订单明细!$J:$J,订单明细!$I:$I,$A$28,订单明细!$D:$D,日订单满足明细!J$3,订单明细!$A:$A,日订单满足明细!$A31),"") | K31: =IFERROR(SUMIFS(订单明细!$K:$K,订单明细!$I:$I,$A$28,订单明细!$D:$D,日订单满足明细!K$3,订单明细!$A:$A,日订单满足明细!$A31)/SUMIFS(订单明细!$J:$J,订单明细!$I:$I,$A$28,订单明细!$D:$D,日订单满足明细!K$3,订单明细!$A:$A,日订单满足明细!$A31),"") | M31: 46266 | N31: =IFERROR(SUMIFS(订单明细!$K:$K,订单明细!$I:$I,日订单满足明细!$M$28,订单明细!$C:$C,日订单满足明细!$N$30,订单明细!$A:$A,日订单满足明细!$A31)/SUMIFS(订单明细!$J:$J,订单明细!$I:$I,日订单满足明细!$M$28,订单明细!$C:$C,日订单满足明细!$N$30,订单明细!$A:$A,日订单满足明细!$A31),"") -> 0.73747526 | O31: =IFERROR(SUMIFS(订单明细!$K:$K,订单明细!$I:$I,日订单满足明细!$M$28,订单明细!$C:$C,日订单满足明细!$O$30,订单明细!$A:$A,日订单满足明细!$A31)/SUMIFS(订单明细!$J:$J,订单明细!$I:$I,日订单满足明细!$M$28,订单明细!$C:$C,日订单满足明细!$O$30,订单明细!$A:$A,日订单满足明细!$A31),"") -> 0.90147783 | P31: =IFERROR(SUMIFS(订单明细!$K:$K,订单明细!$I:$I,$M$28,订单明细!$D:$D,日订单满足明细!P$3,订单明细!$A:$A,日订单满足明细!$A31)/SUMIFS(订单明细!$J:$J,订单明细!$I:$I,$M$28,订单明细!$D:$D,日订单满足明细!P$3,订单明细!$A:$A,日订单满足明细!$A31),"") -> 0.8502924 | Q31: =IFERROR(SUMIFS(订单明细!$K:$K,订单明细!$I:$I,$M$28,订单明细!$D:$D,日订单满足明细!Q$3,订单明细!$A:$A,日订单满足明细!$A31)/SUMIFS(订单明细!$J:$J,订单明细!$I:$I,$M$28,订单明细!$D:$D,日订单满足明细!Q$3,订单明细!$A:$A,日订单满足明细!$A31),"") -> 0.97699594 | R31: =IFERROR(SUMIFS(订单明细!$K:$K,订单明细!$I:$I,$M$28,订单明细!$D:$D,日订单满足明细!R$3,订单明细!$A:$A,日订单满足明细!$A31)/SUMIFS(订单明细!$J:$J,订单明细!$I:$I,$M$28,订单明细!$D:$D,日订单满足明细!R$3,订单明细!$A:$A,日订单满足明细!$A31),"") -> 0.83619345 | S31: =IFERROR(SUMIFS(订单明细!$K:$K,订单明细!$I:$I,$M$28,订单明细!$D:$D,日订单满足明细!S$3,订单明细!$A:$A,日订单满足明细!$A31)/SUMIFS(订单明细!$J:$J,订单明细!$I:$I,$M$28,订单明细!$D:$D,日订单满足明细!S$3,订单明细!$A:$A,日订单满足明细!$A31),"") -> 1 | T31: =IFERROR(SUMIFS(订单明细!$K:$K,订单明细!$I:$I,$M$28,订单明细!$D:$D,日订单满足明细!T$3,订单明细!$A:$A,日订单满足明细!$A31)/SUMIFS(订单明细!$J:$J,订单明细!$I:$I,$M$28,订单明细!$D:$D,日订单满足明细!T$3,订单明细!$A:$A,日订单满足明细!$A31),"") | U31: =IFERROR(SUMIFS(订单明细!$K:$K,订单明细!$I:$I,$M$28,订单明细!$D:$D,日订单满足明细!U$3,订单明细!$A:$A,日订单满足明细!$A31)/SUMIFS(订单明细!$J:$J,订单明细!$I:$I,$M$28,订单明细!$D:$D,日订单满足明细!U$3,订单明细!$A:$A,日订单满足明细!$A31),"") -> 0.33333333 | V31: =IFERROR(SUMIFS(订单明细!$K:$K,订单明细!$I:$I,$M$28,订单明细!$D:$D,日订单满足明细!V$3,订单明细!$A:$A,日订单满足明细!$A31)/SUMIFS(订单明细!$J:$J,订单明细!$I:$I,$M$28,订单明细!$D:$D,日订单满足明细!V$3,订单明细!$A:$A,日订单满足明细!$A31),"") | W31: =IFERROR(SUMIFS(订单明细!$K:$K,订单明细!$I:$I,$M$28,订单明细!$D:$D,日订单满足明细!W$3,订单明细!$A:$A,日订单满足明细!$A31)/SUMIFS(订单明细!$J:$J,订单明细!$I:$I,$M$28,订单明细!$D:$D,日订单满足明细!W$3,订单明细!$A:$A,日订单满足明细!$A31),"")
A32: 46267 | B32: =IFERROR(SUMIFS(订单明细!$K:$K,订单明细!$I:$I,日订单满足明细!$A$28,订单明细!$C:$C,日订单满足明细!$B$30,订单明细!$A:$A,日订单满足明细!$A32)/SUMIFS(订单明细!$J:$J,订单明细!$I:$I,日订单满足明细!$A$28,订单明细!$C:$C,日订单满足明细!$B$30,订单明细!$A:$A,日订单满足明细!$A32),"") -> 0.21499548 | C32: =IFERROR(SUMIFS(订单明细!$K:$K,订单明细!$I:$I,日订单满足明细!$A$28,订单明细!$C:$C,日订单满足明细!$C$30,订单明细!$A:$A,日订单满足明细!$A32)/SUMIFS(订单明细!$J:$J,订单明细!$I:$I,日订单满足明细!$A$28,订单明细!$C:$C,日订单满足明细!$C$30,订单明细!$A:$A,日订单满足明细!$A32),"") -> 0.74603175 | D32: =IFERROR(SUMIFS(订单明细!$K:$K,订单明细!$I:$I,$A$28,订单明细!$D:$D,日订单满足明细!D$3,订单明细!$A:$A,日订单满足明细!$A32)/SUMIFS(订单明细!$J:$J,订单明细!$I:$I,$A$28,订单明细!$D:$D,日订单满足明细!D$3,订单明细!$A:$A,日订单满足明细!$A32),"") -> 0.63076923 | E32: =IFERROR(SUMIFS(订单明细!$K:$K,订单明细!$I:$I,$A$28,订单明细!$D:$D,日订单满足明细!E$3,订单明细!$A:$A,日订单满足明细!$A32)/SUMIFS(订单明细!$J:$J,订单明细!$I:$I,$A$28,订单明细!$D:$D,日订单满足明细!E$3,订单明细!$A:$A,日订单满足明细!$A32),"") -> 0.061164871 | F32: =IFERROR(SUMIFS(订单明细!$K:$K,订单明细!$I:$I,$A$28,订单明细!$D:$D,日订单满足明细!F$3,订单明细!$A:$A,日订单满足明细!$A32)/SUMIFS(订单明细!$J:$J,订单明细!$I:$I,$A$28,订单明细!$D:$D,日订单满足明细!F$3,订单明细!$A:$A,日订单满足明细!$A32),"") -> 0.87628866 | G32: =IFERROR(SUMIFS(订单明细!$K:$K,订单明细!$I:$I,$A$28,订单明细!$D:$D,日订单满足明细!G$3,订单明细!$A:$A,日订单满足明细!$A32)/SUMIFS(订单明细!$J:$J,订单明细!$I:$I,$A$28,订单明细!$D:$D,日订单满足明细!G$3,订单明细!$A:$A,日订单满足明细!$A32),"") -> 1 | H32: =IFERROR(SUMIFS(订单明细!$K:$K,订单明细!$I:$I,$A$28,订单明细!$D:$D,日订单满足明细!H$3,订单明细!$A:$A,日订单满足明细!$A32)/SUMIFS(订单明细!$J:$J,订单明细!$I:$I,$A$28,订单明细!$D:$D,日订单满足明细!H$3,订单明细!$A:$A,日订单满足明细!$A32),"") | I32: =IFERROR(SUMIFS(订单明细!$K:$K,订单明细!$I:$I,$A$28,订单明细!$D:$D,日订单满足明细!I$3,订单明细!$A:$A,日订单满足明细!$A32)/SUMIFS(订单明细!$J:$J,订单明细!$I:$I,$A$28,订单明细!$D:$D,日订单满足明细!I$3,订单明细!$A:$A,日订单满足明细!$A32),"") -> 1 | J32: =IFERROR(SUMIFS(订单明细!$K:$K,订单明细!$I:$I,$A$28,订单明细!$D:$D,日订单满足明细!J$3,订单明细!$A:$A,日订单满足明细!$A32)/SUMIFS(订单明细!$J:$J,订单明细!$I:$I,$A$28,订单明细!$D:$D,日订单满足明细!J$3,订单明细!$A:$A,日订单满足明细!$A32),"") | K32: =IFERROR(SUMIFS(订单明细!$K:$K,订单明细!$I:$I,$A$28,订单明细!$D:$D,日订单满足明细!K$3,订单明细!$A:$A,日订单满足明细!$A32)/SUMIFS(订单明细!$J:$J,订单明细!$I:$I,$A$28,订单明细!$D:$D,日订单满足明细!K$3,订单明细!$A:$A,日订单满足明细!$A32),"") | M32: 46267 | N32: =IFERROR(SUMIFS(订单明细!$K:$K,订单明细!$I:$I,日订单满足明细!$M$28,订单明细!$C:$C,日订单满足明细!$N$30,订单明细!$A:$A,日订单满足明细!$A32)/SUMIFS(订单明细!$J:$J,订单明细!$I:$I,日订单满足明细!$M$28,订单明细!$C:$C,日订单满足明细!$N$30,订单明细!$A:$A,日订单满足明细!$A32),"") -> 0.97855611 | O32: =IFERROR(SUMIFS(订单明细!$K:$K,订单明细!$I:$I,日订单满足明细!$M$28,订单明细!$C:$C,日订单满足明细!$O$30,订单明细!$A:$A,日订单满足明细!$A32)/SUMIFS(订单明细!$J:$J,订单明细!$I:$I,日订单满足明细!$M$28,订单明细!$C:$C,日订单满足明细!$O$30,订单明细!$A:$A,日订单满足明细!$A32),"") -> 0.6852459 | P32: =IFERROR(SUMIFS(订单明细!$K:$K,订单明细!$I:$I,$M$28,订单明细!$D:$D,日订单满足明细!P$3,订单明细!$A:$A,日订单满足明细!$A32)/SUMIFS(订单明细!$J:$J,订单明细!$I:$I,$M$28,订单明细!$D:$D,日订单满足明细!P$3,订单明细!$A:$A,日订单满足明细!$A32),"") -> 0.96871741 | Q32: =IFERROR(SUMIFS(订单明细!$K:$K,订单明细!$I:$I,$M$28,订单明细!$D:$D,日订单满足明细!Q$3,订单明细!$A:$A,日订单满足明细!$A32)/SUMIFS(订单明细!$J:$J,订单明细!$I:$I,$M$28,订单明细!$D:$D,日订单满足明细!Q$3,订单明细!$A:$A,日订单满足明细!$A32),"") -> 0.79574468 | R32: =IFERROR(SUMIFS(订单明细!$K:$K,订单明细!$I:$I,$M$28,订单明细!$D:$D,日订单满足明细!R$3,订单明细!$A:$A,日订单满足明细!$A32)/SUMIFS(订单明细!$J:$J,订单明细!$I:$I,$M$28,订单明细!$D:$D,日订单满足明细!R$3,订单明细!$A:$A,日订单满足明细!$A32),"") -> 1 | S32: =IFERROR(SUMIFS(订单明细!$K:$K,订单明细!$I:$I,$M$28,订单明细!$D:$D,日订单满足明细!S$3,订单明细!$A:$A,日订单满足明细!$A32)/SUMIFS(订单明细!$J:$J,订单明细!$I:$I,$M$28,订单明细!$D:$D,日订单满足明细!S$3,订单明细!$A:$A,日订单满足明细!$A32),"") | T32: =IFERROR(SUMIFS(订单明细!$K:$K,订单明细!$I:$I,$M$28,订单明细!$D:$D,日订单满足明细!T$3,订单明细!$A:$A,日订单满足明细!$A32)/SUMIFS(订单明细!$J:$J,订单明细!$I:$I,$M$28,订单明细!$D:$D,日订单满足明细!T$3,订单明细!$A:$A,日订单满足明细!$A32),"") | U32: =IFERROR(SUMIFS(订单明细!$K:$K,订单明细!$I:$I,$M$28,订单明细!$D:$D,日订单满足明细!U$3,订单明细!$A:$A,日订单满足明细!$A32)/SUMIFS(订单明细!$J:$J,订单明细!$I:$I,$M$28,订单明细!$D:$D,日订单满足明细!U$3,订单明细!$A:$A,日订单满足明细!$A32),"") -> 1 | V32: =IFERROR(SUMIFS(订单明细!$K:$K,订单明细!$I:$I,$M$28,订单明细!$D:$D,日订单满足明细!V$3,订单明细!$A:$A,日订单满足明细!$A32)/SUMIFS(订单明细!$J:$J,订单明细!$I:$I,$M$28,订单明细!$D:$D,日订单满足明细!V$3,订单明细!$A:$A,日订单满足明细!$A32),"") | W32: =IFERROR(SUMIFS(订单明细!$K:$K,订单明细!$I:$I,$M$28,订单明细!$D:$D,日订单满足明细!W$3,订单明细!$A:$A,日订单满足明细!$A32)/SUMIFS(订单明细!$J:$J,订单明细!$I:$I,$M$28,订单明细!$D:$D,日订单满足明细!W$3,订单明细!$A:$A,日订单满足明细!$A32),"")
A33: 46268 | B33: =IFERROR(SUMIFS(订单明细!$K:$K,订单明细!$I:$I,日订单满足明细!$A$28,订单明细!$C:$C,日订单满足明细!$B$30,订单明细!$A:$A,日订单满足明细!$A33)/SUMIFS(订单明细!$J:$J,订单明细!$I:$I,日订单满足明细!$A$28,订单明细!$C:$C,日订单满足明细!$B$30,订单明细!$A:$A,日订单满足明细!$A33),"") -> 0.83494708 | C33: =IFERROR(SUMIFS(订单明细!$K:$K,订单明细!$I:$I,日订单满足明细!$A$28,订单明细!$C:$C,日订单满足明细!$C$30,订单明细!$A:$A,日订单满足明细!$A33)/SUMIFS(订单明细!$J:$J,订单明细!$I:$I,日订单满足明细!$A$28,订单明细!$C:$C,日订单满足明细!$C$30,订单明细!$A:$A,日订单满足明细!$A33),"") -> 0.80869235 | D33: =IFERROR(SUMIFS(订单明细!$K:$K,订单明细!$I:$I,$A$28,订单明细!$D:$D,日订单满足明细!D$3,订单明细!$A:$A,日订单满足明细!$A33)/SUMIFS(订单明细!$J:$J,订单明细!$I:$I,$A$28,订单明细!$D:$D,日订单满足明细!D$3,订单明细!$A:$A,日订单满足明细!$A33),"") -> 0.83350329 | E33: =IFERROR(SUMIFS(订单明细!$K:$K,订单明细!$I:$I,$A$28,订单明细!$D:$D,日订单满足明细!E$3,订单明细!$A:$A,日订单满足明细!$A33)/SUMIFS(订单明细!$J:$J,订单明细!$I:$I,$A$28,订单明细!$D:$D,日订单满足明细!E$3,订单明细!$A:$A,日订单满足明细!$A33),"") -> 0.94339623 | F33: =IFERROR(SUMIFS(订单明细!$K:$K,订单明细!$I:$I,$A$28,订单明细!$D:$D,日订单满足明细!F$3,订单明细!$A:$A,日订单满足明细!$A33)/SUMIFS(订单明细!$J:$J,订单明细!$I:$I,$A$28,订单明细!$D:$D,日订单满足明细!F$3,订单明细!$A:$A,日订单满足明细!$A33),"") -> 0.68531469 | G33: =IFERROR(SUMIFS(订单明细!$K:$K,订单明细!$I:$I,$A$28,订单明细!$D:$D,日订单满足明细!G$3,订单明细!$A:$A,日订单满足明细!$A33)/SUMIFS(订单明细!$J:$J,订单明细!$I:$I,$A$28,订单明细!$D:$D,日订单满足明细!G$3,订单明细!$A:$A,日订单满足明细!$A33),"") -> 1 | H33: =IFERROR(SUMIFS(订单明细!$K:$K,订单明细!$I:$I,$A$28,订单明细!$D:$D,日订单满足明细!H$3,订单明细!$A:$A,日订单满足明细!$A33)/SUMIFS(订单明细!$J:$J,订单明细!$I:$I,$A$28,订单明细!$D:$D,日订单满足明细!H$3,订单明细!$A:$A,日订单满足明细!$A33),"") | I33: =IFERROR(SUMIFS(订单明细!$K:$K,订单明细!$I:$I,$A$28,订单明细!$D:$D,日订单满足明细!I$3,订单明细!$A:$A,日订单满足明细!$A33)/SUMIFS(订单明细!$J:$J,订单明细!$I:$I,$A$28,订单明细!$D:$D,日订单满足明细!I$3,订单明细!$A:$A,日订单满足明细!$A33),"") -> 0 | J33: =IFERROR(SUMIFS(订单明细!$K:$K,订单明细!$I:$I,$A$28,订单明细!$D:$D,日订单满足明细!J$3,订单明细!$A:$A,日订单满足明细!$A33)/SUMIFS(订单明细!$J:$J,订单明细!$I:$I,$A$28,订单明细!$D:$D,日订单满足明细!J$3,订单明细!$A:$A,日订单满足明细!$A33),"") | K33: =IFERROR(SUMIFS(订单明细!$K:$K,订单明细!$I:$I,$A$28,订单明细!$D:$D,日订单满足明细!K$3,订单明细!$A:$A,日订单满足明细!$A33)/SUMIFS(订单明细!$J:$J,订单明细!$I:$I,$A$28,订单明细!$D:$D,日订单满足明细!K$3,订单明细!$A:$A,日订单满足明细!$A33),"") -> 1 | M33: 46268 | N33: =IFERROR(SUMIFS(订单明细!$K:$K,订单明细!$I:$I,日订单满足明细!$M$28,订单明细!$C:$C,日订单满足明细!$N$30,订单明细!$A:$A,日订单满足明细!$A33)/SUMIFS(订单明细!$J:$J,订单明细!$I:$I,日订单满足明细!$M$28,订单明细!$C:$C,日订单满足明细!$N$30,订单明细!$A:$A,日订单满足明细!$A33),"") -> 0.79038991 | O33: =IFERROR(SUMIFS(订单明细!$K:$K,订单明细!$I:$I,日订单满足明细!$M$28,订单明细!$C:$C,日订单满足明细!$O$30,订单明细!$A:$A,日订单满足明细!$A33)/SUMIFS(订单明细!$J:$J,订单明细!$I:$I,日订单满足明细!$M$28,订单明细!$C:$C,日订单满足明细!$O$30,订单明细!$A:$A,日订单满足明细!$A33),"") -> 0.99036048 | P33: =IFERROR(SUMIFS(订单明细!$K:$K,订单明细!$I:$I,$M$28,订单明细!$D:$D,日订单满足明细!P$3,订单明细!$A:$A,日订单满足明细!$A33)/SUMIFS(订单明细!$J:$J,订单明细!$I:$I,$M$28,订单明细!$D:$D,日订单满足明细!P$3,订单明细!$A:$A,日订单满足明细!$A33),"") -> 0.90496304 | Q33: =IFERROR(SUMIFS(订单明细!$K:$K,订单明细!$I:$I,$M$28,订单明细!$D:$D,日订单满足明细!Q$3,订单明细!$A:$A,日订单满足明细!$A33)/SUMIFS(订单明细!$J:$J,订单明细!$I:$I,$M$28,订单明细!$D:$D,日订单满足明细!Q$3,订单明细!$A:$A,日订单满足明细!$A33),"") -> 0.97932965 | R33: =IFERROR(SUMIFS(订单明细!$K:$K,订单明细!$I:$I,$M$28,订单明细!$D:$D,日订单满足明细!R$3,订单明细!$A:$A,日订单满足明细!$A33)/SUMIFS(订单明细!$J:$J,订单明细!$I:$I,$M$28,订单明细!$D:$D,日订单满足明细!R$3,订单明细!$A:$A,日订单满足明细!$A33),"") -> 0.66162204 | S33: =IFERROR(SUMIFS(订单明细!$K:$K,订单明细!$I:$I,$M$28,订单明细!$D:$D,日订单满足明细!S$3,订单明细!$A:$A,日订单满足明细!$A33)/SUMIFS(订单明细!$J:$J,订单明细!$I:$I,$M$28,订单明细!$D:$D,日订单满足明细!S$3,订单明细!$A:$A,日订单满足明细!$A33),"") -> 1 | T33: =IFERROR(SUMIFS(订单明细!$K:$K,订单明细!$I:$I,$M$28,订单明细!$D:$D,日订单满足明细!T$3,订单明细!$A:$A,日订单满足明细!$A33)/SUMIFS(订单明细!$J:$J,订单明细!$I:$I,$M$28,订单明细!$D:$D,日订单满足明细!T$3,订单明细!$A:$A,日订单满足明细!$A33),"") | U33: =IFERROR(SUMIFS(订单明细!$K:$K,订单明细!$I:$I,$M$28,订单明细!$D:$D,日订单满足明细!U$3,订单明细!$A:$A,日订单满足明细!$A33)/SUMIFS(订单明细!$J:$J,订单明细!$I:$I,$M$28,订单明细!$D:$D,日订单满足明细!U$3,订单明细!$A:$A,日订单满足明细!$A33),"") -> 0.77981651 | V33: =IFERROR(SUMIFS(订单明细!$K:$K,订单明细!$I:$I,$M$28,订单明细!$D:$D,日订单满足明细!V$3,订单明细!$A:$A,日订单满足明细!$A33)/SUMIFS(订单明细!$J:$J,订单明细!$I:$I,$M$28,订单明细!$D:$D,日订单满足明细!V$3,订单明细!$A:$A,日订单满足明细!$A33),"") | W33: =IFERROR(SUMIFS(订单明细!$K:$K,订单明细!$I:$I,$M$28,订单明细!$D:$D,日订单满足明细!W$3,订单明细!$A:$A,日订单满足明细!$A33)/SUMIFS(订单明细!$J:$J,订单明细!$I:$I,$M$28,订单明细!$D:$D,日订单满足明细!W$3,订单明细!$A:$A,日订单满足明细!$A33),"")
A34: 46269 | B34: =IFERROR(SUMIFS(订单明细!$K:$K,订单明细!$I:$I,日订单满足明细!$A$28,订单明细!$C:$C,日订单满足明细!$B$30,订单明细!$A:$A,日订单满足明细!$A34)/SUMIFS(订单明细!$J:$J,订单明细!$I:$I,日订单满足明细!$A$28,订单明细!$C:$C,日订单满足明细!$B$30,订单明细!$A:$A,日订单满足明细!$A34),"") -> 0.7086057 | C34: =IFERROR(SUMIFS(订单明细!$K:$K,订单明细!$I:$I,日订单满足明细!$A$28,订单明细!$C:$C,日订单满足明细!$C$30,订单明细!$A:$A,日订单满足明细!$A34)/SUMIFS(订单明细!$J:$J,订单明细!$I:$I,日订单满足明细!$A$28,订单明细!$C:$C,日订单满足明细!$C$30,订单明细!$A:$A,日订单满足明细!$A34),"") -> 1 | D34: =IFERROR(SUMIFS(订单明细!$K:$K,订单明细!$I:$I,$A$28,订单明细!$D:$D,日订单满足明细!D$3,订单明细!$A:$A,日订单满足明细!$A34)/SUMIFS(订单明细!$J:$J,订单明细!$I:$I,$A$28,订单明细!$D:$D,日订单满足明细!D$3,订单明细!$A:$A,日订单满足明细!$A34),"") -> 0.85721131 | E34: =IFERROR(SUMIFS(订单明细!$K:$K,订单明细!$I:$I,$A$28,订单明细!$D:$D,日订单满足明细!E$3,订单明细!$A:$A,日订单满足明细!$A34)/SUMIFS(订单明细!$J:$J,订单明细!$I:$I,$A$28,订单明细!$D:$D,日订单满足明细!E$3,订单明细!$A:$A,日订单满足明细!$A34),"") -> 0.71170867 | F34: =IFERROR(SUMIFS(订单明细!$K:$K,订单明细!$I:$I,$A$28,订单明细!$D:$D,日订单满足明细!F$3,订单明细!$A:$A,日订单满足明细!$A34)/SUMIFS(订单明细!$J:$J,订单明细!$I:$I,$A$28,订单明细!$D:$D,日订单满足明细!F$3,订单明细!$A:$A,日订单满足明细!$A34),"") -> 0.79428571 | G34: =IFERROR(SUMIFS(订单明细!$K:$K,订单明细!$I:$I,$A$28,订单明细!$D:$D,日订单满足明细!G$3,订单明细!$A:$A,日订单满足明细!$A34)/SUMIFS(订单明细!$J:$J,订单明细!$I:$I,$A$28,订单明细!$D:$D,日订单满足明细!G$3,订单明细!$A:$A,日订单满足明细!$A34),"") -> 1 | H34: =IFERROR(SUMIFS(订单明细!$K:$K,订单明细!$I:$I,$A$28,订单明细!$D:$D,日订单满足明细!H$3,订单明细!$A:$A,日订单满足明细!$A34)/SUMIFS(订单明细!$J:$J,订单明细!$I:$I,$A$28,订单明细!$D:$D,日订单满足明细!H$3,订单明细!$A:$A,日订单满足明细!$A34),"") | I34: =IFERROR(SUMIFS(订单明细!$K:$K,订单明细!$I:$I,$A$28,订单明细!$D:$D,日订单满足明细!I$3,订单明细!$A:$A,日订单满足明细!$A34)/SUMIFS(订单明细!$J:$J,订单明细!$I:$I,$A$28,订单明细!$D:$D,日订单满足明细!I$3,订单明细!$A:$A,日订单满足明细!$A34),"") -> 0 | J34: =IFERROR(SUMIFS(订单明细!$K:$K,订单明细!$I:$I,$A$28,订单明细!$D:$D,日订单满足明细!J$3,订单明细!$A:$A,日订单满足明细!$A34)/SUMIFS(订单明细!$J:$J,订单明细!$I:$I,$A$28,订单明细!$D:$D,日订单满足明细!J$3,订单明细!$A:$A,日订单满足明细!$A34),"") | K34: =IFERROR(SUMIFS(订单明细!$K:$K,订单明细!$I:$I,$A$28,订单明细!$D:$D,日订单满足明细!K$3,订单明细!$A:$A,日订单满足明细!$A34)/SUMIFS(订单明细!$J:$J,订单明细!$I:$I,$A$28,订单明细!$D:$D,日订单满足明细!K$3,订单明细!$A:$A,日订单满足明细!$A34),"") | M34: 46269 | N34: =IFERROR(SUMIFS(订单明细!$K:$K,订单明细!$I:$I,日订单满足明细!$M$28,订单明细!$C:$C,日订单满足明细!$N$30,订单明细!$A:$A,日订单满足明细!$A34)/SUMIFS(订单明细!$J:$J,订单明细!$I:$I,日订单满足明细!$M$28,订单明细!$C:$C,日订单满足明细!$N$30,订单明细!$A:$A,日订单满足明细!$A34),"") -> 0.61321721 | O34: =IFERROR(SUMIFS(订单明细!$K:$K,订单明细!$I:$I,日订单满足明细!$M$28,订单明细!$C:$C,日订单满足明细!$O$30,订单明细!$A:$A,日订单满足明细!$A34)/SUMIFS(订单明细!$J:$J,订单明细!$I:$I,日订单满足明细!$M$28,订单明细!$C:$C,日订单满足明细!$O$30,订单明细!$A:$A,日订单满足明细!$A34),"") -> 0.93610224 | P34: =IFERROR(SUMIFS(订单明细!$K:$K,订单明细!$I:$I,$M$28,订单明细!$D:$D,日订单满足明细!P$3,订单明细!$A:$A,日订单满足明细!$A34)/SUMIFS(订单明细!$J:$J,订单明细!$I:$I,$M$28,订单明细!$D:$D,日订单满足明细!P$3,订单明细!$A:$A,日订单满足明细!$A34),"") -> 0.82954545 | Q34: =IFERROR(SUMIFS(订单明细!$K:$K,订单明细!$I:$I,$M$28,订单明细!$D:$D,日订单满足明细!Q$3,订单明细!$A:$A,日订单满足明细!$A34)/SUMIFS(订单明细!$J:$J,订单明细!$I:$I,$M$28,订单明细!$D:$D,日订单满足明细!Q$3,订单明细!$A:$A,日订单满足明细!$A34),"") -> 0.75257732 | R34: =IFERROR(SUMIFS(订单明细!$K:$K,订单明细!$I:$I,$M$28,订单明细!$D:$D,日订单满足明细!R$3,订单明细!$A:$A,日订单满足明细!$A34)/SUMIFS(订单明细!$J:$J,订单明细!$I:$I,$M$28,订单明细!$D:$D,日订单满足明细!R$3,订单明细!$A:$A,日订单满足明细!$A34),"") -> 0.44600939 | S34: =IFERROR(SUMIFS(订单明细!$K:$K,订单明细!$I:$I,$M$28,订单明细!$D:$D,日订单满足明细!S$3,订单明细!$A:$A,日订单满足明细!$A34)/SUMIFS(订单明细!$J:$J,订单明细!$I:$I,$M$28,订单明细!$D:$D,日订单满足明细!S$3,订单明细!$A:$A,日订单满足明细!$A34),"") -> 1 | T34: =IFERROR(SUMIFS(订单明细!$K:$K,订单明细!$I:$I,$M$28,订单明细!$D:$D,日订单满足明细!T$3,订单明细!$A:$A,日订单满足明细!$A34)/SUMIFS(订单明细!$J:$J,订单明细!$I:$I,$M$28,订单明细!$D:$D,日订单满足明细!T$3,订单明细!$A:$A,日订单满足明细!$A34),"") | U34: =IFERROR(SUMIFS(订单明细!$K:$K,订单明细!$I:$I,$M$28,订单明细!$D:$D,日订单满足明细!U$3,订单明细!$A:$A,日订单满足明细!$A34)/SUMIFS(订单明细!$J:$J,订单明细!$I:$I,$M$28,订单明细!$D:$D,日订单满足明细!U$3,订单明细!$A:$A,日订单满足明细!$A34),"") -> 0.62041697 | V34: =IFERROR(SUMIFS(订单明细!$K:$K,订单明细!$I:$I,$M$28,订单明细!$D:$D,日订单满足明细!V$3,订单明细!$A:$A,日订单满足明细!$A34)/SUMIFS(订单明细!$J:$J,订单明细!$I:$I,$M$28,订单明细!$D:$D,日订单满足明细!V$3,订单明细!$A:$A,日订单满足明细!$A34),"") | W34: =IFERROR(SUMIFS(订单明细!$K:$K,订单明细!$I:$I,$M$28,订单明细!$D:$D,日订单满足明细!W$3,订单明细!$A:$A,日订单满足明细!$A34)/SUMIFS(订单明细!$J:$J,订单明细!$I:$I,$M$28,订单明细!$D:$D,日订单满足明细!W$3,订单明细!$A:$A,日订单满足明细!$A34),"")
A35: 46272 | B35: =IFERROR(SUMIFS(订单明细!$K:$K,订单明细!$I:$I,日订单满足明细!$A$28,订单明细!$C:$C,日订单满足明细!$B$30,订单明细!$A:$A,日订单满足明细!$A35)/SUMIFS(订单明细!$J:$J,订单明细!$I:$I,日订单满足明细!$A$28,订单明细!$C:$C,日订单满足明细!$B$30,订单明细!$A:$A,日订单满足明细!$A35),"") -> 0.28038898 | C35: =IFERROR(SUMIFS(订单明细!$K:$K,订单明细!$I:$I,日订单满足明细!$A$28,订单明细!$C:$C,日订单满足明细!$C$30,订单明细!$A:$A,日订单满足明细!$A35)/SUMIFS(订单明细!$J:$J,订单明细!$I:$I,日订单满足明细!$A$28,订单明细!$C:$C,日订单满足明细!$C$30,订单明细!$A:$A,日订单满足明细!$A35),"") -> 0.9699202 | D35: =IFERROR(SUMIFS(订单明细!$K:$K,订单明细!$I:$I,$A$28,订单明细!$D:$D,日订单满足明细!D$3,订单明细!$A:$A,日订单满足明细!$A35)/SUMIFS(订单明细!$J:$J,订单明细!$I:$I,$A$28,订单明细!$D:$D,日订单满足明细!D$3,订单明细!$A:$A,日订单满足明细!$A35),"") -> 0.95498528 | E35: =IFERROR(SUMIFS(订单明细!$K:$K,订单明细!$I:$I,$A$28,订单明细!$D:$D,日订单满足明细!E$3,订单明细!$A:$A,日订单满足明细!$A35)/SUMIFS(订单明细!$J:$J,订单明细!$I:$I,$A$28,订单明细!$D:$D,日订单满足明细!E$3,订单明细!$A:$A,日订单满足明细!$A35),"") -> 0.29613538 | F35: =IFERROR(SUMIFS(订单明细!$K:$K,订单明细!$I:$I,$A$28,订单明细!$D:$D,日订单满足明细!F$3,订单明细!$A:$A,日订单满足明细!$A35)/SUMIFS(订单明细!$J:$J,订单明细!$I:$I,$A$28,订单明细!$D:$D,日订单满足明细!F$3,订单明细!$A:$A,日订单满足明细!$A35),"") -> 1 | G35: =IFERROR(SUMIFS(订单明细!$K:$K,订单明细!$I:$I,$A$28,订单明细!$D:$D,日订单满足明细!G$3,订单明细!$A:$A,日订单满足明细!$A35)/SUMIFS(订单明细!$J:$J,订单明细!$I:$I,$A$28,订单明细!$D:$D,日订单满足明细!G$3,订单明细!$A:$A,日订单满足明细!$A35),"") -> 1 | H35: =IFERROR(SUMIFS(订单明细!$K:$K,订单明细!$I:$I,$A$28,订单明细!$D:$D,日订单满足明细!H$3,订单明细!$A:$A,日订单满足明细!$A35)/SUMIFS(订单明细!$J:$J,订单明细!$I:$I,$A$28,订单明细!$D:$D,日订单满足明细!H$3,订单明细!$A:$A,日订单满足明细!$A35),"") | I35: =IFERROR(SUMIFS(订单明细!$K:$K,订单明细!$I:$I,$A$28,订单明细!$D:$D,日订单满足明细!I$3,订单明细!$A:$A,日订单满足明细!$A35)/SUMIFS(订单明细!$J:$J,订单明细!$I:$I,$A$28,订单明细!$D:$D,日订单满足明细!I$3,订单明细!$A:$A,日订单满足明细!$A35),"") -> 0.83333333 | J35: =IFERROR(SUMIFS(订单明细!$K:$K,订单明细!$I:$I,$A$28,订单明细!$D:$D,日订单满足明细!J$3,订单明细!$A:$A,日订单满足明细!$A35)/SUMIFS(订单明细!$J:$J,订单明细!$I:$I,$A$28,订单明细!$D:$D,日订单满足明细!J$3,订单明细!$A:$A,日订单满足明细!$A35),"") | K35: =IFERROR(SUMIFS(订单明细!$K:$K,订单明细!$I:$I,$A$28,订单明细!$D:$D,日订单满足明细!K$3,订单明细!$A:$A,日订单满足明细!$A35)/SUMIFS(订单明细!$J:$J,订单明细!$I:$I,$A$28,订单明细!$D:$D,日订单满足明细!K$3,订单明细!$A:$A,日订单满足明细!$A35),"") | M35: 46272 | N35: =IFERROR(SUMIFS(订单明细!$K:$K,订单明细!$I:$I,日订单满足明细!$M$28,订单明细!$C:$C,日订单满足明细!$N$30,订单明细!$A:$A,日订单满足明细!$A35)/SUMIFS(订单明细!$J:$J,订单明细!$I:$I,日订单满足明细!$M$28,订单明细!$C:$C,日订单满足明细!$N$30,订单明细!$A:$A,日订单满足明细!$A35),"") -> 0.80400719 | O35: =IFERROR(SUMIFS(订单明细!$K:$K,订单明细!$I:$I,日订单满足明细!$M$28,订单明细!$C:$C,日订单满足明细!$O$30,订单明细!$A:$A,日订单满足明细!$A35)/SUMIFS(订单明细!$J:$J,订单明细!$I:$I,日订单满足明细!$M$28,订单明细!$C:$C,日订单满足明细!$O$30,订单明细!$A:$A,日订单满足明细!$A35),"") -> 0.88235294 | P35: =IFERROR(SUMIFS(订单明细!$K:$K,订单明细!$I:$I,$M$28,订单明细!$D:$D,日订单满足明细!P$3,订单明细!$A:$A,日订单满足明细!$A35)/SUMIFS(订单明细!$J:$J,订单明细!$I:$I,$M$28,订单明细!$D:$D,日订单满足明细!P$3,订单明细!$A:$A,日订单满足明细!$A35),"") -> 0.73843212 | Q35: =IFERROR(SUMIFS(订单明细!$K:$K,订单明细!$I:$I,$M$28,订单明细!$D:$D,日订单满足明细!Q$3,订单明细!$A:$A,日订单满足明细!$A35)/SUMIFS(订单明细!$J:$J,订单明细!$I:$I,$M$28,订单明细!$D:$D,日订单满足明细!Q$3,订单明细!$A:$A,日订单满足明细!$A35),"") -> 0.94523049 | R35: =IFERROR(SUMIFS(订单明细!$K:$K,订单明细!$I:$I,$M$28,订单明细!$D:$D,日订单满足明细!R$3,订单明细!$A:$A,日订单满足明细!$A35)/SUMIFS(订单明细!$J:$J,订单明细!$I:$I,$M$28,订单明细!$D:$D,日订单满足明细!R$3,订单明细!$A:$A,日订单满足明细!$A35),"") -> 0.70744681 | S35: =IFERROR(SUMIFS(订单明细!$K:$K,订单明细!$I:$I,$M$28,订单明细!$D:$D,日订单满足明细!S$3,订单明细!$A:$A,日订单满足明细!$A35)/SUMIFS(订单明细!$J:$J,订单明细!$I:$I,$M$28,订单明细!$D:$D,日订单满足明细!S$3,订单明细!$A:$A,日订单满足明细!$A35),"") -> 1 | T35: =IFERROR(SUMIFS(订单明细!$K:$K,订单明细!$I:$I,$M$28,订单明细!$D:$D,日订单满足明细!T$3,订单明细!$A:$A,日订单满足明细!$A35)/SUMIFS(订单明细!$J:$J,订单明细!$I:$I,$M$28,订单明细!$D:$D,日订单满足明细!T$3,订单明细!$A:$A,日订单满足明细!$A35),"") | U35: =IFERROR(SUMIFS(订单明细!$K:$K,订单明细!$I:$I,$M$28,订单明细!$D:$D,日订单满足明细!U$3,订单明细!$A:$A,日订单满足明细!$A35)/SUMIFS(订单明细!$J:$J,订单明细!$I:$I,$M$28,订单明细!$D:$D,日订单满足明细!U$3,订单明细!$A:$A,日订单满足明细!$A35),"") -> 0.54545455 | V35: =IFERROR(SUMIFS(订单明细!$K:$K,订单明细!$I:$I,$M$28,订单明细!$D:$D,日订单满足明细!V$3,订单明细!$A:$A,日订单满足明细!$A35)/SUMIFS(订单明细!$J:$J,订单明细!$I:$I,$M$28,订单明细!$D:$D,日订单满足明细!V$3,订单明细!$A:$A,日订单满足明细!$A35),"") | W35: =IFERROR(SUMIFS(订单明细!$K:$K,订单明细!$I:$I,$M$28,订单明细!$D:$D,日订单满足明细!W$3,订单明细!$A:$A,日订单满足明细!$A35)/SUMIFS(订单明细!$J:$J,订单明细!$I:$I,$M$28,订单明细!$D:$D,日订单满足明细!W$3,订单明细!$A:$A,日订单满足明细!$A35),"") -> 0
A36: 46273 | B36: =IFERROR(SUMIFS(订单明细!$K:$K,订单明细!$I:$I,日订单满足明细!$A$28,订单明细!$C:$C,日订单满足明细!$B$30,订单明细!$A:$A,日订单满足明细!$A36)/SUMIFS(订单明细!$J:$J,订单明细!$I:$I,日订单满足明细!$A$28,订单明细!$C:$C,日订单满足明细!$B$30,订单明细!$A:$A,日订单满足明细!$A36),"") -> 0.99531396 | C36: =IFERROR(SUMIFS(订单明细!$K:$K,订单明细!$I:$I,日订单满足明细!$A$28,订单明细!$C:$C,日订单满足明细!$C$30,订单明细!$A:$A,日订单满足明细!$A36)/SUMIFS(订单明细!$J:$J,订单明细!$I:$I,日订单满足明细!$A$28,订单明细!$C:$C,日订单满足明细!$C$30,订单明细!$A:$A,日订单满足明细!$A36),"") -> 0.9143469 | D36: =IFERROR(SUMIFS(订单明细!$K:$K,订单明细!$I:$I,$A$28,订单明细!$D:$D,日订单满足明细!D$3,订单明细!$A:$A,日订单满足明细!$A36)/SUMIFS(订单明细!$J:$J,订单明细!$I:$I,$A$28,订单明细!$D:$D,日订单满足明细!D$3,订单明细!$A:$A,日订单满足明细!$A36),"") -> 0.99741335 | E36: =IFERROR(SUMIFS(订单明细!$K:$K,订单明细!$I:$I,$A$28,订单明细!$D:$D,日订单满足明细!E$3,订单明细!$A:$A,日订单满足明细!$A36)/SUMIFS(订单明细!$J:$J,订单明细!$I:$I,$A$28,订单明细!$D:$D,日订单满足明细!E$3,订单明细!$A:$A,日订单满足明细!$A36),"") -> 0.99310939 | F36: =IFERROR(SUMIFS(订单明细!$K:$K,订单明细!$I:$I,$A$28,订单明细!$D:$D,日订单满足明细!F$3,订单明细!$A:$A,日订单满足明细!$A36)/SUMIFS(订单明细!$J:$J,订单明细!$I:$I,$A$28,订单明细!$D:$D,日订单满足明细!F$3,订单明细!$A:$A,日订单满足明细!$A36),"") -> 0.94337079 | G36: =IFERROR(SUMIFS(订单明细!$K:$K,订单明细!$I:$I,$A$28,订单明细!$D:$D,日订单满足明细!G$3,订单明细!$A:$A,日订单满足明细!$A36)/SUMIFS(订单明细!$J:$J,订单明细!$I:$I,$A$28,订单明细!$D:$D,日订单满足明细!G$3,订单明细!$A:$A,日订单满足明细!$A36),"") -> 1 | H36: =IFERROR(SUMIFS(订单明细!$K:$K,订单明细!$I:$I,$A$28,订单明细!$D:$D,日订单满足明细!H$3,订单明细!$A:$A,日订单满足明细!$A36)/SUMIFS(订单明细!$J:$J,订单明细!$I:$I,$A$28,订单明细!$D:$D,日订单满足明细!H$3,订单明细!$A:$A,日订单满足明细!$A36),"") | I36: =IFERROR(SUMIFS(订单明细!$K:$K,订单明细!$I:$I,$A$28,订单明细!$D:$D,日订单满足明细!I$3,订单明细!$A:$A,日订单满足明细!$A36)/SUMIFS(订单明细!$J:$J,订单明细!$I:$I,$A$28,订单明细!$D:$D,日订单满足明细!I$3,订单明细!$A:$A,日订单满足明细!$A36),"") -> 1 | J36: =IFERROR(SUMIFS(订单明细!$K:$K,订单明细!$I:$I,$A$28,订单明细!$D:$D,日订单满足明细!J$3,订单明细!$A:$A,日订单满足明细!$A36)/SUMIFS(订单明细!$J:$J,订单明细!$I:$I,$A$28,订单明细!$D:$D,日订单满足明细!J$3,订单明细!$A:$A,日订单满足明细!$A36),"") | K36: =IFERROR(SUMIFS(订单明细!$K:$K,订单明细!$I:$I,$A$28,订单明细!$D:$D,日订单满足明细!K$3,订单明细!$A:$A,日订单满足明细!$A36)/SUMIFS(订单明细!$J:$J,订单明细!$I:$I,$A$28,订单明细!$D:$D,日订单满足明细!K$3,订单明细!$A:$A,日订单满足明细!$A36),"") | M36: 46272 | N36: =IFERROR(SUMIFS(订单明细!$K:$K,订单明细!$I:$I,日订单满足明细!$M$28,订单明细!$C:$C,日订单满足明细!$N$30,订单明细!$A:$A,日订单满足明细!$A36)/SUMIFS(订单明细!$J:$J,订单明细!$I:$I,日订单满足明细!$M$28,订单明细!$C:$C,日订单满足明细!$N$30,订单明细!$A:$A,日订单满足明细!$A36),"") -> 0.44186976 | O36: =IFERROR(SUMIFS(订单明细!$K:$K,订单明细!$I:$I,日订单满足明细!$M$28,订单明细!$C:$C,日订单满足明细!$O$30,订单明细!$A:$A,日订单满足明细!$A36)/SUMIFS(订单明细!$J:$J,订单明细!$I:$I,日订单满足明细!$M$28,订单明细!$C:$C,日订单满足明细!$O$30,订单明细!$A:$A,日订单满足明细!$A36),"") -> 0.95434369 | P36: =IFERROR(SUMIFS(订单明细!$K:$K,订单明细!$I:$I,$M$28,订单明细!$D:$D,日订单满足明细!P$3,订单明细!$A:$A,日订单满足明细!$A36)/SUMIFS(订单明细!$J:$J,订单明细!$I:$I,$M$28,订单明细!$D:$D,日订单满足明细!P$3,订单明细!$A:$A,日订单满足明细!$A36),"") -> 0.80024969 | Q36: =IFERROR(SUMIFS(订单明细!$K:$K,订单明细!$I:$I,$M$28,订单明细!$D:$D,日订单满足明细!Q$3,订单明细!$A:$A,日订单满足明细!$A36)/SUMIFS(订单明细!$J:$J,订单明细!$I:$I,$M$28,订单明细!$D:$D,日订单满足明细!Q$3,订单明细!$A:$A,日订单满足明细!$A36),"") -> 0.97122302 | R36: =IFERROR(SUMIFS(订单明细!$K:$K,订单明细!$I:$I,$M$28,订单明细!$D:$D,日订单满足明细!R$3,订单明细!$A:$A,日订单满足明细!$A36)/SUMIFS(订单明细!$J:$J,订单明细!$I:$I,$M$28,订单明细!$D:$D,日订单满足明细!R$3,订单明细!$A:$A,日订单满足明细!$A36),"") -> 0.25823687 | S36: =IFERROR(SUMIFS(订单明细!$K:$K,订单明细!$I:$I,$M$28,订单明细!$D:$D,日订单满足明细!S$3,订单明细!$A:$A,日订单满足明细!$A36)/SUMIFS(订单明细!$J:$J,订单明细!$I:$I,$M$28,订单明细!$D:$D,日订单满足明细!S$3,订单明细!$A:$A,日订单满足明细!$A36),"") -> 1 | T36: =IFERROR(SUMIFS(订单明细!$K:$K,订单明细!$I:$I,$M$28,订单明细!$D:$D,日订单满足明细!T$3,订单明细!$A:$A,日订单满足明细!$A36)/SUMIFS(订单明细!$J:$J,订单明细!$I:$I,$M$28,订单明细!$D:$D,日订单满足明细!T$3,订单明细!$A:$A,日订单满足明细!$A36),"") | U36: =IFERROR(SUMIFS(订单明细!$K:$K,订单明细!$I:$I,$M$28,订单明细!$D:$D,日订单满足明细!U$3,订单明细!$A:$A,日订单满足明细!$A36)/SUMIFS(订单明细!$J:$J,订单明细!$I:$I,$M$28,订单明细!$D:$D,日订单满足明细!U$3,订单明细!$A:$A,日订单满足明细!$A36),"") -> 0 | V36: =IFERROR(SUMIFS(订单明细!$K:$K,订单明细!$I:$I,$M$28,订单明细!$D:$D,日订单满足明细!V$3,订单明细!$A:$A,日订单满足明细!$A36)/SUMIFS(订单明细!$J:$J,订单明细!$I:$I,$M$28,订单明细!$D:$D,日订单满足明细!V$3,订单明细!$A:$A,日订单满足明细!$A36),"") | W36: =IFERROR(SUMIFS(订单明细!$K:$K,订单明细!$I:$I,$M$28,订单明细!$D:$D,日订单满足明细!W$3,订单明细!$A:$A,日订单满足明细!$A36)/SUMIFS(订单明细!$J:$J,订单明细!$I:$I,$M$28,订单明细!$D:$D,日订单满足明细!W$3,订单明细!$A:$A,日订单满足明细!$A36),"")
A37: 46274 | B37: =IFERROR(SUMIFS(订单明细!$K:$K,订单明细!$I:$I,日订单满足明细!$A$28,订单明细!$C:$C,日订单满足明细!$B$30,订单明细!$A:$A,日订单满足明细!$A37)/SUMIFS(订单明细!$J:$J,订单明细!$I:$I,日订单满足明细!$A$28,订单明细!$C:$C,日订单满足明细!$B$30,订单明细!$A:$A,日订单满足明细!$A37),"") -> 0.99870912 | C37: =IFERROR(SUMIFS(订单明细!$K:$K,订单明细!$I:$I,日订单满足明细!$A$28,订单明细!$C:$C,日订单满足明细!$C$30,订单明细!$A:$A,日订单满足明细!$A37)/SUMIFS(订单明细!$J:$J,订单明细!$I:$I,日订单满足明细!$A$28,订单明细!$C:$C,日订单满足明细!$C$30,订单明细!$A:$A,日订单满足明细!$A37),"") -> 0.92162351 | D37: =IFERROR(SUMIFS(订单明细!$K:$K,订单明细!$I:$I,$A$28,订单明细!$D:$D,日订单满足明细!D$3,订单明细!$A:$A,日订单满足明细!$A37)/SUMIFS(订单明细!$J:$J,订单明细!$I:$I,$A$28,订单明细!$D:$D,日订单满足明细!D$3,订单明细!$A:$A,日订单满足明细!$A37),"") -> 0.88913525 | E37: =IFERROR(SUMIFS(订单明细!$K:$K,订单明细!$I:$I,$A$28,订单明细!$D:$D,日订单满足明细!E$3,订单明细!$A:$A,日订单满足明细!$A37)/SUMIFS(订单明细!$J:$J,订单明细!$I:$I,$A$28,订单明细!$D:$D,日订单满足明细!E$3,订单明细!$A:$A,日订单满足明细!$A37),"") -> 1 | F37: =IFERROR(SUMIFS(订单明细!$K:$K,订单明细!$I:$I,$A$28,订单明细!$D:$D,日订单满足明细!F$3,订单明细!$A:$A,日订单满足明细!$A37)/SUMIFS(订单明细!$J:$J,订单明细!$I:$I,$A$28,订单明细!$D:$D,日订单满足明细!F$3,订单明细!$A:$A,日订单满足明细!$A37),"") -> 0.94174757 | G37: =IFERROR(SUMIFS(订单明细!$K:$K,订单明细!$I:$I,$A$28,订单明细!$D:$D,日订单满足明细!G$3,订单明细!$A:$A,日订单满足明细!$A37)/SUMIFS(订单明细!$J:$J,订单明细!$I:$I,$A$28,订单明细!$D:$D,日订单满足明细!G$3,订单明细!$A:$A,日订单满足明细!$A37),"") -> 0.93650794 | H37: =IFERROR(SUMIFS(订单明细!$K:$K,订单明细!$I:$I,$A$28,订单明细!$D:$D,日订单满足明细!H$3,订单明细!$A:$A,日订单满足明细!$A37)/SUMIFS(订单明细!$J:$J,订单明细!$I:$I,$A$28,订单明细!$D:$D,日订单满足明细!H$3,订单明细!$A:$A,日订单满足明细!$A37),"") | I37: =IFERROR(SUMIFS(订单明细!$K:$K,订单明细!$I:$I,$A$28,订单明细!$D:$D,日订单满足明细!I$3,订单明细!$A:$A,日订单满足明细!$A37)/SUMIFS(订单明细!$J:$J,订单明细!$I:$I,$A$28,订单明细!$D:$D,日订单满足明细!I$3,订单明细!$A:$A,日订单满足明细!$A37),"") | J37: =IFERROR(SUMIFS(订单明细!$K:$K,订单明细!$I:$I,$A$28,订单明细!$D:$D,日订单满足明细!J$3,订单明细!$A:$A,日订单满足明细!$A37)/SUMIFS(订单明细!$J:$J,订单明细!$I:$I,$A$28,订单明细!$D:$D,日订单满足明细!J$3,订单明细!$A:$A,日订单满足明细!$A37),"") | K37: =IFERROR(SUMIFS(订单明细!$K:$K,订单明细!$I:$I,$A$28,订单明细!$D:$D,日订单满足明细!K$3,订单明细!$A:$A,日订单满足明细!$A37)/SUMIFS(订单明细!$J:$J,订单明细!$I:$I,$A$28,订单明细!$D:$D,日订单满足明细!K$3,订单明细!$A:$A,日订单满足明细!$A37),"") | M37: 46274 | N37: =IFERROR(SUMIFS(订单明细!$K:$K,订单明细!$I:$I,日订单满足明细!$M$28,订单明细!$C:$C,日订单满足明细!$N$30,订单明细!$A:$A,日订单满足明细!$A37)/SUMIFS(订单明细!$J:$J,订单明细!$I:$I,日订单满足明细!$M$28,订单明细!$C:$C,日订单满足明细!$N$30,订单明细!$A:$A,日订单满足明细!$A37),"") -> 0.94354839 | O37: =IFERROR(SUMIFS(订单明细!$K:$K,订单明细!$I:$I,日订单满足明细!$M$28,订单明细!$C:$C,日订单满足明细!$O$30,订单明细!$A:$A,日订单满足明细!$A37)/SUMIFS(订单明细!$J:$J,订单明细!$I:$I,日订单满足明细!$M$28,订单明细!$C:$C,日订单满足明细!$O$30,订单明细!$A:$A,日订单满足明细!$A37),"") -> 1 | P37: =IFERROR(SUMIFS(订单明细!$K:$K,订单明细!$I:$I,$M$28,订单明细!$D:$D,日订单满足明细!P$3,订单明细!$A:$A,日订单满足明细!$A37)/SUMIFS(订单明细!$J:$J,订单明细!$I:$I,$M$28,订单明细!$D:$D,日订单满足明细!P$3,订单明细!$A:$A,日订单满足明细!$A37),"") -> 1 | Q37: =IFERROR(SUMIFS(订单明细!$K:$K,订单明细!$I:$I,$M$28,订单明细!$D:$D,日订单满足明细!Q$3,订单明细!$A:$A,日订单满足明细!$A37)/SUMIFS(订单明细!$J:$J,订单明细!$I:$I,$M$28,订单明细!$D:$D,日订单满足明细!Q$3,订单明细!$A:$A,日订单满足明细!$A37),"") -> 1 | R37: =IFERROR(SUMIFS(订单明细!$K:$K,订单明细!$I:$I,$M$28,订单明细!$D:$D,日订单满足明细!R$3,订单明细!$A:$A,日订单满足明细!$A37)/SUMIFS(订单明细!$J:$J,订单明细!$I:$I,$M$28,订单明细!$D:$D,日订单满足明细!R$3,订单明细!$A:$A,日订单满足明细!$A37),"") -> 0.97512438 | S37: =IFERROR(SUMIFS(订单明细!$K:$K,订单明细!$I:$I,$M$28,订单明细!$D:$D,日订单满足明细!S$3,订单明细!$A:$A,日订单满足明细!$A37)/SUMIFS(订单明细!$J:$J,订单明细!$I:$I,$M$28,订单明细!$D:$D,日订单满足明细!S$3,订单明细!$A:$A,日订单满足明细!$A37),"") -> 1 | T37: =IFERROR(SUMIFS(订单明细!$K:$K,订单明细!$I:$I,$M$28,订单明细!$D:$D,日订单满足明细!T$3,订单明细!$A:$A,日订单满足明细!$A37)/SUMIFS(订单明细!$J:$J,订单明细!$I:$I,$M$28,订单明细!$D:$D,日订单满足明细!T$3,订单明细!$A:$A,日订单满足明细!$A37),"") | U37: =IFERROR(SUMIFS(订单明细!$K:$K,订单明细!$I:$I,$M$28,订单明细!$D:$D,日订单满足明细!U$3,订单明细!$A:$A,日订单满足明细!$A37)/SUMIFS(订单明细!$J:$J,订单明细!$I:$I,$M$28,订单明细!$D:$D,日订单满足明细!U$3,订单明细!$A:$A,日订单满足明细!$A37),"") | V37: =IFERROR(SUMIFS(订单明细!$K:$K,订单明细!$I:$I,$M$28,订单明细!$D:$D,日订单满足明细!V$3,订单明细!$A:$A,日订单满足明细!$A37)/SUMIFS(订单明细!$J:$J,订单明细!$I:$I,$M$28,订单明细!$D:$D,日订单满足明细!V$3,订单明细!$A:$A,日订单满足明细!$A37),"") | W37: =IFERROR(SUMIFS(订单明细!$K:$K,订单明细!$I:$I,$M$28,订单明细!$D:$D,日订单满足明细!W$3,订单明细!$A:$A,日订单满足明细!$A37)/SUMIFS(订单明细!$J:$J,订单明细!$I:$I,$M$28,订单明细!$D:$D,日订单满足明细!W$3,订单明细!$A:$A,日订单满足明细!$A37),"") -> 0
B38: =IFERROR(SUMIFS(订单明细!$K:$K,订单明细!$I:$I,日订单满足明细!$A$28,订单明细!$C:$C,日订单满足明细!$B$30,订单明细!$A:$A,日订单满足明细!$A38)/SUMIFS(订单明细!$J:$J,订单明细!$I:$I,日订单满足明细!$A$28,订单明细!$C:$C,日订单满足明细!$B$30,订单明细!$A:$A,日订单满足明细!$A38),"") | C38: =IFERROR(SUMIFS(订单明细!$K:$K,订单明细!$I:$I,日订单满足明细!$A$28,订单明细!$C:$C,日订单满足明细!$C$30,订单明细!$A:$A,日订单满足明细!$A38)/SUMIFS(订单明细!$J:$J,订单明细!$I:$I,日订单满足明细!$A$28,订单明细!$C:$C,日订单满足明细!$C$30,订单明细!$A:$A,日订单满足明细!$A38),"") | D38: =IFERROR(SUMIFS(订单明细!$K:$K,订单明细!$I:$I,$A$28,订单明细!$D:$D,日订单满足明细!D$3,订单明细!$A:$A,日订单满足明细!$A38)/SUMIFS(订单明细!$J:$J,订单明细!$I:$I,$A$28,订单明细!$D:$D,日订单满足明细!D$3,订单明细!$A:$A,日订单满足明细!$A38),"") | E38: =IFERROR(SUMIFS(订单明细!$K:$K,订单明细!$I:$I,$A$28,订单明细!$D:$D,日订单满足明细!E$3,订单明细!$A:$A,日订单满足明细!$A38)/SUMIFS(订单明细!$J:$J,订单明细!$I:$I,$A$28,订单明细!$D:$D,日订单满足明细!E$3,订单明细!$A:$A,日订单满足明细!$A38),"") | F38: =IFERROR(SUMIFS(订单明细!$K:$K,订单明细!$I:$I,$A$28,订单明细!$D:$D,日订单满足明细!F$3,订单明细!$A:$A,日订单满足明细!$A38)/SUMIFS(订单明细!$J:$J,订单明细!$I:$I,$A$28,订单明细!$D:$D,日订单满足明细!F$3,订单明细!$A:$A,日订单满足明细!$A38),"") | G38: =IFERROR(SUMIFS(订单明细!$K:$K,订单明细!$I:$I,$A$28,订单明细!$D:$D,日订单满足明细!G$3,订单明细!$A:$A,日订单满足明细!$A38)/SUMIFS(订单明细!$J:$J,订单明细!$I:$I,$A$28,订单明细!$D:$D,日订单满足明细!G$3,订单明细!$A:$A,日订单满足明细!$A38),"") | H38: =IFERROR(SUMIFS(订单明细!$K:$K,订单明细!$I:$I,$A$28,订单明细!$D:$D,日订单满足明细!H$3,订单明细!$A:$A,日订单满足明细!$A38)/SUMIFS(订单明细!$J:$J,订单明细!$I:$I,$A$28,订单明细!$D:$D,日订单满足明细!H$3,订单明细!$A:$A,日订单满足明细!$A38),"") | I38: =IFERROR(SUMIFS(订单明细!$K:$K,订单明细!$I:$I,$A$28,订单明细!$D:$D,日订单满足明细!I$3,订单明细!$A:$A,日订单满足明细!$A38)/SUMIFS(订单明细!$J:$J,订单明细!$I:$I,$A$28,订单明细!$D:$D,日订单满足明细!I$3,订单明细!$A:$A,日订单满足明细!$A38),"") | J38: =IFERROR(SUMIFS(订单明细!$K:$K,订单明细!$I:$I,$A$28,订单明细!$D:$D,日订单满足明细!J$3,订单明细!$A:$A,日订单满足明细!$A38)/SUMIFS(订单明细!$J:$J,订单明细!$I:$I,$A$28,订单明细!$D:$D,日订单满足明细!J$3,订单明细!$A:$A,日订单满足明细!$A38),"") | K38: =IFERROR(SUMIFS(订单明细!$K:$K,订单明细!$I:$I,$A$28,订单明细!$D:$D,日订单满足明细!K$3,订单明细!$A:$A,日订单满足明细!$A38)/SUMIFS(订单明细!$J:$J,订单明细!$I:$I,$A$28,订单明细!$D:$D,日订单满足明细!K$3,订单明细!$A:$A,日订单满足明细!$A38),"") | N38: =IFERROR(SUMIFS(订单明细!$K:$K,订单明细!$I:$I,日订单满足明细!$M$28,订单明细!$C:$C,日订单满足明细!$N$30,订单明细!$A:$A,日订单满足明细!$A38)/SUMIFS(订单明细!$J:$J,订单明细!$I:$I,日订单满足明细!$M$28,订单明细!$C:$C,日订单满足明细!$N$30,订单明细!$A:$A,日订单满足明细!$A38),"") | O38: =IFERROR(SUMIFS(订单明细!$K:$K,订单明细!$I:$I,日订单满足明细!$M$28,订单明细!$C:$C,日订单满足明细!$O$30,订单明细!$A:$A,日订单满足明细!$A38)/SUMIFS(订单明细!$J:$J,订单明细!$I:$I,日订单满足明细!$M$28,订单明细!$C:$C,日订单满足明细!$O$30,订单明细!$A:$A,日订单满足明细!$A38),"") | P38: =IFERROR(SUMIFS(订单明细!$K:$K,订单明细!$I:$I,$M$28,订单明细!$D:$D,日订单满足明细!P$3,订单明细!$A:$A,日订单满足明细!$A38)/SUMIFS(订单明细!$J:$J,订单明细!$I:$I,$M$28,订单明细!$D:$D,日订单满足明细!P$3,订单明细!$A:$A,日订单满足明细!$A38),"") | Q38: =IFERROR(SUMIFS(订单明细!$K:$K,订单明细!$I:$I,$M$28,订单明细!$D:$D,日订单满足明细!Q$3,订单明细!$A:$A,日订单满足明细!$A38)/SUMIFS(订单明细!$J:$J,订单明细!$I:$I,$M$28,订单明细!$D:$D,日订单满足明细!Q$3,订单明细!$A:$A,日订单满足明细!$A38),"") | R38: =IFERROR(SUMIFS(订单明细!$K:$K,订单明细!$I:$I,$M$28,订单明细!$D:$D,日订单满足明细!R$3,订单明细!$A:$A,日订单满足明细!$A38)/SUMIFS(订单明细!$J:$J,订单明细!$I:$I,$M$28,订单明细!$D:$D,日订单满足明细!R$3,订单明细!$A:$A,日订单满足明细!$A38),"") | S38: =IFERROR(SUMIFS(订单明细!$K:$K,订单明细!$I:$I,$M$28,订单明细!$D:$D,日订单满足明细!S$3,订单明细!$A:$A,日订单满足明细!$A38)/SUMIFS(订单明细!$J:$J,订单明细!$I:$I,$M$28,订单明细!$D:$D,日订单满足明细!S$3,订单明细!$A:$A,日订单满足明细!$A38),"") | T38: =IFERROR(SUMIFS(订单明细!$K:$K,订单明细!$I:$I,$M$28,订单明细!$D:$D,日订单满足明细!T$3,订单明细!$A:$A,日订单满足明细!$A38)/SUMIFS(订单明细!$J:$J,订单明细!$I:$I,$M$28,订单明细!$D:$D,日订单满足明细!T$3,订单明细!$A:$A,日订单满足明细!$A38),"") | U38: =IFERROR(SUMIFS(订单明细!$K:$K,订单明细!$I:$I,$M$28,订单明细!$D:$D,日订单满足明细!U$3,订单明细!$A:$A,日订单满足明细!$A38)/SUMIFS(订单明细!$J:$J,订单明细!$I:$I,$M$28,订单明细!$D:$D,日订单满足明细!U$3,订单明细!$A:$A,日订单满足明细!$A38),"") | V38: =IFERROR(SUMIFS(订单明细!$K:$K,订单明细!$I:$I,$M$28,订单明细!$D:$D,日订单满足明细!V$3,订单明细!$A:$A,日订单满足明细!$A38)/SUMIFS(订单明细!$J:$J,订单明细!$I:$I,$M$28,订单明细!$D:$D,日订单满足明细!V$3,订单明细!$A:$A,日订单满足明细!$A38),"") | W38: =IFERROR(SUMIFS(订单明细!$K:$K,订单明细!$I:$I,$M$28,订单明细!$D:$D,日订单满足明细!W$3,订单明细!$A:$A,日订单满足明细!$A38)/SUMIFS(订单明细!$J:$J,订单明细!$I:$I,$M$28,订单明细!$D:$D,日订单满足明细!W$3,订单明细!$A:$A,日订单满足明细!$A38),"")
B39: =IFERROR(SUMIFS(订单明细!$K:$K,订单明细!$I:$I,日订单满足明细!$A$28,订单明细!$C:$C,日订单满足明细!$B$30,订单明细!$A:$A,日订单满足明细!$A39)/SUMIFS(订单明细!$J:$J,订单明细!$I:$I,日订单满足明细!$A$28,订单明细!$C:$C,日订单满足明细!$B$30,订单明细!$A:$A,日订单满足明细!$A39),"") | C39: =IFERROR(SUMIFS(订单明细!$K:$K,订单明细!$I:$I,日订单满足明细!$A$28,订单明细!$C:$C,日订单满足明细!$C$30,订单明细!$A:$A,日订单满足明细!$A39)/SUMIFS(订单明细!$J:$J,订单明细!$I:$I,日订单满足明细!$A$28,订单明细!$C:$C,日订单满足明细!$C$30,订单明细!$A:$A,日订单满足明细!$A39),"") | D39: =IFERROR(SUMIFS(订单明细!$K:$K,订单明细!$I:$I,$A$28,订单明细!$D:$D,日订单满足明细!D$3,订单明细!$A:$A,日订单满足明细!$A39)/SUMIFS(订单明细!$J:$J,订单明细!$I:$I,$A$28,订单明细!$D:$D,日订单满足明细!D$3,订单明细!$A:$A,日订单满足明细!$A39),"") | E39: =IFERROR(SUMIFS(订单明细!$K:$K,订单明细!$I:$I,$A$28,订单明细!$D:$D,日订单满足明细!E$3,订单明细!$A:$A,日订单满足明细!$A39)/SUMIFS(订单明细!$J:$J,订单明细!$I:$I,$A$28,订单明细!$D:$D,日订单满足明细!E$3,订单明细!$A:$A,日订单满足明细!$A39),"") | F39: =IFERROR(SUMIFS(订单明细!$K:$K,订单明细!$I:$I,$A$28,订单明细!$D:$D,日订单满足明细!F$3,订单明细!$A:$A,日订单满足明细!$A39)/SUMIFS(订单明细!$J:$J,订单明细!$I:$I,$A$28,订单明细!$D:$D,日订单满足明细!F$3,订单明细!$A:$A,日订单满足明细!$A39),"") | G39: =IFERROR(SUMIFS(订单明细!$K:$K,订单明细!$I:$I,$A$28,订单明细!$D:$D,日订单满足明细!G$3,订单明细!$A:$A,日订单满足明细!$A39)/SUMIFS(订单明细!$J:$J,订单明细!$I:$I,$A$28,订单明细!$D:$D,日订单满足明细!G$3,订单明细!$A:$A,日订单满足明细!$A39),"") | H39: =IFERROR(SUMIFS(订单明细!$K:$K,订单明细!$I:$I,$A$28,订单明细!$D:$D,日订单满足明细!H$3,订单明细!$A:$A,日订单满足明细!$A39)/SUMIFS(订单明细!$J:$J,订单明细!$I:$I,$A$28,订单明细!$D:$D,日订单满足明细!H$3,订单明细!$A:$A,日订单满足明细!$A39),"") | I39: =IFERROR(SUMIFS(订单明细!$K:$K,订单明细!$I:$I,$A$28,订单明细!$D:$D,日订单满足明细!I$3,订单明细!$A:$A,日订单满足明细!$A39)/SUMIFS(订单明细!$J:$J,订单明细!$I:$I,$A$28,订单明细!$D:$D,日订单满足明细!I$3,订单明细!$A:$A,日订单满足明细!$A39),"") | J39: =IFERROR(SUMIFS(订单明细!$K:$K,订单明细!$I:$I,$A$28,订单明细!$D:$D,日订单满足明细!J$3,订单明细!$A:$A,日订单满足明细!$A39)/SUMIFS(订单明细!$J:$J,订单明细!$I:$I,$A$28,订单明细!$D:$D,日订单满足明细!J$3,订单明细!$A:$A,日订单满足明细!$A39),"") | K39: =IFERROR(SUMIFS(订单明细!$K:$K,订单明细!$I:$I,$A$28,订单明细!$D:$D,日订单满足明细!K$3,订单明细!$A:$A,日订单满足明细!$A39)/SUMIFS(订单明细!$J:$J,订单明细!$I:$I,$A$28,订单明细!$D:$D,日订单满足明细!K$3,订单明细!$A:$A,日订单满足明细!$A39),"") | N39: =IFERROR(SUMIFS(订单明细!$K:$K,订单明细!$I:$I,日订单满足明细!$M$28,订单明细!$C:$C,日订单满足明细!$N$30,订单明细!$A:$A,日订单满足明细!$A39)/SUMIFS(订单明细!$J:$J,订单明细!$I:$I,日订单满足明细!$M$28,订单明细!$C:$C,日订单满足明细!$N$30,订单明细!$A:$A,日订单满足明细!$A39),"") | O39: =IFERROR(SUMIFS(订单明细!$K:$K,订单明细!$I:$I,日订单满足明细!$M$28,订单明细!$C:$C,日订单满足明细!$O$30,订单明细!$A:$A,日订单满足明细!$A39)/SUMIFS(订单明细!$J:$J,订单明细!$I:$I,日订单满足明细!$M$28,订单明细!$C:$C,日订单满足明细!$O$30,订单明细!$A:$A,日订单满足明细!$A39),"") | P39: =IFERROR(SUMIFS(订单明细!$K:$K,订单明细!$I:$I,$M$28,订单明细!$D:$D,日订单满足明细!P$3,订单明细!$A:$A,日订单满足明细!$A39)/SUMIFS(订单明细!$J:$J,订单明细!$I:$I,$M$28,订单明细!$D:$D,日订单满足明细!P$3,订单明细!$A:$A,日订单满足明细!$A39),"") | Q39: =IFERROR(SUMIFS(订单明细!$K:$K,订单明细!$I:$I,$M$28,订单明细!$D:$D,日订单满足明细!Q$3,订单明细!$A:$A,日订单满足明细!$A39)/SUMIFS(订单明细!$J:$J,订单明细!$I:$I,$M$28,订单明细!$D:$D,日订单满足明细!Q$3,订单明细!$A:$A,日订单满足明细!$A39),"") | R39: =IFERROR(SUMIFS(订单明细!$K:$K,订单明细!$I:$I,$M$28,订单明细!$D:$D,日订单满足明细!R$3,订单明细!$A:$A,日订单满足明细!$A39)/SUMIFS(订单明细!$J:$J,订单明细!$I:$I,$M$28,订单明细!$D:$D,日订单满足明细!R$3,订单明细!$A:$A,日订单满足明细!$A39),"") | S39: =IFERROR(SUMIFS(订单明细!$K:$K,订单明细!$I:$I,$M$28,订单明细!$D:$D,日订单满足明细!S$3,订单明细!$A:$A,日订单满足明细!$A39)/SUMIFS(订单明细!$J:$J,订单明细!$I:$I,$M$28,订单明细!$D:$D,日订单满足明细!S$3,订单明细!$A:$A,日订单满足明细!$A39),"") | T39: =IFERROR(SUMIFS(订单明细!$K:$K,订单明细!$I:$I,$M$28,订单明细!$D:$D,日订单满足明细!T$3,订单明细!$A:$A,日订单满足明细!$A39)/SUMIFS(订单明细!$J:$J,订单明细!$I:$I,$M$28,订单明细!$D:$D,日订单满足明细!T$3,订单明细!$A:$A,日订单满足明细!$A39),"") | U39: =IFERROR(SUMIFS(订单明细!$K:$K,订单明细!$I:$I,$M$28,订单明细!$D:$D,日订单满足明细!U$3,订单明细!$A:$A,日订单满足明细!$A39)/SUMIFS(订单明细!$J:$J,订单明细!$I:$I,$M$28,订单明细!$D:$D,日订单满足明细!U$3,订单明细!$A:$A,日订单满足明细!$A39),"") | V39: =IFERROR(SUMIFS(订单明细!$K:$K,订单明细!$I:$I,$M$28,订单明细!$D:$D,日订单满足明细!V$3,订单明细!$A:$A,日订单满足明细!$A39)/SUMIFS(订单明细!$J:$J,订单明细!$I:$I,$M$28,订单明细!$D:$D,日订单满足明细!V$3,订单明细!$A:$A,日订单满足明细!$A39),"") | W39: =IFERROR(SUMIFS(订单明细!$K:$K,订单明细!$I:$I,$M$28,订单明细!$D:$D,日订单满足明细!W$3,订单明细!$A:$A,日订单满足明细!$A39)/SUMIFS(订单明细!$J:$J,订单明细!$I:$I,$M$28,订单明细!$D:$D,日订单满足明细!W$3,订单明细!$A:$A,日订单满足明细!$A39),"")
B40: =IFERROR(SUMIFS(订单明细!$K:$K,订单明细!$I:$I,日订单满足明细!$A$28,订单明细!$C:$C,日订单满足明细!$B$30,订单明细!$A:$A,日订单满足明细!$A40)/SUMIFS(订单明细!$J:$J,订单明细!$I:$I,日订单满足明细!$A$28,订单明细!$C:$C,日订单满足明细!$B$30,订单明细!$A:$A,日订单满足明细!$A40),"") | C40: =IFERROR(SUMIFS(订单明细!$K:$K,订单明细!$I:$I,日订单满足明细!$A$28,订单明细!$C:$C,日订单满足明细!$C$30,订单明细!$A:$A,日订单满足明细!$A40)/SUMIFS(订单明细!$J:$J,订单明细!$I:$I,日订单满足明细!$A$28,订单明细!$C:$C,日订单满足明细!$C$30,订单明细!$A:$A,日订单满足明细!$A40),"") | D40: =IFERROR(SUMIFS(订单明细!$K:$K,订单明细!$I:$I,$A$28,订单明细!$D:$D,日订单满足明细!D$3,订单明细!$A:$A,日订单满足明细!$A40)/SUMIFS(订单明细!$J:$J,订单明细!$I:$I,$A$28,订单明细!$D:$D,日订单满足明细!D$3,订单明细!$A:$A,日订单满足明细!$A40),"") | E40: =IFERROR(SUMIFS(订单明细!$K:$K,订单明细!$I:$I,$A$28,订单明细!$D:$D,日订单满足明细!E$3,订单明细!$A:$A,日订单满足明细!$A40)/SUMIFS(订单明细!$J:$J,订单明细!$I:$I,$A$28,订单明细!$D:$D,日订单满足明细!E$3,订单明细!$A:$A,日订单满足明细!$A40),"") | F40: =IFERROR(SUMIFS(订单明细!$K:$K,订单明细!$I:$I,$A$28,订单明细!$D:$D,日订单满足明细!F$3,订单明细!$A:$A,日订单满足明细!$A40)/SUMIFS(订单明细!$J:$J,订单明细!$I:$I,$A$28,订单明细!$D:$D,日订单满足明细!F$3,订单明细!$A:$A,日订单满足明细!$A40),"") | G40: =IFERROR(SUMIFS(订单明细!$K:$K,订单明细!$I:$I,$A$28,订单明细!$D:$D,日订单满足明细!G$3,订单明细!$A:$A,日订单满足明细!$A40)/SUMIFS(订单明细!$J:$J,订单明细!$I:$I,$A$28,订单明细!$D:$D,日订单满足明细!G$3,订单明细!$A:$A,日订单满足明细!$A40),"") | H40: =IFERROR(SUMIFS(订单明细!$K:$K,订单明细!$I:$I,$A$28,订单明细!$D:$D,日订单满足明细!H$3,订单明细!$A:$A,日订单满足明细!$A40)/SUMIFS(订单明细!$J:$J,订单明细!$I:$I,$A$28,订单明细!$D:$D,日订单满足明细!H$3,订单明细!$A:$A,日订单满足明细!$A40),"") | I40: =IFERROR(SUMIFS(订单明细!$K:$K,订单明细!$I:$I,$A$28,订单明细!$D:$D,日订单满足明细!I$3,订单明细!$A:$A,日订单满足明细!$A40)/SUMIFS(订单明细!$J:$J,订单明细!$I:$I,$A$28,订单明细!$D:$D,日订单满足明细!I$3,订单明细!$A:$A,日订单满足明细!$A40),"") | J40: =IFERROR(SUMIFS(订单明细!$K:$K,订单明细!$I:$I,$A$28,订单明细!$D:$D,日订单满足明细!J$3,订单明细!$A:$A,日订单满足明细!$A40)/SUMIFS(订单明细!$J:$J,订单明细!$I:$I,$A$28,订单明细!$D:$D,日订单满足明细!J$3,订单明细!$A:$A,日订单满足明细!$A40),"") | K40: =IFERROR(SUMIFS(订单明细!$K:$K,订单明细!$I:$I,$A$28,订单明细!$D:$D,日订单满足明细!K$3,订单明细!$A:$A,日订单满足明细!$A40)/SUMIFS(订单明细!$J:$J,订单明细!$I:$I,$A$28,订单明细!$D:$D,日订单满足明细!K$3,订单明细!$A:$A,日订单满足明细!$A40),"") | N40: =IFERROR(SUMIFS(订单明细!$K:$K,订单明细!$I:$I,日订单满足明细!$M$28,订单明细!$C:$C,日订单满足明细!$N$30,订单明细!$A:$A,日订单满足明细!$A40)/SUMIFS(订单明细!$J:$J,订单明细!$I:$I,日订单满足明细!$M$28,订单明细!$C:$C,日订单满足明细!$N$30,订单明细!$A:$A,日订单满足明细!$A40),"") | O40: =IFERROR(SUMIFS(订单明细!$K:$K,订单明细!$I:$I,日订单满足明细!$M$28,订单明细!$C:$C,日订单满足明细!$O$30,订单明细!$A:$A,日订单满足明细!$A40)/SUMIFS(订单明细!$J:$J,订单明细!$I:$I,日订单满足明细!$M$28,订单明细!$C:$C,日订单满足明细!$O$30,订单明细!$A:$A,日订单满足明细!$A40),"") | P40: =IFERROR(SUMIFS(订单明细!$K:$K,订单明细!$I:$I,$M$28,订单明细!$D:$D,日订单满足明细!P$3,订单明细!$A:$A,日订单满足明细!$A40)/SUMIFS(订单明细!$J:$J,订单明细!$I:$I,$M$28,订单明细!$D:$D,日订单满足明细!P$3,订单明细!$A:$A,日订单满足明细!$A40),"") | Q40: =IFERROR(SUMIFS(订单明细!$K:$K,订单明细!$I:$I,$M$28,订单明细!$D:$D,日订单满足明细!Q$3,订单明细!$A:$A,日订单满足明细!$A40)/SUMIFS(订单明细!$J:$J,订单明细!$I:$I,$M$28,订单明细!$D:$D,日订单满足明细!Q$3,订单明细!$A:$A,日订单满足明细!$A40),"") | R40: =IFERROR(SUMIFS(订单明细!$K:$K,订单明细!$I:$I,$M$28,订单明细!$D:$D,日订单满足明细!R$3,订单明细!$A:$A,日订单满足明细!$A40)/SUMIFS(订单明细!$J:$J,订单明细!$I:$I,$M$28,订单明细!$D:$D,日订单满足明细!R$3,订单明细!$A:$A,日订单满足明细!$A40),"") | S40: =IFERROR(SUMIFS(订单明细!$K:$K,订单明细!$I:$I,$M$28,订单明细!$D:$D,日订单满足明细!S$3,订单明细!$A:$A,日订单满足明细!$A40)/SUMIFS(订单明细!$J:$J,订单明细!$I:$I,$M$28,订单明细!$D:$D,日订单满足明细!S$3,订单明细!$A:$A,日订单满足明细!$A40),"") | T40: =IFERROR(SUMIFS(订单明细!$K:$K,订单明细!$I:$I,$M$28,订单明细!$D:$D,日订单满足明细!T$3,订单明细!$A:$A,日订单满足明细!$A40)/SUMIFS(订单明细!$J:$J,订单明细!$I:$I,$M$28,订单明细!$D:$D,日订单满足明细!T$3,订单明细!$A:$A,日订单满足明细!$A40),"") | U40: =IFERROR(SUMIFS(订单明细!$K:$K,订单明细!$I:$I,$M$28,订单明细!$D:$D,日订单满足明细!U$3,订单明细!$A:$A,日订单满足明细!$A40)/SUMIFS(订单明细!$J:$J,订单明细!$I:$I,$M$28,订单明细!$D:$D,日订单满足明细!U$3,订单明细!$A:$A,日订单满足明细!$A40),"") | V40: =IFERROR(SUMIFS(订单明细!$K:$K,订单明细!$I:$I,$M$28,订单明细!$D:$D,日订单满足明细!V$3,订单明细!$A:$A,日订单满足明细!$A40)/SUMIFS(订单明细!$J:$J,订单明细!$I:$I,$M$28,订单明细!$D:$D,日订单满足明细!V$3,订单明细!$A:$A,日订单满足明细!$A40),"") | W40: =IFERROR(SUMIFS(订单明细!$K:$K,订单明细!$I:$I,$M$28,订单明细!$D:$D,日订单满足明细!W$3,订单明细!$A:$A,日订单满足明细!$A40)/SUMIFS(订单明细!$J:$J,订单明细!$I:$I,$M$28,订单明细!$D:$D,日订单满足明细!W$3,订单明细!$A:$A,日订单满足明细!$A40),"")
B41: =IFERROR(SUMIFS(订单明细!$K:$K,订单明细!$I:$I,日订单满足明细!$A$28,订单明细!$C:$C,日订单满足明细!$B$30,订单明细!$A:$A,日订单满足明细!$A41)/SUMIFS(订单明细!$J:$J,订单明细!$I:$I,日订单满足明细!$A$28,订单明细!$C:$C,日订单满足明细!$B$30,订单明细!$A:$A,日订单满足明细!$A41),"") | C41: =IFERROR(SUMIFS(订单明细!$K:$K,订单明细!$I:$I,日订单满足明细!$A$28,订单明细!$C:$C,日订单满足明细!$C$30,订单明细!$A:$A,日订单满足明细!$A41)/SUMIFS(订单明细!$J:$J,订单明细!$I:$I,日订单满足明细!$A$28,订单明细!$C:$C,日订单满足明细!$C$30,订单明细!$A:$A,日订单满足明细!$A41),"") | D41: =IFERROR(SUMIFS(订单明细!$K:$K,订单明细!$I:$I,$A$28,订单明细!$D:$D,日订单满足明细!D$3,订单明细!$A:$A,日订单满足明细!$A41)/SUMIFS(订单明细!$J:$J,订单明细!$I:$I,$A$28,订单明细!$D:$D,日订单满足明细!D$3,订单明细!$A:$A,日订单满足明细!$A41),"") | E41: =IFERROR(SUMIFS(订单明细!$K:$K,订单明细!$I:$I,$A$28,订单明细!$D:$D,日订单满足明细!E$3,订单明细!$A:$A,日订单满足明细!$A41)/SUMIFS(订单明细!$J:$J,订单明细!$I:$I,$A$28,订单明细!$D:$D,日订单满足明细!E$3,订单明细!$A:$A,日订单满足明细!$A41),"") | F41: =IFERROR(SUMIFS(订单明细!$K:$K,订单明细!$I:$I,$A$28,订单明细!$D:$D,日订单满足明细!F$3,订单明细!$A:$A,日订单满足明细!$A41)/SUMIFS(订单明细!$J:$J,订单明细!$I:$I,$A$28,订单明细!$D:$D,日订单满足明细!F$3,订单明细!$A:$A,日订单满足明细!$A41),"") | G41: =IFERROR(SUMIFS(订单明细!$K:$K,订单明细!$I:$I,$A$28,订单明细!$D:$D,日订单满足明细!G$3,订单明细!$A:$A,日订单满足明细!$A41)/SUMIFS(订单明细!$J:$J,订单明细!$I:$I,$A$28,订单明细!$D:$D,日订单满足明细!G$3,订单明细!$A:$A,日订单满足明细!$A41),"") | H41: =IFERROR(SUMIFS(订单明细!$K:$K,订单明细!$I:$I,$A$28,订单明细!$D:$D,日订单满足明细!H$3,订单明细!$A:$A,日订单满足明细!$A41)/SUMIFS(订单明细!$J:$J,订单明细!$I:$I,$A$28,订单明细!$D:$D,日订单满足明细!H$3,订单明细!$A:$A,日订单满足明细!$A41),"") | I41: =IFERROR(SUMIFS(订单明细!$K:$K,订单明细!$I:$I,$A$28,订单明细!$D:$D,日订单满足明细!I$3,订单明细!$A:$A,日订单满足明细!$A41)/SUMIFS(订单明细!$J:$J,订单明细!$I:$I,$A$28,订单明细!$D:$D,日订单满足明细!I$3,订单明细!$A:$A,日订单满足明细!$A41),"") | J41: =IFERROR(SUMIFS(订单明细!$K:$K,订单明细!$I:$I,$A$28,订单明细!$D:$D,日订单满足明细!J$3,订单明细!$A:$A,日订单满足明细!$A41)/SUMIFS(订单明细!$J:$J,订单明细!$I:$I,$A$28,订单明细!$D:$D,日订单满足明细!J$3,订单明细!$A:$A,日订单满足明细!$A41),"") | K41: =IFERROR(SUMIFS(订单明细!$K:$K,订单明细!$I:$I,$A$28,订单明细!$D:$D,日订单满足明细!K$3,订单明细!$A:$A,日订单满足明细!$A41)/SUMIFS(订单明细!$J:$J,订单明细!$I:$I,$A$28,订单明细!$D:$D,日订单满足明细!K$3,订单明细!$A:$A,日订单满足明细!$A41),"") | N41: =IFERROR(SUMIFS(订单明细!$K:$K,订单明细!$I:$I,日订单满足明细!$M$28,订单明细!$C:$C,日订单满足明细!$N$30,订单明细!$A:$A,日订单满足明细!$A41)/SUMIFS(订单明细!$J:$J,订单明细!$I:$I,日订单满足明细!$M$28,订单明细!$C:$C,日订单满足明细!$N$30,订单明细!$A:$A,日订单满足明细!$A41),"") | O41: =IFERROR(SUMIFS(订单明细!$K:$K,订单明细!$I:$I,日订单满足明细!$M$28,订单明细!$C:$C,日订单满足明细!$O$30,订单明细!$A:$A,日订单满足明细!$A41)/SUMIFS(订单明细!$J:$J,订单明细!$I:$I,日订单满足明细!$M$28,订单明细!$C:$C,日订单满足明细!$O$30,订单明细!$A:$A,日订单满足明细!$A41),"") | P41: =IFERROR(SUMIFS(订单明细!$K:$K,订单明细!$I:$I,$M$28,订单明细!$D:$D,日订单满足明细!P$3,订单明细!$A:$A,日订单满足明细!$A41)/SUMIFS(订单明细!$J:$J,订单明细!$I:$I,$M$28,订单明细!$D:$D,日订单满足明细!P$3,订单明细!$A:$A,日订单满足明细!$A41),"") | Q41: =IFERROR(SUMIFS(订单明细!$K:$K,订单明细!$I:$I,$M$28,订单明细!$D:$D,日订单满足明细!Q$3,订单明细!$A:$A,日订单满足明细!$A41)/SUMIFS(订单明细!$J:$J,订单明细!$I:$I,$M$28,订单明细!$D:$D,日订单满足明细!Q$3,订单明细!$A:$A,日订单满足明细!$A41),"") | R41: =IFERROR(SUMIFS(订单明细!$K:$K,订单明细!$I:$I,$M$28,订单明细!$D:$D,日订单满足明细!R$3,订单明细!$A:$A,日订单满足明细!$A41)/SUMIFS(订单明细!$J:$J,订单明细!$I:$I,$M$28,订单明细!$D:$D,日订单满足明细!R$3,订单明细!$A:$A,日订单满足明细!$A41),"") | S41: =IFERROR(SUMIFS(订单明细!$K:$K,订单明细!$I:$I,$M$28,订单明细!$D:$D,日订单满足明细!S$3,订单明细!$A:$A,日订单满足明细!$A41)/SUMIFS(订单明细!$J:$J,订单明细!$I:$I,$M$28,订单明细!$D:$D,日订单满足明细!S$3,订单明细!$A:$A,日订单满足明细!$A41),"") | T41: =IFERROR(SUMIFS(订单明细!$K:$K,订单明细!$I:$I,$M$28,订单明细!$D:$D,日订单满足明细!T$3,订单明细!$A:$A,日订单满足明细!$A41)/SUMIFS(订单明细!$J:$J,订单明细!$I:$I,$M$28,订单明细!$D:$D,日订单满足明细!T$3,订单明细!$A:$A,日订单满足明细!$A41),"") | U41: =IFERROR(SUMIFS(订单明细!$K:$K,订单明细!$I:$I,$M$28,订单明细!$D:$D,日订单满足明细!U$3,订单明细!$A:$A,日订单满足明细!$A41)/SUMIFS(订单明细!$J:$J,订单明细!$I:$I,$M$28,订单明细!$D:$D,日订单满足明细!U$3,订单明细!$A:$A,日订单满足明细!$A41),"") | V41: =IFERROR(SUMIFS(订单明细!$K:$K,订单明细!$I:$I,$M$28,订单明细!$D:$D,日订单满足明细!V$3,订单明细!$A:$A,日订单满足明细!$A41)/SUMIFS(订单明细!$J:$J,订单明细!$I:$I,$M$28,订单明细!$D:$D,日订单满足明细!V$3,订单明细!$A:$A,日订单满足明细!$A41),"") | W41: =IFERROR(SUMIFS(订单明细!$K:$K,订单明细!$I:$I,$M$28,订单明细!$D:$D,日订单满足明细!W$3,订单明细!$A:$A,日订单满足明细!$A41)/SUMIFS(订单明细!$J:$J,订单明细!$I:$I,$M$28,订单明细!$D:$D,日订单满足明细!W$3,订单明细!$A:$A,日订单满足明细!$A41),"")
B42: =IFERROR(SUMIFS(订单明细!$K:$K,订单明细!$I:$I,日订单满足明细!$A$28,订单明细!$C:$C,日订单满足明细!$B$30,订单明细!$A:$A,日订单满足明细!$A42)/SUMIFS(订单明细!$J:$J,订单明细!$I:$I,日订单满足明细!$A$28,订单明细!$C:$C,日订单满足明细!$B$30,订单明细!$A:$A,日订单满足明细!$A42),"") | C42: =IFERROR(SUMIFS(订单明细!$K:$K,订单明细!$I:$I,日订单满足明细!$A$28,订单明细!$C:$C,日订单满足明细!$C$30,订单明细!$A:$A,日订单满足明细!$A42)/SUMIFS(订单明细!$J:$J,订单明细!$I:$I,日订单满足明细!$A$28,订单明细!$C:$C,日订单满足明细!$C$30,订单明细!$A:$A,日订单满足明细!$A42),"") | D42: =IFERROR(SUMIFS(订单明细!$K:$K,订单明细!$I:$I,$A$28,订单明细!$D:$D,日订单满足明细!D$3,订单明细!$A:$A,日订单满足明细!$A42)/SUMIFS(订单明细!$J:$J,订单明细!$I:$I,$A$28,订单明细!$D:$D,日订单满足明细!D$3,订单明细!$A:$A,日订单满足明细!$A42),"") | E42: =IFERROR(SUMIFS(订单明细!$K:$K,订单明细!$I:$I,$A$28,订单明细!$D:$D,日订单满足明细!E$3,订单明细!$A:$A,日订单满足明细!$A42)/SUMIFS(订单明细!$J:$J,订单明细!$I:$I,$A$28,订单明细!$D:$D,日订单满足明细!E$3,订单明细!$A:$A,日订单满足明细!$A42),"") | F42: =IFERROR(SUMIFS(订单明细!$K:$K,订单明细!$I:$I,$A$28,订单明细!$D:$D,日订单满足明细!F$3,订单明细!$A:$A,日订单满足明细!$A42)/SUMIFS(订单明细!$J:$J,订单明细!$I:$I,$A$28,订单明细!$D:$D,日订单满足明细!F$3,订单明细!$A:$A,日订单满足明细!$A42),"") | G42: =IFERROR(SUMIFS(订单明细!$K:$K,订单明细!$I:$I,$A$28,订单明细!$D:$D,日订单满足明细!G$3,订单明细!$A:$A,日订单满足明细!$A42)/SUMIFS(订单明细!$J:$J,订单明细!$I:$I,$A$28,订单明细!$D:$D,日订单满足明细!G$3,订单明细!$A:$A,日订单满足明细!$A42),"") | H42: =IFERROR(SUMIFS(订单明细!$K:$K,订单明细!$I:$I,$A$28,订单明细!$D:$D,日订单满足明细!H$3,订单明细!$A:$A,日订单满足明细!$A42)/SUMIFS(订单明细!$J:$J,订单明细!$I:$I,$A$28,订单明细!$D:$D,日订单满足明细!H$3,订单明细!$A:$A,日订单满足明细!$A42),"") | I42: =IFERROR(SUMIFS(订单明细!$K:$K,订单明细!$I:$I,$A$28,订单明细!$D:$D,日订单满足明细!I$3,订单明细!$A:$A,日订单满足明细!$A42)/SUMIFS(订单明细!$J:$J,订单明细!$I:$I,$A$28,订单明细!$D:$D,日订单满足明细!I$3,订单明细!$A:$A,日订单满足明细!$A42),"") | J42: =IFERROR(SUMIFS(订单明细!$K:$K,订单明细!$I:$I,$A$28,订单明细!$D:$D,日订单满足明细!J$3,订单明细!$A:$A,日订单满足明细!$A42)/SUMIFS(订单明细!$J:$J,订单明细!$I:$I,$A$28,订单明细!$D:$D,日订单满足明细!J$3,订单明细!$A:$A,日订单满足明细!$A42),"") | K42: =IFERROR(SUMIFS(订单明细!$K:$K,订单明细!$I:$I,$A$28,订单明细!$D:$D,日订单满足明细!K$3,订单明细!$A:$A,日订单满足明细!$A42)/SUMIFS(订单明细!$J:$J,订单明细!$I:$I,$A$28,订单明细!$D:$D,日订单满足明细!K$3,订单明细!$A:$A,日订单满足明细!$A42),"") | N42: =IFERROR(SUMIFS(订单明细!$K:$K,订单明细!$I:$I,日订单满足明细!$M$28,订单明细!$C:$C,日订单满足明细!$N$30,订单明细!$A:$A,日订单满足明细!$A42)/SUMIFS(订单明细!$J:$J,订单明细!$I:$I,日订单满足明细!$M$28,订单明细!$C:$C,日订单满足明细!$N$30,订单明细!$A:$A,日订单满足明细!$A42),"") | O42: =IFERROR(SUMIFS(订单明细!$K:$K,订单明细!$I:$I,日订单满足明细!$M$28,订单明细!$C:$C,日订单满足明细!$O$30,订单明细!$A:$A,日订单满足明细!$A42)/SUMIFS(订单明细!$J:$J,订单明细!$I:$I,日订单满足明细!$M$28,订单明细!$C:$C,日订单满足明细!$O$30,订单明细!$A:$A,日订单满足明细!$A42),"") | P42: =IFERROR(SUMIFS(订单明细!$K:$K,订单明细!$I:$I,$M$28,订单明细!$D:$D,日订单满足明细!P$3,订单明细!$A:$A,日订单满足明细!$A42)/SUMIFS(订单明细!$J:$J,订单明细!$I:$I,$M$28,订单明细!$D:$D,日订单满足明细!P$3,订单明细!$A:$A,日订单满足明细!$A42),"") | Q42: =IFERROR(SUMIFS(订单明细!$K:$K,订单明细!$I:$I,$M$28,订单明细!$D:$D,日订单满足明细!Q$3,订单明细!$A:$A,日订单满足明细!$A42)/SUMIFS(订单明细!$J:$J,订单明细!$I:$I,$M$28,订单明细!$D:$D,日订单满足明细!Q$3,订单明细!$A:$A,日订单满足明细!$A42),"") | R42: =IFERROR(SUMIFS(订单明细!$K:$K,订单明细!$I:$I,$M$28,订单明细!$D:$D,日订单满足明细!R$3,订单明细!$A:$A,日订单满足明细!$A42)/SUMIFS(订单明细!$J:$J,订单明细!$I:$I,$M$28,订单明细!$D:$D,日订单满足明细!R$3,订单明细!$A:$A,日订单满足明细!$A42),"") | S42: =IFERROR(SUMIFS(订单明细!$K:$K,订单明细!$I:$I,$M$28,订单明细!$D:$D,日订单满足明细!S$3,订单明细!$A:$A,日订单满足明细!$A42)/SUMIFS(订单明细!$J:$J,订单明细!$I:$I,$M$28,订单明细!$D:$D,日订单满足明细!S$3,订单明细!$A:$A,日订单满足明细!$A42),"") | T42: =IFERROR(SUMIFS(订单明细!$K:$K,订单明细!$I:$I,$M$28,订单明细!$D:$D,日订单满足明细!T$3,订单明细!$A:$A,日订单满足明细!$A42)/SUMIFS(订单明细!$J:$J,订单明细!$I:$I,$M$28,订单明细!$D:$D,日订单满足明细!T$3,订单明细!$A:$A,日订单满足明细!$A42),"") | U42: =IFERROR(SUMIFS(订单明细!$K:$K,订单明细!$I:$I,$M$28,订单明细!$D:$D,日订单满足明细!U$3,订单明细!$A:$A,日订单满足明细!$A42)/SUMIFS(订单明细!$J:$J,订单明细!$I:$I,$M$28,订单明细!$D:$D,日订单满足明细!U$3,订单明细!$A:$A,日订单满足明细!$A42),"") | V42: =IFERROR(SUMIFS(订单明细!$K:$K,订单明细!$I:$I,$M$28,订单明细!$D:$D,日订单满足明细!V$3,订单明细!$A:$A,日订单满足明细!$A42)/SUMIFS(订单明细!$J:$J,订单明细!$I:$I,$M$28,订单明细!$D:$D,日订单满足明细!V$3,订单明细!$A:$A,日订单满足明细!$A42),"") | W42: =IFERROR(SUMIFS(订单明细!$K:$K,订单明细!$I:$I,$M$28,订单明细!$D:$D,日订单满足明细!W$3,订单明细!$A:$A,日订单满足明细!$A42)/SUMIFS(订单明细!$J:$J,订单明细!$I:$I,$M$28,订单明细!$D:$D,日订单满足明细!W$3,订单明细!$A:$A,日订单满足明细!$A42),"")
B43: =IFERROR(SUMIFS(订单明细!$K:$K,订单明细!$I:$I,日订单满足明细!$A$28,订单明细!$C:$C,日订单满足明细!$B$30,订单明细!$A:$A,日订单满足明细!$A43)/SUMIFS(订单明细!$J:$J,订单明细!$I:$I,日订单满足明细!$A$28,订单明细!$C:$C,日订单满足明细!$B$30,订单明细!$A:$A,日订单满足明细!$A43),"") | C43: =IFERROR(SUMIFS(订单明细!$K:$K,订单明细!$I:$I,日订单满足明细!$A$28,订单明细!$C:$C,日订单满足明细!$C$30,订单明细!$A:$A,日订单满足明细!$A43)/SUMIFS(订单明细!$J:$J,订单明细!$I:$I,日订单满足明细!$A$28,订单明细!$C:$C,日订单满足明细!$C$30,订单明细!$A:$A,日订单满足明细!$A43),"") | D43: =IFERROR(SUMIFS(订单明细!$K:$K,订单明细!$I:$I,$A$28,订单明细!$D:$D,日订单满足明细!D$3,订单明细!$A:$A,日订单满足明细!$A43)/SUMIFS(订单明细!$J:$J,订单明细!$I:$I,$A$28,订单明细!$D:$D,日订单满足明细!D$3,订单明细!$A:$A,日订单满足明细!$A43),"") | E43: =IFERROR(SUMIFS(订单明细!$K:$K,订单明细!$I:$I,$A$28,订单明细!$D:$D,日订单满足明细!E$3,订单明细!$A:$A,日订单满足明细!$A43)/SUMIFS(订单明细!$J:$J,订单明细!$I:$I,$A$28,订单明细!$D:$D,日订单满足明细!E$3,订单明细!$A:$A,日订单满足明细!$A43),"") | F43: =IFERROR(SUMIFS(订单明细!$K:$K,订单明细!$I:$I,$A$28,订单明细!$D:$D,日订单满足明细!F$3,订单明细!$A:$A,日订单满足明细!$A43)/SUMIFS(订单明细!$J:$J,订单明细!$I:$I,$A$28,订单明细!$D:$D,日订单满足明细!F$3,订单明细!$A:$A,日订单满足明细!$A43),"") | G43: =IFERROR(SUMIFS(订单明细!$K:$K,订单明细!$I:$I,$A$28,订单明细!$D:$D,日订单满足明细!G$3,订单明细!$A:$A,日订单满足明细!$A43)/SUMIFS(订单明细!$J:$J,订单明细!$I:$I,$A$28,订单明细!$D:$D,日订单满足明细!G$3,订单明细!$A:$A,日订单满足明细!$A43),"") | H43: =IFERROR(SUMIFS(订单明细!$K:$K,订单明细!$I:$I,$A$28,订单明细!$D:$D,日订单满足明细!H$3,订单明细!$A:$A,日订单满足明细!$A43)/SUMIFS(订单明细!$J:$J,订单明细!$I:$I,$A$28,订单明细!$D:$D,日订单满足明细!H$3,订单明细!$A:$A,日订单满足明细!$A43),"") | I43: =IFERROR(SUMIFS(订单明细!$K:$K,订单明细!$I:$I,$A$28,订单明细!$D:$D,日订单满足明细!I$3,订单明细!$A:$A,日订单满足明细!$A43)/SUMIFS(订单明细!$J:$J,订单明细!$I:$I,$A$28,订单明细!$D:$D,日订单满足明细!I$3,订单明细!$A:$A,日订单满足明细!$A43),"") | J43: =IFERROR(SUMIFS(订单明细!$K:$K,订单明细!$I:$I,$A$28,订单明细!$D:$D,日订单满足明细!J$3,订单明细!$A:$A,日订单满足明细!$A43)/SUMIFS(订单明细!$J:$J,订单明细!$I:$I,$A$28,订单明细!$D:$D,日订单满足明细!J$3,订单明细!$A:$A,日订单满足明细!$A43),"") | K43: =IFERROR(SUMIFS(订单明细!$K:$K,订单明细!$I:$I,$A$28,订单明细!$D:$D,日订单满足明细!K$3,订单明细!$A:$A,日订单满足明细!$A43)/SUMIFS(订单明细!$J:$J,订单明细!$I:$I,$A$28,订单明细!$D:$D,日订单满足明细!K$3,订单明细!$A:$A,日订单满足明细!$A43),"") | N43: =IFERROR(SUMIFS(订单明细!$K:$K,订单明细!$I:$I,日订单满足明细!$M$28,订单明细!$C:$C,日订单满足明细!$N$30,订单明细!$A:$A,日订单满足明细!$A43)/SUMIFS(订单明细!$J:$J,订单明细!$I:$I,日订单满足明细!$M$28,订单明细!$C:$C,日订单满足明细!$N$30,订单明细!$A:$A,日订单满足明细!$A43),"") | O43: =IFERROR(SUMIFS(订单明细!$K:$K,订单明细!$I:$I,日订单满足明细!$M$28,订单明细!$C:$C,日订单满足明细!$O$30,订单明细!$A:$A,日订单满足明细!$A43)/SUMIFS(订单明细!$J:$J,订单明细!$I:$I,日订单满足明细!$M$28,订单明细!$C:$C,日订单满足明细!$O$30,订单明细!$A:$A,日订单满足明细!$A43),"") | P43: =IFERROR(SUMIFS(订单明细!$K:$K,订单明细!$I:$I,$M$28,订单明细!$D:$D,日订单满足明细!P$3,订单明细!$A:$A,日订单满足明细!$A43)/SUMIFS(订单明细!$J:$J,订单明细!$I:$I,$M$28,订单明细!$D:$D,日订单满足明细!P$3,订单明细!$A:$A,日订单满足明细!$A43),"") | Q43: =IFERROR(SUMIFS(订单明细!$K:$K,订单明细!$I:$I,$M$28,订单明细!$D:$D,日订单满足明细!Q$3,订单明细!$A:$A,日订单满足明细!$A43)/SUMIFS(订单明细!$J:$J,订单明细!$I:$I,$M$28,订单明细!$D:$D,日订单满足明细!Q$3,订单明细!$A:$A,日订单满足明细!$A43),"") | R43: =IFERROR(SUMIFS(订单明细!$K:$K,订单明细!$I:$I,$M$28,订单明细!$D:$D,日订单满足明细!R$3,订单明细!$A:$A,日订单满足明细!$A43)/SUMIFS(订单明细!$J:$J,订单明细!$I:$I,$M$28,订单明细!$D:$D,日订单满足明细!R$3,订单明细!$A:$A,日订单满足明细!$A43),"") | S43: =IFERROR(SUMIFS(订单明细!$K:$K,订单明细!$I:$I,$M$28,订单明细!$D:$D,日订单满足明细!S$3,订单明细!$A:$A,日订单满足明细!$A43)/SUMIFS(订单明细!$J:$J,订单明细!$I:$I,$M$28,订单明细!$D:$D,日订单满足明细!S$3,订单明细!$A:$A,日订单满足明细!$A43),"") | T43: =IFERROR(SUMIFS(订单明细!$K:$K,订单明细!$I:$I,$M$28,订单明细!$D:$D,日订单满足明细!T$3,订单明细!$A:$A,日订单满足明细!$A43)/SUMIFS(订单明细!$J:$J,订单明细!$I:$I,$M$28,订单明细!$D:$D,日订单满足明细!T$3,订单明细!$A:$A,日订单满足明细!$A43),"") | U43: =IFERROR(SUMIFS(订单明细!$K:$K,订单明细!$I:$I,$M$28,订单明细!$D:$D,日订单满足明细!U$3,订单明细!$A:$A,日订单满足明细!$A43)/SUMIFS(订单明细!$J:$J,订单明细!$I:$I,$M$28,订单明细!$D:$D,日订单满足明细!U$3,订单明细!$A:$A,日订单满足明细!$A43),"") | V43: =IFERROR(SUMIFS(订单明细!$K:$K,订单明细!$I:$I,$M$28,订单明细!$D:$D,日订单满足明细!V$3,订单明细!$A:$A,日订单满足明细!$A43)/SUMIFS(订单明细!$J:$J,订单明细!$I:$I,$M$28,订单明细!$D:$D,日订单满足明细!V$3,订单明细!$A:$A,日订单满足明细!$A43),"") | W43: =IFERROR(SUMIFS(订单明细!$K:$K,订单明细!$I:$I,$M$28,订单明细!$D:$D,日订单满足明细!W$3,订单明细!$A:$A,日订单满足明细!$A43)/SUMIFS(订单明细!$J:$J,订单明细!$I:$I,$M$28,订单明细!$D:$D,日订单满足明细!W$3,订单明细!$A:$A,日订单满足明细!$A43),"")
B44: =IFERROR(SUMIFS(订单明细!$K:$K,订单明细!$I:$I,日订单满足明细!$A$28,订单明细!$C:$C,日订单满足明细!$B$30,订单明细!$A:$A,日订单满足明细!$A44)/SUMIFS(订单明细!$J:$J,订单明细!$I:$I,日订单满足明细!$A$28,订单明细!$C:$C,日订单满足明细!$B$30,订单明细!$A:$A,日订单满足明细!$A44),"") | C44: =IFERROR(SUMIFS(订单明细!$K:$K,订单明细!$I:$I,日订单满足明细!$A$28,订单明细!$C:$C,日订单满足明细!$C$30,订单明细!$A:$A,日订单满足明细!$A44)/SUMIFS(订单明细!$J:$J,订单明细!$I:$I,日订单满足明细!$A$28,订单明细!$C:$C,日订单满足明细!$C$30,订单明细!$A:$A,日订单满足明细!$A44),"") | D44: =IFERROR(SUMIFS(订单明细!$K:$K,订单明细!$I:$I,$A$28,订单明细!$D:$D,日订单满足明细!D$3,订单明细!$A:$A,日订单满足明细!$A44)/SUMIFS(订单明细!$J:$J,订单明细!$I:$I,$A$28,订单明细!$D:$D,日订单满足明细!D$3,订单明细!$A:$A,日订单满足明细!$A44),"") | E44: =IFERROR(SUMIFS(订单明细!$K:$K,订单明细!$I:$I,$A$28,订单明细!$D:$D,日订单满足明细!E$3,订单明细!$A:$A,日订单满足明细!$A44)/SUMIFS(订单明细!$J:$J,订单明细!$I:$I,$A$28,订单明细!$D:$D,日订单满足明细!E$3,订单明细!$A:$A,日订单满足明细!$A44),"") | F44: =IFERROR(SUMIFS(订单明细!$K:$K,订单明细!$I:$I,$A$28,订单明细!$D:$D,日订单满足明细!F$3,订单明细!$A:$A,日订单满足明细!$A44)/SUMIFS(订单明细!$J:$J,订单明细!$I:$I,$A$28,订单明细!$D:$D,日订单满足明细!F$3,订单明细!$A:$A,日订单满足明细!$A44),"") | G44: =IFERROR(SUMIFS(订单明细!$K:$K,订单明细!$I:$I,$A$28,订单明细!$D:$D,日订单满足明细!G$3,订单明细!$A:$A,日订单满足明细!$A44)/SUMIFS(订单明细!$J:$J,订单明细!$I:$I,$A$28,订单明细!$D:$D,日订单满足明细!G$3,订单明细!$A:$A,日订单满足明细!$A44),"") | H44: =IFERROR(SUMIFS(订单明细!$K:$K,订单明细!$I:$I,$A$28,订单明细!$D:$D,日订单满足明细!H$3,订单明细!$A:$A,日订单满足明细!$A44)/SUMIFS(订单明细!$J:$J,订单明细!$I:$I,$A$28,订单明细!$D:$D,日订单满足明细!H$3,订单明细!$A:$A,日订单满足明细!$A44),"") | I44: =IFERROR(SUMIFS(订单明细!$K:$K,订单明细!$I:$I,$A$28,订单明细!$D:$D,日订单满足明细!I$3,订单明细!$A:$A,日订单满足明细!$A44)/SUMIFS(订单明细!$J:$J,订单明细!$I:$I,$A$28,订单明细!$D:$D,日订单满足明细!I$3,订单明细!$A:$A,日订单满足明细!$A44),"") | J44: =IFERROR(SUMIFS(订单明细!$K:$K,订单明细!$I:$I,$A$28,订单明细!$D:$D,日订单满足明细!J$3,订单明细!$A:$A,日订单满足明细!$A44)/SUMIFS(订单明细!$J:$J,订单明细!$I:$I,$A$28,订单明细!$D:$D,日订单满足明细!J$3,订单明细!$A:$A,日订单满足明细!$A44),"") | K44: =IFERROR(SUMIFS(订单明细!$K:$K,订单明细!$I:$I,$A$28,订单明细!$D:$D,日订单满足明细!K$3,订单明细!$A:$A,日订单满足明细!$A44)/SUMIFS(订单明细!$J:$J,订单明细!$I:$I,$A$28,订单明细!$D:$D,日订单满足明细!K$3,订单明细!$A:$A,日订单满足明细!$A44),"") | N44: =IFERROR(SUMIFS(订单明细!$K:$K,订单明细!$I:$I,日订单满足明细!$M$28,订单明细!$C:$C,日订单满足明细!$N$30,订单明细!$A:$A,日订单满足明细!$A44)/SUMIFS(订单明细!$J:$J,订单明细!$I:$I,日订单满足明细!$M$28,订单明细!$C:$C,日订单满足明细!$N$30,订单明细!$A:$A,日订单满足明细!$A44),"") | O44: =IFERROR(SUMIFS(订单明细!$K:$K,订单明细!$I:$I,日订单满足明细!$M$28,订单明细!$C:$C,日订单满足明细!$O$30,订单明细!$A:$A,日订单满足明细!$A44)/SUMIFS(订单明细!$J:$J,订单明细!$I:$I,日订单满足明细!$M$28,订单明细!$C:$C,日订单满足明细!$O$30,订单明细!$A:$A,日订单满足明细!$A44),"") | P44: =IFERROR(SUMIFS(订单明细!$K:$K,订单明细!$I:$I,$M$28,订单明细!$D:$D,日订单满足明细!P$3,订单明细!$A:$A,日订单满足明细!$A44)/SUMIFS(订单明细!$J:$J,订单明细!$I:$I,$M$28,订单明细!$D:$D,日订单满足明细!P$3,订单明细!$A:$A,日订单满足明细!$A44),"") | Q44: =IFERROR(SUMIFS(订单明细!$K:$K,订单明细!$I:$I,$M$28,订单明细!$D:$D,日订单满足明细!Q$3,订单明细!$A:$A,日订单满足明细!$A44)/SUMIFS(订单明细!$J:$J,订单明细!$I:$I,$M$28,订单明细!$D:$D,日订单满足明细!Q$3,订单明细!$A:$A,日订单满足明细!$A44),"") | R44: =IFERROR(SUMIFS(订单明细!$K:$K,订单明细!$I:$I,$M$28,订单明细!$D:$D,日订单满足明细!R$3,订单明细!$A:$A,日订单满足明细!$A44)/SUMIFS(订单明细!$J:$J,订单明细!$I:$I,$M$28,订单明细!$D:$D,日订单满足明细!R$3,订单明细!$A:$A,日订单满足明细!$A44),"") | S44: =IFERROR(SUMIFS(订单明细!$K:$K,订单明细!$I:$I,$M$28,订单明细!$D:$D,日订单满足明细!S$3,订单明细!$A:$A,日订单满足明细!$A44)/SUMIFS(订单明细!$J:$J,订单明细!$I:$I,$M$28,订单明细!$D:$D,日订单满足明细!S$3,订单明细!$A:$A,日订单满足明细!$A44),"") | T44: =IFERROR(SUMIFS(订单明细!$K:$K,订单明细!$I:$I,$M$28,订单明细!$D:$D,日订单满足明细!T$3,订单明细!$A:$A,日订单满足明细!$A44)/SUMIFS(订单明细!$J:$J,订单明细!$I:$I,$M$28,订单明细!$D:$D,日订单满足明细!T$3,订单明细!$A:$A,日订单满足明细!$A44),"") | U44: =IFERROR(SUMIFS(订单明细!$K:$K,订单明细!$I:$I,$M$28,订单明细!$D:$D,日订单满足明细!U$3,订单明细!$A:$A,日订单满足明细!$A44)/SUMIFS(订单明细!$J:$J,订单明细!$I:$I,$M$28,订单明细!$D:$D,日订单满足明细!U$3,订单明细!$A:$A,日订单满足明细!$A44),"") | V44: =IFERROR(SUMIFS(订单明细!$K:$K,订单明细!$I:$I,$M$28,订单明细!$D:$D,日订单满足明细!V$3,订单明细!$A:$A,日订单满足明细!$A44)/SUMIFS(订单明细!$J:$J,订单明细!$I:$I,$M$28,订单明细!$D:$D,日订单满足明细!V$3,订单明细!$A:$A,日订单满足明细!$A44),"") | W44: =IFERROR(SUMIFS(订单明细!$K:$K,订单明细!$I:$I,$M$28,订单明细!$D:$D,日订单满足明细!W$3,订单明细!$A:$A,日订单满足明细!$A44)/SUMIFS(订单明细!$J:$J,订单明细!$I:$I,$M$28,订单明细!$D:$D,日订单满足明细!W$3,订单明细!$A:$A,日订单满足明细!$A44),"")
B45: =IFERROR(SUMIFS(订单明细!$K:$K,订单明细!$I:$I,日订单满足明细!$A$28,订单明细!$C:$C,日订单满足明细!$B$30,订单明细!$A:$A,日订单满足明细!$A45)/SUMIFS(订单明细!$J:$J,订单明细!$I:$I,日订单满足明细!$A$28,订单明细!$C:$C,日订单满足明细!$B$30,订单明细!$A:$A,日订单满足明细!$A45),"") | C45: =IFERROR(SUMIFS(订单明细!$K:$K,订单明细!$I:$I,日订单满足明细!$A$28,订单明细!$C:$C,日订单满足明细!$C$30,订单明细!$A:$A,日订单满足明细!$A45)/SUMIFS(订单明细!$J:$J,订单明细!$I:$I,日订单满足明细!$A$28,订单明细!$C:$C,日订单满足明细!$C$30,订单明细!$A:$A,日订单满足明细!$A45),"") | D45: =IFERROR(SUMIFS(订单明细!$K:$K,订单明细!$I:$I,$A$28,订单明细!$D:$D,日订单满足明细!D$3,订单明细!$A:$A,日订单满足明细!$A45)/SUMIFS(订单明细!$J:$J,订单明细!$I:$I,$A$28,订单明细!$D:$D,日订单满足明细!D$3,订单明细!$A:$A,日订单满足明细!$A45),"") | E45: =IFERROR(SUMIFS(订单明细!$K:$K,订单明细!$I:$I,$A$28,订单明细!$D:$D,日订单满足明细!E$3,订单明细!$A:$A,日订单满足明细!$A45)/SUMIFS(订单明细!$J:$J,订单明细!$I:$I,$A$28,订单明细!$D:$D,日订单满足明细!E$3,订单明细!$A:$A,日订单满足明细!$A45),"") | F45: =IFERROR(SUMIFS(订单明细!$K:$K,订单明细!$I:$I,$A$28,订单明细!$D:$D,日订单满足明细!F$3,订单明细!$A:$A,日订单满足明细!$A45)/SUMIFS(订单明细!$J:$J,订单明细!$I:$I,$A$28,订单明细!$D:$D,日订单满足明细!F$3,订单明细!$A:$A,日订单满足明细!$A45),"") | G45: =IFERROR(SUMIFS(订单明细!$K:$K,订单明细!$I:$I,$A$28,订单明细!$D:$D,日订单满足明细!G$3,订单明细!$A:$A,日订单满足明细!$A45)/SUMIFS(订单明细!$J:$J,订单明细!$I:$I,$A$28,订单明细!$D:$D,日订单满足明细!G$3,订单明细!$A:$A,日订单满足明细!$A45),"") | H45: =IFERROR(SUMIFS(订单明细!$K:$K,订单明细!$I:$I,$A$28,订单明细!$D:$D,日订单满足明细!H$3,订单明细!$A:$A,日订单满足明细!$A45)/SUMIFS(订单明细!$J:$J,订单明细!$I:$I,$A$28,订单明细!$D:$D,日订单满足明细!H$3,订单明细!$A:$A,日订单满足明细!$A45),"") | I45: =IFERROR(SUMIFS(订单明细!$K:$K,订单明细!$I:$I,$A$28,订单明细!$D:$D,日订单满足明细!I$3,订单明细!$A:$A,日订单满足明细!$A45)/SUMIFS(订单明细!$J:$J,订单明细!$I:$I,$A$28,订单明细!$D:$D,日订单满足明细!I$3,订单明细!$A:$A,日订单满足明细!$A45),"") | J45: =IFERROR(SUMIFS(订单明细!$K:$K,订单明细!$I:$I,$A$28,订单明细!$D:$D,日订单满足明细!J$3,订单明细!$A:$A,日订单满足明细!$A45)/SUMIFS(订单明细!$J:$J,订单明细!$I:$I,$A$28,订单明细!$D:$D,日订单满足明细!J$3,订单明细!$A:$A,日订单满足明细!$A45),"") | K45: =IFERROR(SUMIFS(订单明细!$K:$K,订单明细!$I:$I,$A$28,订单明细!$D:$D,日订单满足明细!K$3,订单明细!$A:$A,日订单满足明细!$A45)/SUMIFS(订单明细!$J:$J,订单明细!$I:$I,$A$28,订单明细!$D:$D,日订单满足明细!K$3,订单明细!$A:$A,日订单满足明细!$A45),"") | N45: =IFERROR(SUMIFS(订单明细!$K:$K,订单明细!$I:$I,日订单满足明细!$M$28,订单明细!$C:$C,日订单满足明细!$N$30,订单明细!$A:$A,日订单满足明细!$A45)/SUMIFS(订单明细!$J:$J,订单明细!$I:$I,日订单满足明细!$M$28,订单明细!$C:$C,日订单满足明细!$N$30,订单明细!$A:$A,日订单满足明细!$A45),"") | O45: =IFERROR(SUMIFS(订单明细!$K:$K,订单明细!$I:$I,日订单满足明细!$M$28,订单明细!$C:$C,日订单满足明细!$O$30,订单明细!$A:$A,日订单满足明细!$A45)/SUMIFS(订单明细!$J:$J,订单明细!$I:$I,日订单满足明细!$M$28,订单明细!$C:$C,日订单满足明细!$O$30,订单明细!$A:$A,日订单满足明细!$A45),"") | P45: =IFERROR(SUMIFS(订单明细!$K:$K,订单明细!$I:$I,$M$28,订单明细!$D:$D,日订单满足明细!P$3,订单明细!$A:$A,日订单满足明细!$A45)/SUMIFS(订单明细!$J:$J,订单明细!$I:$I,$M$28,订单明细!$D:$D,日订单满足明细!P$3,订单明细!$A:$A,日订单满足明细!$A45),"") | Q45: =IFERROR(SUMIFS(订单明细!$K:$K,订单明细!$I:$I,$M$28,订单明细!$D:$D,日订单满足明细!Q$3,订单明细!$A:$A,日订单满足明细!$A45)/SUMIFS(订单明细!$J:$J,订单明细!$I:$I,$M$28,订单明细!$D:$D,日订单满足明细!Q$3,订单明细!$A:$A,日订单满足明细!$A45),"") | R45: =IFERROR(SUMIFS(订单明细!$K:$K,订单明细!$I:$I,$M$28,订单明细!$D:$D,日订单满足明细!R$3,订单明细!$A:$A,日订单满足明细!$A45)/SUMIFS(订单明细!$J:$J,订单明细!$I:$I,$M$28,订单明细!$D:$D,日订单满足明细!R$3,订单明细!$A:$A,日订单满足明细!$A45),"") | S45: =IFERROR(SUMIFS(订单明细!$K:$K,订单明细!$I:$I,$M$28,订单明细!$D:$D,日订单满足明细!S$3,订单明细!$A:$A,日订单满足明细!$A45)/SUMIFS(订单明细!$J:$J,订单明细!$I:$I,$M$28,订单明细!$D:$D,日订单满足明细!S$3,订单明细!$A:$A,日订单满足明细!$A45),"") | T45: =IFERROR(SUMIFS(订单明细!$K:$K,订单明细!$I:$I,$M$28,订单明细!$D:$D,日订单满足明细!T$3,订单明细!$A:$A,日订单满足明细!$A45)/SUMIFS(订单明细!$J:$J,订单明细!$I:$I,$M$28,订单明细!$D:$D,日订单满足明细!T$3,订单明细!$A:$A,日订单满足明细!$A45),"") | U45: =IFERROR(SUMIFS(订单明细!$K:$K,订单明细!$I:$I,$M$28,订单明细!$D:$D,日订单满足明细!U$3,订单明细!$A:$A,日订单满足明细!$A45)/SUMIFS(订单明细!$J:$J,订单明细!$I:$I,$M$28,订单明细!$D:$D,日订单满足明细!U$3,订单明细!$A:$A,日订单满足明细!$A45),"") | V45: =IFERROR(SUMIFS(订单明细!$K:$K,订单明细!$I:$I,$M$28,订单明细!$D:$D,日订单满足明细!V$3,订单明细!$A:$A,日订单满足明细!$A45)/SUMIFS(订单明细!$J:$J,订单明细!$I:$I,$M$28,订单明细!$D:$D,日订单满足明细!V$3,订单明细!$A:$A,日订单满足明细!$A45),"") | W45: =IFERROR(SUMIFS(订单明细!$K:$K,订单明细!$I:$I,$M$28,订单明细!$D:$D,日订单满足明细!W$3,订单明细!$A:$A,日订单满足明细!$A45)/SUMIFS(订单明细!$J:$J,订单明细!$I:$I,$M$28,订单明细!$D:$D,日订单满足明细!W$3,订单明细!$A:$A,日订单满足明细!$A45),"")
B46: =IFERROR(SUMIFS(订单明细!$K:$K,订单明细!$I:$I,日订单满足明细!$A$28,订单明细!$C:$C,日订单满足明细!$B$30,订单明细!$A:$A,日订单满足明细!$A46)/SUMIFS(订单明细!$J:$J,订单明细!$I:$I,日订单满足明细!$A$28,订单明细!$C:$C,日订单满足明细!$B$30,订单明细!$A:$A,日订单满足明细!$A46),"") | C46: =IFERROR(SUMIFS(订单明细!$K:$K,订单明细!$I:$I,日订单满足明细!$A$28,订单明细!$C:$C,日订单满足明细!$C$30,订单明细!$A:$A,日订单满足明细!$A46)/SUMIFS(订单明细!$J:$J,订单明细!$I:$I,日订单满足明细!$A$28,订单明细!$C:$C,日订单满足明细!$C$30,订单明细!$A:$A,日订单满足明细!$A46),"") | D46: =IFERROR(SUMIFS(订单明细!$K:$K,订单明细!$I:$I,$A$28,订单明细!$D:$D,日订单满足明细!D$3,订单明细!$A:$A,日订单满足明细!$A46)/SUMIFS(订单明细!$J:$J,订单明细!$I:$I,$A$28,订单明细!$D:$D,日订单满足明细!D$3,订单明细!$A:$A,日订单满足明细!$A46),"") | E46: =IFERROR(SUMIFS(订单明细!$K:$K,订单明细!$I:$I,$A$28,订单明细!$D:$D,日订单满足明细!E$3,订单明细!$A:$A,日订单满足明细!$A46)/SUMIFS(订单明细!$J:$J,订单明细!$I:$I,$A$28,订单明细!$D:$D,日订单满足明细!E$3,订单明细!$A:$A,日订单满足明细!$A46),"") | F46: =IFERROR(SUMIFS(订单明细!$K:$K,订单明细!$I:$I,$A$28,订单明细!$D:$D,日订单满足明细!F$3,订单明细!$A:$A,日订单满足明细!$A46)/SUMIFS(订单明细!$J:$J,订单明细!$I:$I,$A$28,订单明细!$D:$D,日订单满足明细!F$3,订单明细!$A:$A,日订单满足明细!$A46),"") | G46: =IFERROR(SUMIFS(订单明细!$K:$K,订单明细!$I:$I,$A$28,订单明细!$D:$D,日订单满足明细!G$3,订单明细!$A:$A,日订单满足明细!$A46)/SUMIFS(订单明细!$J:$J,订单明细!$I:$I,$A$28,订单明细!$D:$D,日订单满足明细!G$3,订单明细!$A:$A,日订单满足明细!$A46),"") | H46: =IFERROR(SUMIFS(订单明细!$K:$K,订单明细!$I:$I,$A$28,订单明细!$D:$D,日订单满足明细!H$3,订单明细!$A:$A,日订单满足明细!$A46)/SUMIFS(订单明细!$J:$J,订单明细!$I:$I,$A$28,订单明细!$D:$D,日订单满足明细!H$3,订单明细!$A:$A,日订单满足明细!$A46),"") | I46: =IFERROR(SUMIFS(订单明细!$K:$K,订单明细!$I:$I,$A$28,订单明细!$D:$D,日订单满足明细!I$3,订单明细!$A:$A,日订单满足明细!$A46)/SUMIFS(订单明细!$J:$J,订单明细!$I:$I,$A$28,订单明细!$D:$D,日订单满足明细!I$3,订单明细!$A:$A,日订单满足明细!$A46),"") | J46: =IFERROR(SUMIFS(订单明细!$K:$K,订单明细!$I:$I,$A$28,订单明细!$D:$D,日订单满足明细!J$3,订单明细!$A:$A,日订单满足明细!$A46)/SUMIFS(订单明细!$J:$J,订单明细!$I:$I,$A$28,订单明细!$D:$D,日订单满足明细!J$3,订单明细!$A:$A,日订单满足明细!$A46),"") | K46: =IFERROR(SUMIFS(订单明细!$K:$K,订单明细!$I:$I,$A$28,订单明细!$D:$D,日订单满足明细!K$3,订单明细!$A:$A,日订单满足明细!$A46)/SUMIFS(订单明细!$J:$J,订单明细!$I:$I,$A$28,订单明细!$D:$D,日订单满足明细!K$3,订单明细!$A:$A,日订单满足明细!$A46),"") | N46: =IFERROR(SUMIFS(订单明细!$K:$K,订单明细!$I:$I,日订单满足明细!$M$28,订单明细!$C:$C,日订单满足明细!$N$30,订单明细!$A:$A,日订单满足明细!$A46)/SUMIFS(订单明细!$J:$J,订单明细!$I:$I,日订单满足明细!$M$28,订单明细!$C:$C,日订单满足明细!$N$30,订单明细!$A:$A,日订单满足明细!$A46),"") | O46: =IFERROR(SUMIFS(订单明细!$K:$K,订单明细!$I:$I,日订单满足明细!$M$28,订单明细!$C:$C,日订单满足明细!$O$30,订单明细!$A:$A,日订单满足明细!$A46)/SUMIFS(订单明细!$J:$J,订单明细!$I:$I,日订单满足明细!$M$28,订单明细!$C:$C,日订单满足明细!$O$30,订单明细!$A:$A,日订单满足明细!$A46),"") | P46: =IFERROR(SUMIFS(订单明细!$K:$K,订单明细!$I:$I,$M$28,订单明细!$D:$D,日订单满足明细!P$3,订单明细!$A:$A,日订单满足明细!$A46)/SUMIFS(订单明细!$J:$J,订单明细!$I:$I,$M$28,订单明细!$D:$D,日订单满足明细!P$3,订单明细!$A:$A,日订单满足明细!$A46),"") | Q46: =IFERROR(SUMIFS(订单明细!$K:$K,订单明细!$I:$I,$M$28,订单明细!$D:$D,日订单满足明细!Q$3,订单明细!$A:$A,日订单满足明细!$A46)/SUMIFS(订单明细!$J:$J,订单明细!$I:$I,$M$28,订单明细!$D:$D,日订单满足明细!Q$3,订单明细!$A:$A,日订单满足明细!$A46),"") | R46: =IFERROR(SUMIFS(订单明细!$K:$K,订单明细!$I:$I,$M$28,订单明细!$D:$D,日订单满足明细!R$3,订单明细!$A:$A,日订单满足明细!$A46)/SUMIFS(订单明细!$J:$J,订单明细!$I:$I,$M$28,订单明细!$D:$D,日订单满足明细!R$3,订单明细!$A:$A,日订单满足明细!$A46),"") | S46: =IFERROR(SUMIFS(订单明细!$K:$K,订单明细!$I:$I,$M$28,订单明细!$D:$D,日订单满足明细!S$3,订单明细!$A:$A,日订单满足明细!$A46)/SUMIFS(订单明细!$J:$J,订单明细!$I:$I,$M$28,订单明细!$D:$D,日订单满足明细!S$3,订单明细!$A:$A,日订单满足明细!$A46),"") | T46: =IFERROR(SUMIFS(订单明细!$K:$K,订单明细!$I:$I,$M$28,订单明细!$D:$D,日订单满足明细!T$3,订单明细!$A:$A,日订单满足明细!$A46)/SUMIFS(订单明细!$J:$J,订单明细!$I:$I,$M$28,订单明细!$D:$D,日订单满足明细!T$3,订单明细!$A:$A,日订单满足明细!$A46),"") | U46: =IFERROR(SUMIFS(订单明细!$K:$K,订单明细!$I:$I,$M$28,订单明细!$D:$D,日订单满足明细!U$3,订单明细!$A:$A,日订单满足明细!$A46)/SUMIFS(订单明细!$J:$J,订单明细!$I:$I,$M$28,订单明细!$D:$D,日订单满足明细!U$3,订单明细!$A:$A,日订单满足明细!$A46),"") | V46: =IFERROR(SUMIFS(订单明细!$K:$K,订单明细!$I:$I,$M$28,订单明细!$D:$D,日订单满足明细!V$3,订单明细!$A:$A,日订单满足明细!$A46)/SUMIFS(订单明细!$J:$J,订单明细!$I:$I,$M$28,订单明细!$D:$D,日订单满足明细!V$3,订单明细!$A:$A,日订单满足明细!$A46),"") | W46: =IFERROR(SUMIFS(订单明细!$K:$K,订单明细!$I:$I,$M$28,订单明细!$D:$D,日订单满足明细!W$3,订单明细!$A:$A,日订单满足明细!$A46)/SUMIFS(订单明细!$J:$J,订单明细!$I:$I,$M$28,订单明细!$D:$D,日订单满足明细!W$3,订单明细!$A:$A,日订单满足明细!$A46),"")
